-- phpMyAdmin SQL Dump
-- version 4.8.4
-- https://www.phpmyadmin.net/
--
-- Host: 127.0.0.1
-- Generation Time: Feb 04, 2023 at 12:09 AM
-- Server version: 10.1.37-MariaDB
-- PHP Version: 7.3.0

SET SQL_MODE = "NO_AUTO_VALUE_ON_ZERO";
SET AUTOCOMMIT = 0;
START TRANSACTION;
SET time_zone = "+00:00";


/*!40101 SET @OLD_CHARACTER_SET_CLIENT=@@CHARACTER_SET_CLIENT */;
/*!40101 SET @OLD_CHARACTER_SET_RESULTS=@@CHARACTER_SET_RESULTS */;
/*!40101 SET @OLD_COLLATION_CONNECTION=@@COLLATION_CONNECTION */;
/*!40101 SET NAMES utf8mb4 */;

--
-- Database: `multivendor`
--

-- --------------------------------------------------------

--
-- Table structure for table `attributes`
--

CREATE TABLE `attributes` (
  `attributes_id` int(11) NOT NULL,
  `attributes_name` varchar(100) DEFAULT NULL,
  `attribute_code` text,
  `created_by` int(11) NOT NULL,
  `modified_by` int(11) NOT NULL,
  `created` timestamp NOT NULL DEFAULT CURRENT_TIMESTAMP ON UPDATE CURRENT_TIMESTAMP,
  `modified` timestamp NOT NULL DEFAULT '0000-00-00 00:00:00',
  `is_active` tinyint(1) NOT NULL DEFAULT '1'
) ENGINE=InnoDB DEFAULT CHARSET=latin1;

--
-- Dumping data for table `attributes`
--

INSERT INTO `attributes` (`attributes_id`, `attributes_name`, `attribute_code`, `created_by`, `modified_by`, `created`, `modified`, `is_active`) VALUES
(1, 'S', '', 1, 0, '2022-08-02 22:03:09', '0000-00-00 00:00:00', 1),
(2, 'M', '', 1, 0, '2022-08-02 22:04:51', '0000-00-00 00:00:00', 1),
(3, 'L', '', 1, 0, '2022-08-02 22:04:57', '0000-00-00 00:00:00', 1),
(4, 'XL', '', 1, 0, '2022-08-02 22:05:02', '0000-00-00 00:00:00', 1),
(5, 'XXL', '', 1, 1, '2022-08-02 13:05:46', '2022-08-02 22:05:46', 1),
(6, 'RED', '#D0312D', 1, 0, '2022-12-08 04:01:31', '0000-00-00 00:00:00', 1),
(7, 'YELLOW', '#FFFF00', 1, 0, '2022-11-17 12:50:37', '0000-00-00 00:00:00', 1),
(8, 'PINK', '#F699CD', 1, 0, '2022-12-08 04:02:22', '0000-00-00 00:00:00', 1),
(9, 'BLUE', '#3944BC', 1, 0, '2022-11-17 12:51:04', '0000-00-00 00:00:00', 1),
(10, 'BLACK', '#000000', 1, 0, '2023-01-11 23:35:27', '0000-00-00 00:00:00', 1),
(11, 'WHITE', '#FFFFFF', 1, 0, '2023-01-11 23:35:12', '0000-00-00 00:00:00', 1),
(12, 'OARNAGE', '#ED7014', 1, 0, '2022-11-17 12:51:49', '0000-00-00 00:00:00', 1),
(13, 'BROWN', '#231709', 1, 0, '2022-11-17 12:52:27', '0000-00-00 00:00:00', 1),
(14, 'COTTON', '', 1, 0, '2022-08-02 22:16:05', '0000-00-00 00:00:00', 1),
(15, 'POLYESTER', '', 1, 0, '2022-08-02 22:16:24', '0000-00-00 00:00:00', 1),
(16, 'SILK', '', 1, 0, '2022-08-02 22:16:35', '0000-00-00 00:00:00', 1),
(17, 'BAMBOO', '', 1, 0, '2022-08-02 22:16:46', '0000-00-00 00:00:00', 1),
(18, 'HEMP', '', 1, 0, '2022-08-02 22:16:55', '0000-00-00 00:00:00', 1),
(19, 'WOOL', '', 1, 0, '2022-08-02 22:17:02', '0000-00-00 00:00:00', 1),
(20, 'LINEN', '', 1, 0, '2022-08-02 22:17:10', '0000-00-00 00:00:00', 1),
(21, 'KHADI', '', 1, 0, '2022-08-02 22:17:50', '0000-00-00 00:00:00', 1),
(22, 'DENIM', '', 1, 0, '2022-08-02 22:18:02', '0000-00-00 00:00:00', 1),
(23, 'SATIN', '', 1, 0, '2022-08-02 22:18:19', '0000-00-00 00:00:00', 1),
(24, 'ORGANZA', '', 1, 0, '2022-08-02 22:18:43', '0000-00-00 00:00:00', 1),
(25, 'CREPE', '', 1, 0, '2022-08-02 22:18:57', '0000-00-00 00:00:00', 1),
(26, 'GEORGETTE', '', 1, 0, '2022-08-02 22:19:19', '0000-00-00 00:00:00', 1),
(27, 'CANVAS', '', 1, 0, '2022-08-02 22:19:31', '0000-00-00 00:00:00', 1),
(28, 'CHIFFON', '', 1, 0, '2022-08-02 22:20:25', '0000-00-00 00:00:00', 1),
(29, 'JERSEY', '', 1, 0, '2022-08-02 22:21:06', '0000-00-00 00:00:00', 1),
(30, 'POLY-COTTON BLEND', '', 1, 0, '2022-08-02 22:21:45', '0000-00-00 00:00:00', 1),
(31, 'LYCRA', '', 1, 0, '2022-08-02 22:22:12', '0000-00-00 00:00:00', 1),
(32, 'TWILL', '', 1, 0, '2022-08-02 22:23:25', '0000-00-00 00:00:00', 1),
(33, 'HALF SLEEVE', '', 1, 0, '2022-08-02 22:26:22', '0000-00-00 00:00:00', 1),
(34, 'LONG SLEEVE', '', 1, 0, '2022-08-02 22:26:33', '0000-00-00 00:00:00', 1),
(35, 'POLO COLLAR', '', 1, 0, '2022-08-02 22:26:41', '0000-00-00 00:00:00', 1),
(36, 'V-NECK', '', 1, 0, '2022-08-02 22:26:49', '0000-00-00 00:00:00', 1),
(37, 'WIDE NECK', '', 1, 0, '2022-08-02 22:26:58', '0000-00-00 00:00:00', 1),
(38, 'YOKE NECK', '', 1, 0, '2022-08-02 22:27:09', '0000-00-00 00:00:00', 1),
(39, 'DOUCHE BAG NECK', '', 1, 0, '2022-08-02 22:27:19', '0000-00-00 00:00:00', 1),
(40, 'HENLEY COLLAR', '', 1, 0, '2022-08-02 22:27:26', '0000-00-00 00:00:00', 1),
(41, 'BASEBALL', '', 1, 0, '2022-08-02 22:27:34', '0000-00-00 00:00:00', 1),
(42, 'RAGLAN SLEEVE', '', 1, 0, '2022-08-02 22:27:41', '0000-00-00 00:00:00', 1),
(43, 'TURTLE NECK', '', 1, 0, '2022-08-02 22:27:49', '0000-00-00 00:00:00', 1),
(44, 'RINGER', '', 1, 0, '2022-08-02 22:27:58', '0000-00-00 00:00:00', 1),
(45, 'CAP SLEEVE', '', 1, 0, '2022-08-02 22:28:06', '0000-00-00 00:00:00', 1),
(46, 'CHEST/SHOULDER FIT', '', 1, 0, '2022-08-02 22:30:08', '0000-00-00 00:00:00', 1),
(47, 'NECK FIT', '', 1, 0, '2022-08-02 22:30:18', '0000-00-00 00:00:00', 1),
(48, 'SLEEVE FIT', '', 1, 0, '2022-08-02 22:30:28', '0000-00-00 00:00:00', 1),
(49, 'WAIST FIT', '', 1, 0, '2022-08-02 22:30:36', '0000-00-00 00:00:00', 1),
(50, 'SLIM FIT.', '', 1, 0, '2022-08-02 22:31:35', '0000-00-00 00:00:00', 1),
(51, 'REGULAR FIT.', '', 1, 0, '2022-08-02 22:31:45', '0000-00-00 00:00:00', 1),
(52, 'SKINNY FIT', '', 1, 0, '2022-08-02 22:31:58', '0000-00-00 00:00:00', 1),
(53, '24', '', 1, 1, '2022-11-21 15:09:04', '2022-11-21 15:09:04', 1),
(54, '26', '', 1, 1, '2022-11-21 15:09:01', '2022-11-21 15:09:01', 1),
(55, '28', '', 1, 1, '2022-11-21 15:08:58', '2022-11-21 15:08:58', 1),
(56, '30', '', 1, 1, '2022-11-21 15:08:55', '2022-11-21 15:08:55', 1),
(57, '40', '', 1, 1, '2022-11-21 15:08:52', '2022-11-21 15:08:52', 1),
(58, '42', '', 1, 1, '2022-11-21 15:08:38', '2022-11-21 15:08:38', 1),
(59, '44', '', 1, 1, '2022-11-21 15:08:34', '2022-11-21 15:08:34', 1),
(60, '46', '', 1, 1, '2022-11-21 15:08:17', '2022-11-21 15:08:17', 1),
(61, '2 GB', '', 1, 0, '2022-08-02 22:39:57', '0000-00-00 00:00:00', 1),
(62, '4 GB', '', 1, 0, '2022-08-02 22:40:07', '0000-00-00 00:00:00', 1),
(63, '8 GB', '', 1, 0, '2022-08-02 22:40:14', '0000-00-00 00:00:00', 1),
(64, '16 GB', '', 1, 0, '2022-08-02 22:40:21', '0000-00-00 00:00:00', 1),
(65, '32 GB', '', 1, 0, '2022-08-02 22:40:30', '0000-00-00 00:00:00', 1),
(66, '216 GB', '', 1, 0, '2022-08-02 22:40:43', '0000-00-00 00:00:00', 1),
(67, '512 GB', '', 1, 0, '2022-08-02 22:40:50', '0000-00-00 00:00:00', 1),
(68, '1 TB', '', 1, 0, '2022-08-03 00:34:48', '0000-00-00 00:00:00', 1),
(69, '1.5 TB', '', 1, 0, '2022-08-03 00:34:55', '0000-00-00 00:00:00', 1),
(70, '2 TB', '', 1, 0, '2022-08-03 00:35:02', '0000-00-00 00:00:00', 1),
(71, '4 TB', '', 1, 0, '2022-08-03 00:35:10', '0000-00-00 00:00:00', 1),
(72, '5 TB', '', 1, 0, '2022-08-03 00:35:15', '0000-00-00 00:00:00', 1),
(73, 'G', '', 1, 0, '2022-08-03 00:56:49', '0000-00-00 00:00:00', 1),
(74, 'KG', '', 1, 0, '2022-08-03 00:56:59', '0000-00-00 00:00:00', 1),
(75, 'ML', '', 1, 0, '2022-08-03 00:57:11', '0000-00-00 00:00:00', 1),
(76, 'LTR', '', 1, 1, '2022-09-01 11:55:13', '2022-09-01 11:55:13', 1),
(77, 'SINGLE', '', 1, 0, '2022-08-23 13:08:44', '0000-00-00 00:00:00', 1),
(78, 'DOUBLE', '', 1, 0, '2022-08-23 13:08:51', '0000-00-00 00:00:00', 1),
(79, 'KING', '', 1, 0, '2022-08-23 13:08:58', '0000-00-00 00:00:00', 1),
(80, 'QUEEN', '', 1, 1, '2022-09-01 11:55:08', '2022-09-01 11:55:08', 1),
(81, 'CHERRY RED', '#990F02', 1, 0, '2022-11-17 15:51:24', '0000-00-00 00:00:00', 1),
(82, 'ROSE', '#E3242B', 1, 0, '2022-11-17 15:51:24', '0000-00-00 00:00:00', 1),
(83, 'WINE', '#4E0707', 1, 0, '2022-11-17 15:51:24', '0000-00-00 00:00:00', 1),
(84, 'BRICK', '#7E2811', 1, 0, '2022-11-17 15:51:24', '0000-00-00 00:00:00', 1),
(85, 'BLUSH RED', '#BC544B', 1, 0, '2022-11-17 15:51:24', '0000-00-00 00:00:00', 1),
(86, 'MAROON', '#800000', 1, 0, '2022-11-17 15:51:24', '0000-00-00 00:00:00', 1),
(87, 'BURGUNDY', '#8D021F', 1, 0, '2022-11-17 15:51:24', '0000-00-00 00:00:00', 1),
(88, 'MERIGOLD', '#FCAE1E', 1, 0, '2022-11-17 15:51:24', '0000-00-00 00:00:00', 1),
(89, 'RUST', '#b7410e', 1, 0, '2022-11-29 15:48:26', '0000-00-00 00:00:00', 1),
(90, 'GINGER', '#BE5504', 1, 0, '2022-11-17 15:51:24', '0000-00-00 00:00:00', 1),
(91, 'BRONZE', '#B2560D', 1, 0, '2022-11-17 15:51:24', '0000-00-00 00:00:00', 1),
(92, 'HONEY', '#EC9706', 1, 0, '2022-11-17 15:51:24', '0000-00-00 00:00:00', 1),
(93, 'CARROT', '#ED7117', 1, 0, '2022-11-17 15:51:24', '0000-00-00 00:00:00', 1),
(94, 'DARK ORANGE', '#FF8C00', 1, 0, '2022-11-17 15:51:24', '0000-00-00 00:00:00', 1),
(95, 'ORANGE-RED', '#FF4500', 1, 0, '2022-11-17 15:51:24', '0000-00-00 00:00:00', 1),
(96, 'METALLIC ORANGE', '#E26310', 1, 0, '2022-11-17 15:51:24', '0000-00-00 00:00:00', 1),
(97, 'ROYAL ORANGE', '#FF9944', 1, 0, '2022-11-17 15:51:24', '0000-00-00 00:00:00', 1),
(98, 'ASTEL ORANGE', '#FEBA4F', 1, 0, '2022-11-17 15:51:24', '0000-00-00 00:00:00', 1),
(99, 'TAN', '#E6DBAC', 1, 0, '2022-11-17 15:51:24', '0000-00-00 00:00:00', 1),
(100, 'BEIGE', '#EEDC9A', 1, 0, '2022-11-17 15:51:24', '0000-00-00 00:00:00', 1),
(101, 'MACAROON', '#F9E076', 1, 0, '2022-11-17 15:51:24', '0000-00-00 00:00:00', 1),
(102, 'LEMON YELLOW', '#FDFF00', 1, 0, '2022-11-17 15:51:24', '0000-00-00 00:00:00', 1),
(103, 'HAZELNUT', '#BDA55D', 1, 0, '2022-11-17 15:51:24', '0000-00-00 00:00:00', 1),
(104, 'CLOVER LIME', '#FCE883', 1, 0, '2022-11-17 15:51:24', '0000-00-00 00:00:00', 1),
(105, 'CLOVER LIME', '#FCE883', 1, 0, '2022-11-17 15:51:24', '0000-00-00 00:00:00', 1),
(106, 'GOLD', '#FFD700', 1, 0, '2022-11-17 15:51:24', '0000-00-00 00:00:00', 1),
(107, 'BRIGHT YELLOW', '#FFFD01', 1, 0, '2022-11-17 15:51:24', '0000-00-00 00:00:00', 1),
(108, 'MUSTARD', '#FEDC56', 1, 0, '2022-11-17 15:51:24', '0000-00-00 00:00:00', 1),
(109, 'GREEN', '#7A4988', 1, 0, '2022-11-17 15:51:24', '0000-00-00 00:00:00', 1),
(110, 'LIME', '#AEF359', 1, 0, '2022-11-17 15:51:24', '0000-00-00 00:00:00', 1),
(111, 'SLATE', '#757C88', 1, 0, '2022-11-17 15:51:24', '0000-00-00 00:00:00', 1),
(112, 'SKY', '#63C5DA', 1, 0, '2022-11-17 15:51:24', '0000-00-00 00:00:00', 1),
(113, 'NAVY', '#0A1172', 1, 0, '2022-11-17 15:51:24', '0000-00-00 00:00:00', 1),
(114, 'INDIGO', '#281E5D', 1, 0, '2022-11-17 15:51:24', '0000-00-00 00:00:00', 1),
(115, 'TEAL', '#48AAAD', 1, 0, '2022-11-17 15:51:24', '0000-00-00 00:00:00', 1),
(116, 'PURPLE', '#A32CC4', 1, 0, '2022-11-17 15:51:24', '0000-00-00 00:00:00', 1),
(117, 'DARK VIOLET', '#710193', 1, 0, '2022-11-17 15:51:24', '0000-00-00 00:00:00', 1),
(118, 'MAGENTA', '#8B008B', 1, 0, '2022-11-17 15:51:24', '0000-00-00 00:00:00', 1),
(119, 'FLAMINGO', '#FDA4BA', 1, 0, '2022-11-17 15:51:24', '0000-00-00 00:00:00', 1),
(120, 'PEACH', '#FC9483', 1, 0, '2022-11-17 15:51:24', '0000-00-00 00:00:00', 1),
(121, 'STRAWBERRY', '#FC4C4E', 1, 0, '2022-11-17 15:51:24', '0000-00-00 00:00:00', 1),
(122, 'LIGHT PINK', '#FFB6C1', 1, 0, '2022-11-17 15:51:24', '0000-00-00 00:00:00', 1),
(123, 'PASTEL PINK', '#FFD1DC', 1, 0, '2022-11-17 15:51:24', '0000-00-00 00:00:00', 1),
(124, 'ROASTED COFFEE', '#4B371C', 1, 0, '2022-11-17 15:51:24', '0000-00-00 00:00:00', 1),
(125, 'PEANUT BROWN', '#795C34', 1, 0, '2022-11-17 15:51:24', '0000-00-00 00:00:00', 1),
(126, 'COFFEE', '#6F4E37', 1, 0, '2022-11-17 15:51:24', '0000-00-00 00:00:00', 1),
(127, 'DARK BROWN', '#654321', 1, 0, '2022-11-17 15:51:24', '0000-00-00 00:00:00', 1),
(128, 'GOLDEN BROWN', '#996515', 1, 0, '2022-11-17 15:51:24', '0000-00-00 00:00:00', 1),
(129, 'KHAKI', '#C3B091', 1, 0, '2022-11-17 15:51:24', '0000-00-00 00:00:00', 1),
(130, 'LIGHT BROWN', '#B5651D', 1, 0, '2022-11-17 15:51:24', '0000-00-00 00:00:00', 1),
(131, 'CHARCOAL', '#28231D', 1, 0, '2022-11-17 15:51:24', '0000-00-00 00:00:00', 1),
(132, 'GRAY ', '#808080', 1, 0, '2022-11-17 15:51:24', '0000-00-00 00:00:00', 1),
(133, 'LightGrey', '#D3D3D3', 1, 0, '2022-11-17 15:51:24', '0000-00-00 00:00:00', 1),
(134, 'DarkGray', '#A9A9A9', 1, 0, '2022-11-17 15:51:24', '0000-00-00 00:00:00', 1),
(135, 'PEARL', '#FBFCF8', 1, 0, '2022-11-17 15:51:24', '0000-00-00 00:00:00', 1),
(136, 'CREAM', '#FFFADA', 1, 0, '2022-11-17 15:51:24', '0000-00-00 00:00:00', 1),
(137, 'IVORY', '#FFFFF0', 1, 0, '2022-11-17 15:51:24', '0000-00-00 00:00:00', 1),
(138, 'NEW BORN(0-3M)', '', 1, 1, '2023-01-12 00:27:06', '2023-01-12 05:57:06', 1),
(139, '3-6M', '', 1, 0, '2022-11-25 15:54:18', '0000-00-00 00:00:00', 1),
(140, '6-9M', '', 1, 1, '2022-11-25 15:55:16', '2022-11-25 15:55:16', 1),
(141, '9-12M', '', 1, 0, '2022-11-25 15:55:27', '0000-00-00 00:00:00', 1),
(142, '1Y-3Y', '', 1, 0, '2022-11-25 15:57:19', '0000-00-00 00:00:00', 1),
(143, '3Y-4Y', '', 1, 0, '2022-11-25 15:58:34', '0000-00-00 00:00:00', 1),
(144, '4Y-5Y', '', 1, 0, '2022-11-25 15:58:43', '0000-00-00 00:00:00', 1),
(145, '5Y-7Y', '', 1, 0, '2022-11-25 15:58:53', '0000-00-00 00:00:00', 1),
(146, '7Y-8Y', '', 1, 0, '2022-11-25 15:59:20', '0000-00-00 00:00:00', 1),
(147, '9Y-10Y', '', 1, 0, '2022-11-25 15:59:32', '0000-00-00 00:00:00', 1),
(148, '10Y-11Y', '', 1, 0, '2022-11-25 15:59:48', '0000-00-00 00:00:00', 1),
(149, '11Y-12Y', '', 1, 0, '2022-11-25 15:59:56', '0000-00-00 00:00:00', 1),
(150, '12Y+', '', 1, 0, '2022-11-25 16:00:07', '0000-00-00 00:00:00', 1),
(151, '32', '', 1, 0, '2022-11-28 14:45:18', '0000-00-00 00:00:00', 1),
(152, '34', '', 1, 0, '2022-11-28 14:45:25', '0000-00-00 00:00:00', 1),
(153, '36', '', 1, 0, '2022-11-28 14:45:30', '0000-00-00 00:00:00', 1),
(154, '38', '', 1, 0, '2022-11-28 14:45:36', '0000-00-00 00:00:00', 1),
(155, 'NEW BORN', '', 1, 0, '2023-01-11 06:44:01', '0000-00-00 00:00:00', 1);

-- --------------------------------------------------------

--
-- Table structure for table `blog`
--

CREATE TABLE `blog` (
  `blog_id` int(11) NOT NULL COMMENT 'unique id to identify the row of this table',
  `blog_title` text COMMENT 'title of the blog',
  `short_code` text,
  `blog_author` varchar(45) DEFAULT NULL COMMENT 'owner of the blog',
  `blog_date` timestamp NULL DEFAULT NULL COMMENT 'date of the blog',
  `blog_image` varchar(45) DEFAULT NULL COMMENT 'image of the blog',
  `short_description` text NOT NULL,
  `description` text COMMENT 'content of the blog',
  `meta_title` varchar(255) DEFAULT NULL,
  `meta_description` text,
  `meta_keyword` text,
  `created_by` int(11) DEFAULT NULL COMMENT 'id of user who inserted this data',
  `modified_by` int(11) DEFAULT NULL COMMENT 'id of user who updated this data',
  `created` timestamp NOT NULL DEFAULT CURRENT_TIMESTAMP COMMENT 'data inserted date',
  `modified` timestamp NOT NULL DEFAULT CURRENT_TIMESTAMP ON UPDATE CURRENT_TIMESTAMP COMMENT 'data updated date',
  `is_active` tinyint(1) NOT NULL DEFAULT '1' COMMENT 'field Is Active'
) ENGINE=InnoDB DEFAULT CHARSET=latin1 COMMENT='blog details';

-- --------------------------------------------------------

--
-- Table structure for table `brand`
--

CREATE TABLE `brand` (
  `brand_id` int(9) NOT NULL,
  `brand_name` varchar(100) NOT NULL,
  `short_code` varchar(100) NOT NULL,
  `brand_logo` text,
  `created_by` int(9) NOT NULL,
  `modified_by` int(9) NOT NULL,
  `created` timestamp NOT NULL DEFAULT CURRENT_TIMESTAMP,
  `modified` timestamp NOT NULL DEFAULT '0000-00-00 00:00:00' ON UPDATE CURRENT_TIMESTAMP,
  `is_active` tinyint(1) NOT NULL DEFAULT '1'
) ENGINE=InnoDB DEFAULT CHARSET=latin1;

--
-- Dumping data for table `brand`
--

INSERT INTO `brand` (`brand_id`, `brand_name`, `short_code`, `brand_logo`, `created_by`, `modified_by`, `created`, `modified`, `is_active`) VALUES
(1, 'DELL', 'dell', '', 1, 0, '2022-08-23 15:05:05', '0000-00-00 00:00:00', 1),
(2, 'ACER', 'acer', '', 1, 0, '2022-08-23 15:05:19', '0000-00-00 00:00:00', 1),
(3, 'LG', 'lg', '', 1, 0, '2022-08-23 15:05:26', '0000-00-00 00:00:00', 1),
(4, 'HP', 'hp', '', 1, 0, '2022-08-23 15:05:32', '0000-00-00 00:00:00', 1),
(5, 'SAMSUNG', 'samsung', '', 1, 0, '2022-08-23 15:05:39', '0000-00-00 00:00:00', 1),
(6, 'ONEPLUS', 'oneplus', '', 1, 0, '2022-08-23 15:06:50', '0000-00-00 00:00:00', 1),
(7, 'boAT', 'boat', '', 1, 0, '2022-08-23 15:07:08', '0000-00-00 00:00:00', 1),
(8, 'APPLE', 'apple', '', 1, 0, '2022-08-23 15:07:45', '0000-00-00 00:00:00', 1),
(9, 'REDMI', 'redmi', '', 1, 0, '2022-08-23 15:07:57', '0000-00-00 00:00:00', 1),
(10, 'MI', 'mi', '', 1, 0, '2022-08-23 15:08:01', '0000-00-00 00:00:00', 1),
(11, 'ADDIDAS', 'addidas', '', 1, 0, '2022-08-23 15:08:56', '0000-00-00 00:00:00', 1),
(12, 'Allen Solly', 'allen-solly', 'brand_11.png', 1, 1, '2022-08-23 15:09:35', '2023-01-03 04:12:20', 1),
(13, 'MAX', 'max', 'killer8.png', 1, 1, '2022-08-23 15:13:39', '2023-01-03 04:07:00', 1),
(14, 'NIKE', 'nike', '', 1, 0, '2022-08-23 15:13:45', '0000-00-00 00:00:00', 1),
(15, 'PUMA', 'puma', '', 1, 0, '2022-08-23 15:13:52', '0000-00-00 00:00:00', 1),
(16, 'GINI & JONY', 'gini-&-jony', 'brand_3.png', 1, 1, '2022-08-23 15:14:08', '2023-01-12 05:41:19', 1),
(17, 'HERE&NOW', 'here&now', 'killer17.png', 1, 1, '2022-08-23 15:14:32', '2023-01-03 04:09:56', 1),
(18, 'United Colors of Benetton', 'united-colors-of-benetton', 'brand_71.png', 1, 1, '2022-08-23 15:15:17', '2023-01-12 05:43:32', 1),
(19, 'KILLER', 'killer', '', 1, 0, '2022-08-23 15:15:31', '0000-00-00 00:00:00', 1),
(20, 'Pepe Jeans', 'pepe-jeans', 'brand_5.png', 1, 1, '2022-08-23 15:15:43', '2023-01-12 05:41:41', 1),
(21, 'Pantaloons', 'pantaloons', 'brand_4.png', 1, 1, '2022-08-23 15:16:24', '2023-01-12 05:42:32', 1),
(22, 'WOW', 'wow', '', 1, 0, '2022-08-23 15:16:39', '0000-00-00 00:00:00', 1),
(23, 'Skechers', 'skechers', '', 1, 0, '2022-08-23 15:17:21', '0000-00-00 00:00:00', 1),
(24, 'RED CHIEF', 'red-chief', '', 1, 0, '2022-08-23 15:17:29', '0000-00-00 00:00:00', 1),
(25, 'WOODLAND', 'woodland', '', 1, 0, '2022-08-23 15:17:38', '0000-00-00 00:00:00', 1),
(26, 'LEE COOPER', 'lee-cooper', 'killer12.png', 1, 1, '2022-08-23 15:17:47', '2023-01-03 04:08:27', 1),
(27, 'WROGN', 'wrogn', 'brand_2.png', 1, 1, '2022-08-23 15:17:54', '2023-01-12 05:40:32', 1),
(28, 'Bata', 'bata', '', 1, 0, '2022-08-23 15:18:02', '0000-00-00 00:00:00', 1),
(29, 'Sparx', 'sparx', '', 1, 0, '2022-08-23 15:18:22', '0000-00-00 00:00:00', 1),
(30, 'Roadster', 'roadster', 'brand_61.jpg', 1, 1, '2022-08-23 15:18:40', '2023-01-12 05:43:05', 1),
(31, 'TP-Link', 'tp-link', '', 1, 0, '2022-08-23 15:21:06', '0000-00-00 00:00:00', 1),
(32, 'Huawei', 'huawei', '', 1, 0, '2022-08-23 15:21:16', '0000-00-00 00:00:00', 1),
(33, 'NETGEAR', 'netgear', '', 1, 0, '2022-08-23 15:21:26', '0000-00-00 00:00:00', 1),
(34, 'D-Link', 'd-link', '', 1, 0, '2022-08-23 15:21:44', '0000-00-00 00:00:00', 1),
(35, 'SANDISK', 'sandisk', '', 1, 0, '2022-08-23 15:22:16', '0000-00-00 00:00:00', 1),
(36, 'D-Link', 'd-link', '', 1, 0, '2022-08-23 15:22:44', '0000-00-00 00:00:00', 1),
(37, 'ZEBRONICS', 'zebronics', '', 1, 0, '2022-08-23 15:22:51', '0000-00-00 00:00:00', 1),
(38, 'Lenovo', 'lenovo', '', 1, 0, '2022-08-23 15:23:05', '0000-00-00 00:00:00', 1),
(39, 'PHILIPS', 'philips', '', 1, 0, '2022-08-23 15:23:36', '0000-00-00 00:00:00', 1),
(40, 'iball', 'iball', '', 1, 0, '2022-08-23 15:24:07', '0000-00-00 00:00:00', 1),
(41, 'Seagate', 'seagate', '', 1, 0, '2022-08-23 15:26:53', '0000-00-00 00:00:00', 1),
(42, 'Ampire', 'ampire', '', 1, 0, '2022-08-23 15:28:39', '0000-00-00 00:00:00', 1),
(43, 'Aquire', 'aquire', '', 1, 0, '2022-08-23 15:28:49', '0000-00-00 00:00:00', 1),
(44, 'Titan', 'titan', '', 1, 0, '2022-08-23 15:28:56', '0000-00-00 00:00:00', 1),
(45, 'Insleep', 'insleep', '', 1, 0, '2022-08-23 15:32:10', '0000-00-00 00:00:00', 1),
(46, 'FLO', 'flo', '', 1, 0, '2022-08-23 15:32:47', '0000-00-00 00:00:00', 1),
(47, 'Tata', 'tata', '', 1, 0, '2022-08-23 15:36:00', '0000-00-00 00:00:00', 1),
(48, 'Maggi', 'maggi', '', 1, 0, '2022-08-23 15:36:08', '0000-00-00 00:00:00', 1),
(49, 'FORTUNE', 'fortune', '', 1, 0, '2022-08-23 15:36:15', '0000-00-00 00:00:00', 1),
(50, 'Happilo', 'happilo', '', 1, 0, '2022-08-23 15:36:22', '0000-00-00 00:00:00', 1),
(51, 'Aashirvaad', 'aashirvaad', '', 1, 0, '2022-08-23 15:36:30', '0000-00-00 00:00:00', 1),
(52, 'Mother Dairy', 'mother-dairy', '', 1, 0, '2022-08-23 15:36:38', '0000-00-00 00:00:00', 1),
(53, 'Saffola', 'saffola', '', 1, 0, '2022-08-23 15:36:46', '0000-00-00 00:00:00', 1),
(54, 'DABUR', 'dabur', '', 1, 0, '2022-08-23 15:37:53', '0000-00-00 00:00:00', 1),
(55, 'BOURNVITA', 'bournvita', '', 1, 0, '2022-08-23 15:38:05', '0000-00-00 00:00:00', 1),
(56, 'PARLE', 'parle', '', 1, 0, '2022-08-23 15:38:12', '0000-00-00 00:00:00', 1),
(57, 'Everest', 'everest', '', 1, 0, '2022-08-23 15:40:13', '0000-00-00 00:00:00', 1),
(58, 'Unibic', 'unibic', '', 1, 0, '2022-08-23 15:42:05', '0000-00-00 00:00:00', 1),
(59, 'Sunfeast', 'sunfeast', '', 1, 0, '2022-08-23 15:42:18', '0000-00-00 00:00:00', 1),
(60, 'Britannia', 'britannia', '', 1, 0, '2022-08-23 15:42:28', '0000-00-00 00:00:00', 1),
(61, 'Oreo', 'oreo', '', 1, 0, '2022-08-23 15:42:36', '0000-00-00 00:00:00', 1),
(62, 'VIVO', 'vivo', '', 1, 0, '2022-08-26 10:14:16', '0000-00-00 00:00:00', 1),
(63, 'VEGA', 'vega', '', 1, 1, '2022-08-26 11:08:41', '2022-08-26 15:26:02', 1),
(64, 'Nihar Naturals', 'nihar-naturals', '', 1, 0, '2022-08-26 11:55:13', '0000-00-00 00:00:00', 1),
(65, 'TRESemme', 'tresemme', '', 1, 0, '2022-08-26 12:09:45', '0000-00-00 00:00:00', 1),
(66, 'Panasonic', 'panasonic', '', 1, 1, '2022-08-26 12:21:47', '2022-11-23 15:14:53', 1),
(67, 'Urbano Fashion', 'urbano-fashion', 'killer4.png', 1, 1, '2022-11-26 11:42:44', '2023-01-03 04:05:56', 1),
(68, 'Dennis Lingo', 'dennis-lingo', 'brand_7.png', 1, 1, '2022-11-26 12:31:29', '2023-01-12 05:41:09', 1),
(69, 'Nautica', 'nautica', 'killer9.png', 1, 1, '2022-11-28 15:18:00', '2023-01-03 04:07:09', 1),
(70, 'KISAH', 'kisah', 'killer11.png', 1, 1, '2022-11-28 15:54:56', '2023-01-03 04:07:56', 1),
(71, 'Jompers', 'jompers', 'killer14.png', 1, 1, '2022-11-28 15:55:07', '2023-01-03 04:09:00', 1),
(72, 'KALINI', 'kalini', 'killer15.png', 1, 1, '2022-11-29 12:38:36', '2023-01-03 04:09:11', 1),
(73, 'Khushal K', 'khushal-k', 'killer13.png', 1, 1, '2022-11-29 12:38:56', '2023-01-03 04:08:46', 1),
(74, 'Indo Era', 'indo-era', 'killer.png', 1, 1, '2022-11-29 12:39:07', '2022-12-13 05:41:27', 1),
(75, 'FASHOR', 'fashor', '', 1, 0, '2022-11-29 12:39:23', '0000-00-00 00:00:00', 1),
(76, 'Varanga', 'varanga', '', 1, 0, '2022-11-29 12:39:40', '0000-00-00 00:00:00', 1),
(77, 'Anouk', 'anouk', '', 1, 0, '2022-11-29 12:39:55', '0000-00-00 00:00:00', 1),
(78, 'Libas', 'libas', '', 1, 0, '2022-11-29 12:40:25', '0000-00-00 00:00:00', 1),
(79, 'GERUA', 'gerua', '', 1, 0, '2022-11-29 12:40:53', '0000-00-00 00:00:00', 1),
(80, 'Jaipur Kurti', 'jaipur-kurti', 'killer16.png', 999, 1, '2022-11-29 15:33:38', '2023-01-03 04:09:39', 1),
(81, 'Vishudh', 'vishudh', 'killer3.png', 999, 1, '2022-11-29 15:40:05', '2023-01-03 04:05:14', 1),
(82, 'La Zoire', 'la-zoire', 'killer2.png', 999, 1, '2022-11-29 15:46:22', '2023-01-03 04:05:06', 1),
(83, 'MABISH by Sonal Jain', 'mabish-by-sonal-jain', 'killer1.png', 999, 1, '2022-11-29 15:50:52', '2023-01-03 04:04:59', 1),
(84, 'Johnson & Johnson', 'johnson-johnson', 'VntPU1dU_400x4002.jpg', 2, 1, '2023-01-13 22:53:38', '2023-01-16 18:50:52', 1);

-- --------------------------------------------------------

--
-- Table structure for table `category`
--

CREATE TABLE `category` (
  `category_id` int(9) NOT NULL,
  `category_name` varchar(100) NOT NULL,
  `short_code` varchar(100) NOT NULL,
  `parent_category_id` int(11) DEFAULT NULL,
  `child_category` text,
  `hierarchy` text,
  `brand_id` varchar(100) DEFAULT NULL,
  `element_id` text,
  `top_menu` tinyint(1) DEFAULT NULL,
  `menu_position` int(5) DEFAULT NULL,
  `description` text,
  `category_image` text,
  `return_or_replace` text,
  `return_replace_validity` text,
  `policy_covers` text,
  `return_policy` longtext,
  `created_by` int(9) NOT NULL,
  `modified_by` int(9) NOT NULL,
  `created` timestamp NOT NULL DEFAULT CURRENT_TIMESTAMP,
  `modified` timestamp NOT NULL DEFAULT '0000-00-00 00:00:00' ON UPDATE CURRENT_TIMESTAMP,
  `is_active` tinyint(1) NOT NULL DEFAULT '1'
) ENGINE=InnoDB DEFAULT CHARSET=latin1;

--
-- Dumping data for table `category`
--

INSERT INTO `category` (`category_id`, `category_name`, `short_code`, `parent_category_id`, `child_category`, `hierarchy`, `brand_id`, `element_id`, `top_menu`, `menu_position`, `description`, `category_image`, `return_or_replace`, `return_replace_validity`, `policy_covers`, `return_policy`, `created_by`, `modified_by`, `created`, `modified`, `is_active`) VALUES
(1, 'Men', 'men', 0, '4,5,6,7,8', '1', '', '1,2,3,4,5,6', 0, 0, 'Men', 'T-shirt_mens1.jpg', 'return,replace', '7', 'Lorem ipsum dolor sit amet, consectetur adipiscing elit,', '<p>Lorem ipsum dolor sit amet, consectetur adipiscing elit,Lorem ipsum dolor sit amet, consectetur adipiscing elit,</p>', 1, 999, '2022-11-25 14:45:14', '2023-01-05 06:18:00', 1),
(2, 'Women', 'women', 0, '22,23', '2', '', '1,2,6', 0, 0, 'Women', 'tops1.jpg', 'return,replace', '7', 'Lorem ipsum dolor sit amet, consectetur adipiscing elit,', '<p>Lorem ipsum dolor sit amet, consectetur adipiscing elit,</p><p>Lorem ipsum dolor sit amet, consectetur adipiscing elit,</p>', 1, 0, '2022-11-25 14:46:15', '2022-11-25 16:14:18', 1),
(3, 'Kids', 'kids', 0, '37,38', '3', '', '1,2,10', 0, 0, 'kids', 'kids_hoddy.webp', 'return,replace', '10', 'Lorem ipsum dolor sit amet, consectetur adipiscing elit,', '<p>Lorem ipsum dolor sit amet, consectetur adipiscing elit,</p><p>Lorem ipsum dolor sit amet, consectetur adipiscing elit,</p><p>Lorem ipsum dolor sit amet, consectetur adipiscing elit,</p>', 1, 1, '2022-11-25 14:46:57', '2022-11-25 16:14:20', 1),
(4, 'Topwear', 'men-topwear', 1, '9,10,11,12', '1,4', '', '', 0, 0, 'Topwear', 'mens_vest1.webp', '', '', '', '', 1, 0, '2022-11-25 14:47:52', '2022-11-25 14:51:40', 1),
(5, 'Bottomwear', 'men-bottomwear', 1, '13,14,15,16,17', '1,5', '', '', 0, 0, 'Bottomwear', 'mens_shorts.jpg', '', '', '', '', 1, 0, '2022-11-25 14:48:20', '2022-11-25 14:54:37', 1),
(6, 'Indian & Festive Wear', 'men-indian-festive-wear', 1, '18,19', '1,6', '', '', 0, 0, 'Indian & Festive Wear', 'mens_suits.jpg', '', '', '', '', 1, 0, '2022-11-25 14:49:05', '2022-11-25 14:58:35', 1),
(7, 'Sports & Active Wear', 'men-sports-active-wear', 1, '20,21', '1,7', '', '', 0, 0, 'Sports & Active Wear', 'mens_vest2.webp', '', '', '', '', 1, 0, '2022-11-25 14:49:41', '2022-11-25 15:00:42', 1),
(8, 'Innerwear & Sleepwear', 'men-innerwear-sleepwear', 1, '', '1,8', '', '', 0, 0, 'Innerwear & Sleepwear', 'mens_singlet.webp', '', '', '', '', 1, 0, '2022-11-25 14:50:12', '2022-11-25 14:50:12', 1),
(9, 'T-Shirts', 'topwear-t-shirts', 4, '', '1,4,9', '', '', 0, 0, 'T-Shirts', 'T-shirt_mens2.jpg', '', '', '', '', 1, 0, '2022-11-25 14:50:32', '2022-11-25 14:50:32', 1),
(10, 'Casual Shirts', 'topwear-casual-shirts', 4, '', '1,4,10', '', '', 0, 0, 'Casual Shirts', 'mens_shirt1.jfif', '', '', '', '', 1, 0, '2022-11-25 14:50:52', '2022-11-25 14:50:52', 1),
(11, 'Formal Shirts', 'topwear-formal-shirts', 4, '', '1,4,11', '', '', 0, 0, 'Formal Shirts', 'mens_shirt2.jfif', '', '', '', '', 1, 0, '2022-11-25 14:51:17', '2022-11-25 14:51:17', 1),
(12, 'Sweatshirts', 'topwear-sweatshirts', 4, '', '1,4,12', '', '', 0, 0, 'Sweatshirts', 'T-shirt_mens3.jpg', '', '', '', '', 1, 0, '2022-11-25 14:51:40', '2022-11-25 14:51:40', 1),
(13, 'Jeans', 'bottomwear-jeans', 5, '', '1,5,13', '', '', 0, 0, 'Jeans', 'mens_jeans1.webp', '', '', '', '', 1, 0, '2022-11-25 14:52:27', '2022-11-25 14:52:27', 1),
(14, 'Casual Trousers', 'bottomwear-casual-trousers', 5, '', '1,5,14', '', '', 0, 0, 'Casual Trousers', 'mens_jeans2.webp', '', '', '', '', 1, 0, '2022-11-25 14:52:55', '2022-11-25 14:52:55', 1),
(15, 'Formal Trousers', 'bottomwear-formal-trousers', 5, '', '1,5,15', '', '', 0, 0, 'Formal Trousers', 'mens_jeans3.webp', '', '', '', '', 1, 0, '2022-11-25 14:53:19', '2022-11-25 14:53:19', 1),
(16, 'Shorts', 'bottomwear-shorts', 5, '', '1,5,16', '', '', 0, 0, 'Shorts', 'mens_shorts1.jpg', '', '', '', '', 1, 0, '2022-11-25 14:53:46', '2022-11-25 14:53:46', 1),
(17, 'Track Pants & Joggers', 'bottomwear-track-pants-joggers', 5, '', '1,5,17', '', '', 0, 0, 'Track Pants & Joggers', 'means_boxer.jpg', '', '', '', '', 1, 1, '2022-11-25 14:54:19', '2022-11-25 14:54:37', 1),
(18, 'Kurtas & Kurta Sets', 'indian-festive-wear-kurtas-kurta-sets', 6, '', '1,6,18', '', '', 0, 0, 'Kurtas & Kurta Sets', 'kurta.png', '', '', '', '', 1, 0, '2022-11-25 14:58:16', '2022-11-25 14:58:16', 1),
(19, 'Sherwanis', 'indian-festive-wear-sherwanis', 6, '', '1,6,19', '', '', 0, 0, 'Sherwanis', 'kurta1.png', '', '', '', '', 1, 0, '2022-11-25 14:58:35', '2022-11-25 14:58:35', 1),
(20, 'Track Pants & Shorts', 'sports-active-wear-track-pants-shorts', 7, '', '1,7,20', '', '', 0, 0, 'Track Pants & Shorts', 'mens_shorts2.jpg', '', '', '', '', 1, 0, '2022-11-25 15:00:19', '2022-11-25 15:00:19', 1),
(21, 'Active T-Shirts', 'sports-active-wear-active-t-shirts', 7, '', '1,7,21', '', '', 0, 0, 'Active T-Shirts', 'mens_vest3.webp', '', '', '', '', 1, 0, '2022-11-25 15:00:42', '2022-11-25 15:00:42', 1),
(22, 'Indian & Fusion Wear', 'women-indian-fusion-wear', 2, '24,25,26,27,28', '2,22', '', '', 0, 0, 'Indian & Fusion Wear', 'CP3QYwA7WkGZtmtlODPxYlK6GcXuHmTDsFIKimTh.jpeg', '', '', '', '', 1, 0, '2022-11-25 15:01:16', '2022-11-25 15:49:28', 1),
(23, 'Western Wear', 'women-western-wear', 2, '29,30,31,32,33,34,35,36', '2,23', '', '', 0, 0, 'Western Wear', 'tops2.jpg', '', '', '', '', 1, 0, '2022-11-25 15:01:38', '2022-11-25 15:52:32', 1),
(24, 'Kurtas & Suits', 'indian-fusion-wear-kurtas-suits', 22, '', '2,22,24', '', '', 0, 0, 'Kurtas & Suits', 'CP3QYwA7WkGZtmtlODPxYlK6GcXuHmTDsFIKimTh1.jpeg', '', '', '', '', 1, 0, '2022-11-25 15:45:12', '2022-11-25 15:45:12', 1),
(25, 'Tunics & Tops', 'indian-fusion-wear-tunics-tops', 22, '', '2,22,25', '', '', 0, 0, 'Tunics & Tops', 'tops3.jpg', '', '', '', '', 1, 0, '2022-11-25 15:45:38', '2022-11-25 15:45:38', 1),
(26, 'Sarees', 'indian-fusion-wear-sarees', 22, '', '2,22,26', '', '', 0, 0, 'Sarees', 'sarees1.jpg', '', '', '', '', 1, 0, '2022-11-25 15:45:56', '2022-11-25 15:45:56', 1),
(27, 'Ethnic Wear', 'indian-fusion-wear-ethnic-wear', 22, '', '2,22,27', '', '', 0, 0, 'Ethnic Wear', 'CP3QYwA7WkGZtmtlODPxYlK6GcXuHmTDsFIKimTh2.jpeg', '', '', '', '', 1, 0, '2022-11-25 15:46:21', '2022-11-25 15:46:21', 1),
(28, 'Leggings, Salwars & Churidars', 'indian-fusion-wear-leggings-salwars-churidars', 22, '', '2,22,28', '', '', 0, 0, 'Leggings, Salwars & Churidars', 'CP3QYwA7WkGZtmtlODPxYlK6GcXuHmTDsFIKimTh3.jpeg', '', '', '', '', 1, 0, '2022-11-25 15:49:28', '2022-11-25 15:49:28', 1),
(29, 'Tshirts', 'western-wear-tshirts', 23, '', '2,23,29', '', '', 0, 0, 'Tshirts', 'tops4.jpg', '', '', '', '', 1, 0, '2022-11-25 15:50:05', '2022-11-25 15:50:05', 1),
(30, 'Jeans', 'western-wear-jeans', 23, '', '2,23,30', '', '', 0, 0, 'Jeans', 'tights.jpg', '', '', '', '', 1, 0, '2022-11-25 15:50:22', '2022-11-25 15:50:22', 1),
(31, 'Shorts & Skirts', 'western-wear-shorts-skirts', 23, '', '2,23,31', '', '', 0, 0, 'Shorts & Skirts', 'shorts_night_wear.webp', '', '', '', '', 1, 0, '2022-11-25 15:50:53', '2022-11-25 15:50:53', 1),
(32, 'Trousers & Capris', 'western-wear-trousers-capris', 23, '', '2,23,32', '', '', 0, 0, 'Trousers & Capris', 'leggins.webp', '', '', '', '', 1, 0, '2022-11-25 15:51:18', '2022-11-25 15:51:18', 1),
(33, 'Jumpsuits', 'western-wear-jumpsuits', 23, '', '2,23,33', '', '', 0, 0, 'Jumpsuits', 'vvoza_512.jpg', '', '', '', '', 1, 0, '2022-11-25 15:51:36', '2022-11-25 15:51:36', 1),
(34, 'Sweaters & Sweatshirts', 'western-wear-sweaters-sweatshirts', 23, '', '2,23,34', '', '', 0, 0, 'Sweaters & Sweatshirts', '2a5d2b95-5362-4832-b796-421626026f591628071207813-Roadster-Women-Shirts-9511628071207201-1.jpg', '', '', '', '', 1, 0, '2022-11-25 15:52:00', '2022-11-25 15:52:00', 1),
(35, 'Jackets & Coats', 'western-wear-jackets-coats', 23, '', '2,23,35', '', '', 0, 0, 'Jackets & Coats', '2a5d2b95-5362-4832-b796-421626026f591628071207813-Roadster-Women-Shirts-9511628071207201-11.jpg', '', '', '', '', 1, 0, '2022-11-25 15:52:18', '2022-11-25 15:52:18', 1),
(36, 'Blazers & Waistcoats', 'western-wear-blazers-waistcoats', 23, '', '2,23,36', '', '', 0, 0, 'Blazers & Waistcoats', '2a5d2b95-5362-4832-b796-421626026f591628071207813-Roadster-Women-Shirts-9511628071207201-12.jpg', '', '', '', '', 1, 0, '2022-11-25 15:52:32', '2022-11-25 15:52:32', 1),
(37, 'Boys', 'kids-boys', 3, '39,40,41,42,43,44,45,46,59,61,62,65,67,69', '3,37', '', '', 0, 0, 'Boys', 'kids_jeans.webp', '', '', '', '', 1, 0, '2022-11-25 16:06:37', '2023-01-12 05:04:20', 1),
(38, 'Girls', 'kids-girls', 3, '47,48,49,50,51,52,53,54,55,56,57,58,60,63,64,66,68', '3,38', '', '', 0, 0, 'kids', 'kids_jacket1.webp', '', '', '', '', 1, 0, '2022-11-25 16:07:58', '2023-01-12 05:04:09', 1),
(39, 'T-Shirts', 'boys-t-shirts', 37, '', '3,37,39', '', '', 0, 0, 'T-Shirts', 'kids_tshirt1.jpg', '', '', '', '', 1, 0, '2022-11-25 16:09:15', '2022-11-25 16:09:15', 1),
(40, 'Shirts', 'boys-shirts', 37, '', '3,37,40', '', '', 0, 0, 'Shirts', 'kids_shirt.webp', '', '', '', '', 1, 0, '2022-11-25 16:09:34', '2022-11-25 16:09:34', 1),
(41, 'Shorts', 'boys-shorts', 37, '', '3,37,41', '', '', 0, 0, 'Shorts', 'kids_tshirt2.jpg', '', '', '', '', 1, 0, '2022-11-25 16:09:55', '2022-11-25 16:09:55', 1),
(42, 'Jeans', 'boys-jeans', 37, '', '3,37,42', '', '', 0, 0, 'Jeans', 'kids_jeans1.webp', '', '', '', '', 1, 0, '2022-11-25 16:10:13', '2022-11-25 16:10:13', 1),
(43, 'Ethnic Wear', 'boys-ethnic-wear', 37, '', '3,37,43', '', '', 0, 0, 'Ethnic Wear', 'kids_traditional_wear.webp', '', '', '', '', 1, 0, '2022-11-25 16:10:30', '2022-11-25 16:10:30', 1),
(44, 'Party Wear', 'boys-party-wear', 37, '', '3,37,44', '', '', 0, 0, 'Party Wear', 'kids_jeans2.webp', '', '', '', '', 1, 0, '2022-11-25 16:10:49', '2022-11-25 16:10:49', 1),
(45, 'Track Pants & Pyjamas', 'boys-track-pants-pyjamas', 37, '', '3,37,45', '', '', 0, 0, 'Track Pants & Pyjamas', 'kids_trackpants.webp', '', '', '', '', 1, 0, '2022-11-25 16:11:14', '2022-11-25 16:11:14', 1),
(46, 'Trousers', 'boys-trousers', 37, '', '3,37,46', '', '', 0, 0, 'Trousers', 'kids_shirt1.webp', '', '', '', '', 1, 0, '2022-11-25 16:11:41', '2022-11-25 16:11:41', 1),
(47, 'Dresses', 'girls-dresses', 38, '', '3,38,47', '', '', 0, 0, 'Dresses', 'kids_jacket2.webp', '', '', '', '', 1, 0, '2022-11-25 16:19:24', '2022-11-25 16:19:24', 1),
(48, 'Tops', 'girls-tops', 38, '', '3,38,48', '', '', 0, 0, 'Tops', 'kids_jacket3.webp', '', '', '', '', 1, 0, '2022-11-25 16:19:42', '2022-11-25 16:19:42', 1),
(49, 'Tshirts', 'girls-tshirts', 38, '', '3,38,49', '', '', 0, 0, 'Tshirts', 'kids_jacket4.webp', '', '', '', '', 1, 0, '2022-11-25 16:20:03', '2022-11-25 16:20:03', 1),
(50, 'Kurta Sets', 'girls-kurta-sets', 38, '', '3,38,50', '', '', 0, 0, 'Kurta Sets', 'kids_jacket5.webp', '', '', '', '', 1, 0, '2022-11-25 16:21:32', '2022-11-25 16:21:32', 1),
(51, 'Party wear', 'girls-party-wear', 38, '', '3,38,51', '', '', 0, 0, 'Party wear', 'kids_jacket6.webp', '', '', '', '', 1, 0, '2022-11-25 16:21:54', '2022-11-25 16:21:54', 1),
(52, 'Dungarees & Jumpsuits', 'girls-dungarees-jumpsuits', 38, '', '3,38,52', '', '', 0, 0, 'Dungarees & Jumpsuits', 'kids_jacket7.webp', '', '', '', '', 1, 0, '2022-11-25 16:22:09', '2022-11-25 16:22:09', 1),
(53, 'Skirts & shorts', 'girls-skirts-shorts', 38, '', '3,38,53', '', '', 0, 0, 'Skirts & shorts', 'kids_jacket8.webp', '', '', '', '', 1, 0, '2022-11-25 16:22:26', '2022-11-25 16:22:26', 1),
(54, 'Jeans, Trousers & Capris', 'girls-jeans-trousers-capris', 38, '', '3,38,54', '', '', 0, 0, 'Jeans, Trousers & Capris', 'kids_jacket9.webp', '', '', '', '', 1, 0, '2022-11-25 16:22:45', '2022-11-25 16:22:45', 1),
(55, 'Jacket, Sweater & Sweatshirts', 'girls-jacket-sweater-sweatshirts', 38, '', '3,38,55', '', '', 0, 0, 'Jacket, Sweater & Sweatshirts', 'kids_jacket10.webp', '', '', '', '', 1, 0, '2022-11-25 16:23:04', '2022-11-25 16:23:04', 1),
(56, 'Innerwear & Thermals', 'girls-innerwear-thermals', 38, '', '3,38,56', '', '', 0, 0, 'Innerwear & Thermals', 'kids_jacket11.webp', '', '', '', '', 1, 0, '2022-11-25 16:23:21', '2022-11-25 16:23:21', 1),
(57, 'Tights & Leggings', 'girls-tights-leggings', 38, '', '3,38,57', '', '', 0, 0, 'Tights & Leggings', 'kids_jacket12.webp', '', '', '', '', 1, 0, '2022-11-25 16:23:37', '2022-11-25 16:23:37', 1),
(58, 'New Born', 'girls-new-born', 38, '', '3,38,58', '', '', 0, 0, 'New Born', 'new_born_oic.webp', '', '', '', '', 1, 0, '2023-01-12 10:30:29', '2023-01-12 05:00:29', 1),
(59, 'New Born', 'boys-new-born', 37, '', '3,37,59', '', '', 0, 0, 'New Born', 'new_born_oic1.webp', '', '', '', '', 1, 0, '2023-01-12 10:30:47', '2023-01-12 05:00:47', 1),
(60, 'Infant', 'girls-infant', 38, '', '3,38,60', '', '', 0, 0, 'Infant', 'new_born_oic2.webp', '', '', '', '', 1, 0, '2023-01-12 10:31:18', '2023-01-12 05:01:18', 1),
(61, 'Infant', 'boys-infant', 37, '', '3,37,61', '', '', 0, 0, 'Infant', 'new_born_oic3.webp', '', '', '', '', 1, 0, '2023-01-12 10:31:28', '2023-01-12 05:01:28', 1),
(62, 'Toddler', 'boys-toddler', 37, '', '3,37,62', '', '', 0, 0, 'Toddler', 'new_born_oic4.webp', '', '', '', '', 1, 0, '2023-01-12 10:32:17', '2023-01-12 05:02:17', 1),
(63, 'Toddler', 'girls-toddler', 38, '', '3,38,63', '', '', 0, 0, 'Toddler', 'new_born_oic5.webp', '', '', '', '', 1, 1, '2023-01-12 10:32:27', '2023-01-12 10:32:40', 1),
(64, 'Child', 'girls-child', 38, '', '3,38,64', '', '', 0, 0, 'Child', 'new_born_oic6.webp', '', '', '', '', 1, 0, '2023-01-12 10:33:05', '2023-01-12 05:03:05', 1),
(65, 'Child', 'boys-child', 37, '', '3,37,65', '', '', 0, 0, 'Child', 'new_born_oic7.webp', '', '', '', '', 1, 0, '2023-01-12 10:33:17', '2023-01-12 05:03:17', 1),
(66, 'Teen', 'girls-teen', 38, '', '3,38,66', '', '', 0, 0, 'Teen', 'new_born_oic8.webp', '', '', '', '', 1, 0, '2023-01-12 10:33:42', '2023-01-12 05:03:42', 1),
(67, 'Teen', 'boys-teen', 37, '', '3,37,67', '', '', 0, 0, 'Teen', 'new_born_oic9.webp', '', '', '', '', 1, 0, '2023-01-12 10:33:53', '2023-01-12 05:03:53', 1),
(68, 'Tween', 'girls-tween', 38, '', '3,38,68', '', '', 0, 0, 'Tween', 'new_born_oic10.webp', '', '', '', '', 1, 0, '2023-01-12 10:34:09', '2023-01-12 05:04:09', 1),
(69, 'Tween', 'boys-tween', 37, '', '3,37,69', '', '', 0, 0, 'Tween', 'new_born_oic11.webp', '', '', '', '', 1, 0, '2023-01-12 10:34:20', '2023-01-12 05:04:20', 1);

-- --------------------------------------------------------

--
-- Table structure for table `coupon`
--

CREATE TABLE `coupon` (
  `coupon_id` int(11) NOT NULL,
  `coupon_title` text COLLATE utf8_bin,
  `coupon_code` varchar(50) COLLATE utf8_bin NOT NULL,
  `coupon_amount` float DEFAULT '0',
  `purchase_amount` float DEFAULT '0',
  `start_date` date DEFAULT NULL,
  `expiry_date` date DEFAULT NULL,
  `description` text COLLATE utf8_bin,
  `created_by` int(11) DEFAULT NULL,
  `updated_by` int(10) DEFAULT NULL,
  `create_at` datetime NOT NULL DEFAULT CURRENT_TIMESTAMP,
  `update_at` datetime DEFAULT NULL ON UPDATE CURRENT_TIMESTAMP,
  `is_active` tinyint(1) NOT NULL DEFAULT '1'
) ENGINE=InnoDB DEFAULT CHARSET=utf8 COLLATE=utf8_bin;

--
-- Dumping data for table `coupon`
--

INSERT INTO `coupon` (`coupon_id`, `coupon_title`, `coupon_code`, `coupon_amount`, `purchase_amount`, `start_date`, `expiry_date`, `description`, `created_by`, `updated_by`, `create_at`, `update_at`, `is_active`) VALUES
(1, 'Rs. 200 off on minimum purchase of Rs. 799 .', 'MV200', 200, 799, '2022-08-01', '2022-08-31', '', 1, 1, '2022-08-20 01:51:14', '2023-01-21 00:03:40', 1),
(2, 'Rs. 100 off on minimum purchase of Rs. 599 .', 'MV100', 100, 599, '2022-08-02', '2022-08-23', 'test', 1, 1, '2022-08-20 18:58:41', '2023-01-21 00:04:06', 1);

-- --------------------------------------------------------

--
-- Table structure for table `customer_address`
--

CREATE TABLE `customer_address` (
  `address_id` int(5) NOT NULL,
  `customer_id` int(5) NOT NULL,
  `first_name` varchar(45) DEFAULT NULL,
  `last_name` varchar(45) DEFAULT NULL,
  `email` varchar(100) DEFAULT NULL,
  `mobile` varchar(13) DEFAULT NULL,
  `address` text,
  `city` varchar(45) DEFAULT NULL,
  `state` varchar(100) DEFAULT NULL,
  `pincode` int(11) DEFAULT NULL,
  `country` varchar(50) DEFAULT NULL,
  `address_type` varchar(100) DEFAULT NULL,
  `set_default` int(11) DEFAULT '0',
  `created_by` int(5) DEFAULT NULL,
  `modified_by` int(5) DEFAULT NULL,
  `created` timestamp NULL DEFAULT CURRENT_TIMESTAMP,
  `modified` timestamp NOT NULL DEFAULT '0000-00-00 00:00:00' ON UPDATE CURRENT_TIMESTAMP,
  `is_active` tinyint(1) NOT NULL DEFAULT '1'
) ENGINE=InnoDB DEFAULT CHARSET=latin1;

--
-- Dumping data for table `customer_address`
--

INSERT INTO `customer_address` (`address_id`, `customer_id`, `first_name`, `last_name`, `email`, `mobile`, `address`, `city`, `state`, `pincode`, `country`, `address_type`, `set_default`, `created_by`, `modified_by`, `created`, `modified`, `is_active`) VALUES
(5, 2, 'dainik', 'tandel', 'sagarvsl6@gmail.com', '7894561238', '10-abc,xyz,pqr', 'vapi', 'Gujarat', 396001, 'India', 'home', 1, 2, 0, '2022-09-09 13:00:00', '2022-09-14 11:53:23', 1),
(20, 1, 'Roshni', 'Mistry', 'mistryroshni13@gmil.com', '08866594677', 'test,30 valsad', 'valsad', 'Haryana', 3963001, 'India', 'home', 1, 1, 0, '2022-09-20 13:00:00', '2022-09-23 11:22:39', 1),
(21, 1, 'Sagar', 'vslsix', 'sagarvsl6@gmail.com', '7894561234', 'test\n\nApt', 'City', 'Dhofar Governorate', 396001, 'Oman', 'work', 0, 1, 0, '2022-09-20 13:00:00', '2022-09-23 11:22:39', 1),
(22, 3, 'Dainik 44', 'Tandel', 'dainik.tandel@proactii.com', '8866123853', 'peram street umbergaon', 'umbergaon', 'Gujarat', 396170, 'India', 'Home', 0, 0, 0, '2022-12-21 04:32:56', '0000-00-00 00:00:00', 1),
(23, 10, 'Dainik 44', 'Tandel', 'dainik.tandel@proactii.com', '8866123853', 'peram street umbergaon', 'umbergaon', 'Gujarat', 396170, 'India', 'Home', 0, 0, 0, '2022-12-21 04:33:04', '0000-00-00 00:00:00', 1),
(24, 6, 'Dainik 44', 'Tandel', 'dainik.tandel@proactii.com', '8866123853', 'peram street umbergaon', 'umbergaon', 'Gujarat', 396170, 'India', 'Home', 0, 0, 0, '2022-12-21 04:33:53', '2022-12-21 05:22:43', 2),
(25, 6, 'Dainik 55', 'Tandel', 'dainik.tandel@proactii.com', '8866123853', 'peram street umbergaon', 'umbergaon', 'Gujarat', 396170, 'India', 'Home', 0, 0, 0, '2022-12-21 04:49:05', '2022-12-21 05:24:50', 2),
(26, 6, 'Dainik 66', 'Tandel', 'dainik.tandel@proactii.com', '8866123853', 'peram street umbergaon', 'umbergaon', 'Gujarat', 396170, 'India', 'Home', 0, 0, 0, '2022-12-21 05:03:17', '2022-12-21 22:21:00', 2),
(27, 6, 'Dainik 66', 'Tandel', 'dainik.tandel@proactii.com', '8866123853', 'peram street umbergaon', 'umbergaon', 'Gujarat', 396170, 'India', 'Home', 0, 0, 0, '2022-12-21 05:24:50', '2022-12-21 05:35:03', 2),
(28, 6, 'Dainik 66', 'Tandel', 'dainik.tandel@proactii.com', '8866123853', 'peram street umbergaon', 'umbergaon', 'Gujarat', 396170, 'India', 'Home', 0, 0, 0, '2022-12-21 05:25:22', '2022-12-21 05:35:02', 2),
(29, 6, 'Dainik 66', 'Tandel', 'dainik.tandel@proactii.com', '8866123853', 'peram street umbergaon', 'umbergaon', 'Gujarat', 396170, 'India', 'Home', 0, 0, 0, '2022-12-21 05:32:12', '2022-12-21 05:35:53', 2),
(30, 6, 'Dainik 66', 'Tandel', 'dainik.tandel@proactii.com', '8866123853', 'peram street umbergaon', 'umbergaon', 'Gujarat', 396170, 'India', 'Home', 0, 0, 0, '2022-12-21 05:35:53', '2022-12-22 00:44:50', 2),
(31, 6, 'Dainik 66', 'Tandel', '', '8866123853', 'peram street umbergaon', 'umbergaon', 'Gujarat', 396170, 'India', 'Home', 0, 0, 0, '2022-12-22 00:44:50', '2022-12-22 01:37:09', 2),
(32, 6, 'satishd', 'pateld', '', '1234561111', 'swadhay nanad roadz z', 'pardigvs', 'Donegal', 54848, 'Ireland', 'Home', 0, 0, 0, '2022-12-22 01:12:52', '2022-12-22 02:53:43', 2),
(33, 6, 'satish', 'patel', '', '1234561111', 'swadhay nanad road', 'pardi', 'Gujarat', 196234, 'India', 'Office', 0, 0, 0, '2022-12-22 01:34:17', '2022-12-22 01:37:00', 2),
(34, 6, 'test', 'user', '', '1278453690', 'test address', 'udwasa', 'Grodno Region', 963125, 'Belarus', 'Office', 0, 0, 0, '2022-12-22 02:49:29', '2022-12-22 02:54:22', 2),
(35, 6, 'sati', 'otl', '', '1234567890', 'twhs', 'svs', 'Gujarat', 9449, 'India', 'Home', 0, 0, 0, '2022-12-22 02:54:22', '2022-12-22 03:48:14', 2),
(36, 6, 'Dainik 66', 'Tandel', '', '8866123853', 'peram street umbergaon', 'umbergaon', 'Gujarat', 396170, 'India', 'Home', 0, 0, 0, '2022-12-22 03:47:40', '2022-12-22 03:58:11', 2),
(37, 6, 'tet', 'gsgs', '', '4554646364', 'vvz', 'gg', 'Saint Mary Parish', 5767, 'Antigua And Barbuda', 'Office', 0, 0, 0, '2022-12-22 03:55:49', '2022-12-22 03:59:03', 2),
(38, 6, 'test', 'user', '', '2134879974', 'hh', 'gg', 'Shirak Region', 6446, 'Armenia', 'Home', 0, 0, 0, '2022-12-22 03:59:03', '2022-12-22 04:00:22', 2),
(39, 6, 'Dainik 66', 'Tandel', '', '8866123853', 'peram street umbergaon', 'umbergaon', 'Gujarat', 396170, 'India', 'Home', 0, 0, 0, '2022-12-22 03:59:10', '2022-12-22 04:00:03', 2),
(40, 6, 'Dainik 66', 'Tandel', '', '8866123853', 'peram street umbergaon', 'umbergaon', 'Gujarat', 396170, 'India', 'Home', 0, 0, 0, '2022-12-22 03:59:38', '2022-12-22 04:13:30', 2),
(41, 6, '1262', 'ggga', '', '123456780', 'vdv', 'vs', 'Gegharkunik Province', 9549, 'Armenia', 'Home', 0, 0, 0, '2022-12-22 04:14:09', '2022-12-22 05:44:02', 2),
(42, 6, 'er', 'ty', '', '3665555556', 'fg', 'fr', 'Moxico Province', 22, 'Angola', 'Home', 0, 0, 0, '2022-12-22 04:29:29', '2022-12-22 05:16:29', 2),
(43, 6, 'Dainik 66', 'Tandel', '', '8866123853', 'peram street umbergaon', 'umbergaon', 'Gujarat', 396170, 'India', 'Home', 0, 0, 0, '2022-12-22 05:19:47', '2022-12-22 05:41:07', 2),
(44, 6, 'Dainik 66', 'Tandel', '', '8866123853', 'peram street umbergaon', 'umbergaon', 'Gujarat', 396170, 'India', 'Home', 0, 0, 0, '2022-12-22 05:19:55', '2022-12-22 05:40:43', 2),
(45, 6, 'Dainik 66', 'Tandel', '', '8866123853', 'peram street umbergaon', 'umbergaon', 'Gujarat', 396170, 'India', 'Home', 0, 0, 0, '2022-12-22 05:20:10', '2022-12-22 05:40:31', 2),
(46, 6, 'Dainik 66', 'Tandel', '', '8866123853', 'peram street umbergaon', 'umbergaon', 'Gujarat', 396170, 'India', 'Home', 0, 0, 0, '2022-12-22 05:41:37', '2022-12-22 05:42:57', 2),
(47, 6, 'Dainik 66', 'Tandel', '', '8866123853', 'peram street umbergaon', 'umbergaon', 'Gujarat', 396170, 'India', 'Home', 0, 0, 0, '2022-12-22 05:41:57', '2022-12-22 05:42:54', 2),
(48, 6, 'Dainik 66', 'Tandel', '', '8866123853', 'peram street umbergaon', 'umbergaon', 'Gujarat', 396170, 'India', 'Home', 0, 0, 0, '2022-12-22 05:43:02', '2022-12-22 05:52:30', 2),
(49, 6, 'Dainik 66', 'Tandel', '', '8866123853', 'peram street umbergaon', 'umbergaon', 'Gujarat', 396170, 'India', 'Home', 0, 0, 0, '2022-12-22 05:43:17', '2022-12-22 05:46:10', 2),
(50, 6, 'Dainik 66', 'Tandel', '', '8866123853', 'peram street umbergaon', 'umbergaon', 'Gujarat', 396170, 'India', 'Home', 0, 0, 0, '2022-12-22 05:44:02', '2022-12-22 05:51:02', 2),
(51, 6, 'Dainik 66', 'Tandel', '', '8866123853', 'peram street umbergaon', 'umbergaon', 'Gujarat', 396170, 'India', 'Home', 0, 0, 0, '2022-12-22 05:44:22', '2022-12-22 05:46:08', 2),
(52, 6, 'Dainik 66', 'Tandel', '', '8866123853', 'peram street umbergaon', 'umbergaon', 'Gujarat', 396170, 'India', 'Home', 0, 0, 0, '2022-12-22 05:48:23', '2022-12-22 05:52:32', 2),
(53, 6, 'Dainik 66', 'Tandel', '', '8866123853', 'peram street umbergaon', 'umbergaon', 'Gujarat', 396170, 'India', 'Home', 0, 0, 0, '2022-12-22 05:51:02', '2022-12-22 05:52:34', 2),
(54, 6, 'Dainik 66', 'Tandel', '', '8866123853', 'peram street umbergaon', 'umbergaon', 'Gujarat', 396170, 'India', 'Home', 0, 0, 0, '2022-12-22 05:52:17', '2022-12-22 22:37:00', 2),
(55, 6, 'Dainik 66', 'Tandel', '', '8866123853', 'peram street umbergaon', 'umbergaon', 'Gujarat', 396170, 'India', 'Home', 0, 0, 0, '2022-12-22 05:56:10', '2022-12-22 22:45:15', 2),
(56, 6, 'Dainik 66', 'Tandel', '', '8866123853', 'peram street umbergaon', 'umbergaon', 'Gujarat', 396170, 'India', 'Home', 0, 0, 0, '2022-12-22 22:37:41', '2022-12-22 22:45:27', 2),
(57, 6, 'Dainik 66', 'Tandel', '', '8866123853', 'peram street umbergaon', 'umbergaon', 'Gujarat', 396170, 'India', 'Home', 0, 0, 0, '2022-12-22 22:38:30', '2022-12-22 22:45:28', 2),
(58, 6, 'Dainik 66', 'Tandel', '', '8866123853', 'peram street umbergaon', 'umbergaon', 'Gujarat', 396170, 'India', 'Home', 0, 0, 0, '2022-12-22 22:45:15', '2022-12-22 22:46:44', 2),
(59, 6, 'Dainik 66', 'Tandel', '', '8866123853', 'peram street umbergaon', 'umbergaon', 'Gujarat', 396170, 'India', 'Home', 0, 0, 0, '2022-12-22 22:46:33', '2022-12-22 22:46:39', 2),
(60, 6, 'Dainik 66', 'Tandel', '', '8866123853', 'peram street umbergaon', 'umbergaon', 'Gujarat', 396170, 'India', 'Home', 0, 0, 0, '2022-12-22 22:46:44', '2023-01-12 04:38:34', 1),
(61, 6, 'D', 'T', '', '8866123853', 'peram street umbergaon', 'umbergaon', 'Gujarat', 396170, 'India', 'Home', 1, 0, 0, '2022-12-22 22:46:53', '2023-01-12 04:38:34', 1),
(62, 6, 'Dainik 66', 'Tandel', '', '8866123853', 'peram street umbergaon', 'umbergaon', 'Gujarat', 396170, 'India', 'Home', 0, 0, 0, '2022-12-22 22:46:58', '2022-12-22 22:47:04', 1),
(63, 6, 'Dainik 66', 'Tandel', '', '8866123853', 'peram street umbergaon', 'umbergaon', 'Gujarat', 396170, 'India', 'Home', 0, 0, 0, '2022-12-22 22:47:04', '2022-12-22 22:54:57', 2),
(64, 6, 'Dainik 66', 'Tandel', '', '8866123853', 'peram street umbergaon', 'umbergaon', 'Gujarat', 396170, 'India', 'Home', 0, 0, 0, '2022-12-22 22:54:57', '2022-12-22 23:12:07', 1);

-- --------------------------------------------------------

--
-- Table structure for table `customer_cart`
--

CREATE TABLE `customer_cart` (
  `cart_id` int(5) NOT NULL,
  `customer_id` int(5) NOT NULL,
  `product_id` int(5) NOT NULL,
  `quantity` int(5) NOT NULL,
  `elements_attributes` longtext
) ENGINE=InnoDB DEFAULT CHARSET=latin1;

--
-- Dumping data for table `customer_cart`
--

INSERT INTO `customer_cart` (`cart_id`, `customer_id`, `product_id`, `quantity`, `elements_attributes`) VALUES
(1, 1, 1, 2, '{\"1\":\"1\",\"2\":\"11\"}');

-- --------------------------------------------------------

--
-- Table structure for table `customer_detail`
--

CREATE TABLE `customer_detail` (
  `customer_id` int(11) NOT NULL,
  `customer_name` varchar(100) DEFAULT NULL,
  `gender` varchar(45) DEFAULT NULL,
  `mobile` varchar(100) DEFAULT NULL,
  `alternate_mobile` varchar(100) DEFAULT NULL,
  `birth_date` date DEFAULT NULL,
  `email` varchar(100) DEFAULT NULL,
  `password` text,
  `show_password` text,
  `created_by` int(11) DEFAULT NULL,
  `modified_by` int(11) DEFAULT NULL,
  `created` timestamp NOT NULL DEFAULT CURRENT_TIMESTAMP ON UPDATE CURRENT_TIMESTAMP,
  `modified` timestamp NOT NULL DEFAULT '0000-00-00 00:00:00',
  `is_active` tinyint(1) DEFAULT '1'
) ENGINE=InnoDB DEFAULT CHARSET=latin1;

--
-- Dumping data for table `customer_detail`
--

INSERT INTO `customer_detail` (`customer_id`, `customer_name`, `gender`, `mobile`, `alternate_mobile`, `birth_date`, `email`, `password`, `show_password`, `created_by`, `modified_by`, `created`, `modified`, `is_active`) VALUES
(1, 'Roshni Mistry', 'female', '1472583699', NULL, NULL, 'roshni123@gmail.com', 'e10adc3949ba59abbe56e057f20f883e', '', 0, 0, '2022-09-10 16:17:47', '2022-09-10 16:17:47', 1),
(2, 'Dainik Tandel', 'male', '8527419663', NULL, NULL, 'dainik@gmail.com', 'e10adc3949ba59abbe56e057f20f883e', '', 0, 0, '2022-09-10 11:29:04', '2022-07-29 02:05:04', 1),
(3, 'Dainik', 'Male', '93776645451', NULL, NULL, 'satishhpatel@gmail.com', '21232f297a57a5a743894a0e4a801fc3', 'admin', 0, 0, '2022-12-16 04:43:44', '0000-00-00 00:00:00', 1),
(4, 'Dainik', '', '9999999999', NULL, NULL, 'dainiktandel123@gmail.com', 'd41d8cd98f00b204e9800998ecf8427e', '', 0, 0, '2022-12-16 06:01:27', '0000-00-00 00:00:00', 1),
(5, 'Dainik', '', '9377664545', NULL, NULL, 'dainiktandel@gmail.com', 'd41d8cd98f00b204e9800998ecf8427e', '', 0, 0, '2022-12-16 22:30:09', '0000-00-00 00:00:00', 1),
(6, 'testing', '', '1234567890', NULL, NULL, 'testing@mail.com', 'd41d8cd98f00b204e9800998ecf8427e', '', 0, 0, '2022-12-17 01:13:56', '0000-00-00 00:00:00', 1),
(7, 'Dainik J Tandel', 'Male', '8888888888', '9377664545', '1991-08-15', 'dainik.tandel@proactii.com', 'd41d8cd98f00b204e9800998ecf8427e', '', 0, 0, '2023-01-19 17:47:07', '0000-00-00 00:00:00', 1),
(8, 'testing33', '', '1234567880', NULL, NULL, 'testing33@gmail.com', 'd41d8cd98f00b204e9800998ecf8427e', '', 0, 0, '2022-12-17 01:31:22', '0000-00-00 00:00:00', 1),
(9, 'test44', '', '1234568870', NULL, NULL, 'testing44@mail.com', 'd41d8cd98f00b204e9800998ecf8427e', '', 0, 0, '2022-12-17 01:34:17', '0000-00-00 00:00:00', 1),
(10, 'satish patel', '', '9723443349', NULL, NULL, 'satish.patel@proactii.com', 'd41d8cd98f00b204e9800998ecf8427e', '', 0, 0, '2022-12-20 23:14:06', '0000-00-00 00:00:00', 1),
(11, 'roshni Kinjal lad', '', '9408952295', NULL, NULL, 'roshnikinjal@gmail.com', 'd41d8cd98f00b204e9800998ecf8427e', '', 0, 0, '2023-01-12 04:02:46', '0000-00-00 00:00:00', 1);

-- --------------------------------------------------------

--
-- Table structure for table `delivery_status`
--

CREATE TABLE `delivery_status` (
  `delivery_status_id` int(11) NOT NULL COMMENT 'delivery status unique identification number',
  `delivery_status` varchar(45) NOT NULL COMMENT 'delivery_status name',
  `is_active` tinyint(1) NOT NULL DEFAULT '1' COMMENT 'save delivery status active or deactive'
) ENGINE=InnoDB DEFAULT CHARSET=latin1 COMMENT='delivery status table';

--
-- Dumping data for table `delivery_status`
--

INSERT INTO `delivery_status` (`delivery_status_id`, `delivery_status`, `is_active`) VALUES
(1, 'Order Confirmed', 1),
(2, 'Processing', 1),
(3, 'Shipped', 1),
(4, 'Delivered', 1);

-- --------------------------------------------------------

--
-- Table structure for table `invoice_details`
--

CREATE TABLE `invoice_details` (
  `invoice_id` int(7) NOT NULL,
  `customer_id` int(9) NOT NULL,
  `order_id` int(5) NOT NULL,
  `invoice_number` varchar(45) NOT NULL,
  `invoice_no` varchar(45) NOT NULL,
  `invoice_date` date NOT NULL,
  `invoice_file` varchar(100) NOT NULL
) ENGINE=InnoDB DEFAULT CHARSET=utf8;

-- --------------------------------------------------------

--
-- Table structure for table `menu_details`
--

CREATE TABLE `menu_details` (
  `menu_id` int(11) NOT NULL,
  `menu_name` varchar(50) COLLATE utf8_bin NOT NULL,
  `menu_link` varchar(50) COLLATE utf8_bin NOT NULL,
  `menu_icon` varchar(100) COLLATE utf8_bin NOT NULL,
  `menu_position` int(10) DEFAULT NULL,
  `submenu_id` varchar(350) COLLATE utf8_bin DEFAULT NULL,
  `submenu_name` varchar(100) COLLATE utf8_bin NOT NULL,
  `role_id` int(10) NOT NULL,
  `menu_add_by` int(10) NOT NULL,
  `menu_update_by` int(10) NOT NULL,
  `menu_add_date` datetime NOT NULL,
  `menu_update_date` datetime NOT NULL,
  `menu_status` tinyint(1) NOT NULL DEFAULT '1'
) ENGINE=InnoDB DEFAULT CHARSET=utf8 COLLATE=utf8_bin;

--
-- Dumping data for table `menu_details`
--

INSERT INTO `menu_details` (`menu_id`, `menu_name`, `menu_link`, `menu_icon`, `menu_position`, `submenu_id`, `submenu_name`, `role_id`, `menu_add_by`, `menu_update_by`, `menu_add_date`, `menu_update_date`, `menu_status`) VALUES
(1, 'Brand', 'brand', 'tag', 1, '1,2', '', 0, 1, 1, '2022-07-21 01:28:33', '2022-08-09 21:11:01', 1),
(2, 'category', 'category', 'list', 2, '3,4', '', 0, 1, 1, '2022-07-21 01:28:55', '2022-08-09 21:13:21', 1),
(3, 'Elements', 'element', 'slack', 3, '5,6', '', 0, 1, 1, '2022-07-21 20:13:47', '2022-08-17 23:41:14', 1),
(4, 'Unit', '#', 'thermometer', 4, '', '', 0, 1, 1, '2022-07-21 20:13:56', '2022-08-05 18:41:11', 0),
(5, 'attributes', 'attributes', 'shield', 5, '9,10', '', 0, 1, 1, '2022-07-21 20:14:10', '2022-08-09 21:14:02', 1),
(6, 'Product', 'product', 'package', 6, '11,12,34', '', 0, 1, 1, '2022-07-21 23:58:06', '2022-11-07 22:54:21', 1),
(7, 'Order', 'order', 'shopping-cart', 7, '13,26,27,28,29,30,31,33', '', 0, 1, 1, '2022-07-21 23:58:22', '2022-10-11 22:31:16', 1),
(8, 'Blog', '#', 'rss', 8, '14,15', '', 0, 1, 1, '2022-07-21 23:58:39', '2022-10-15 04:42:35', 1),
(9, 'Testimonial', '#', 'book-open', 9, '16,17', '', 0, 1, 1, '2022-07-22 00:00:41', '2022-07-26 20:48:25', 1),
(10, 'Setting', '#', 'settings', 11, '18,19,20,23', '', 0, 1, 1, '2022-07-24 11:08:15', '2022-07-26 20:49:36', 1),
(11, 'Vendor', 'vendor', 'users', 10, '21,22', '', 0, 1, 1, '2022-07-26 01:29:16', '2022-07-27 00:46:19', 1),
(12, 'Slider', 'slider', 'sliders', 12, '', '', 0, 1, 1, '2022-07-29 01:19:18', '2022-07-29 01:23:11', 1),
(13, 'Coupon', 'coupon', 'book-open', 12, '', '', 0, 1, 0, '2022-08-20 00:24:49', '0000-00-00 00:00:00', 1),
(15, 'Stock', 'stock', 'layers', 14, '', '', 0, 1, 1, '2022-08-25 22:00:02', '2022-08-26 02:40:14', 1),
(16, 'Offer', 'offer', 'gift', 15, '35,36', '', 0, 1, 1, '2022-10-06 23:11:51', '2023-01-20 02:13:06', 1),
(17, 'Customers', 'customer', 'users', 17, '', '', 0, 1, 0, '2022-10-12 21:57:50', '0000-00-00 00:00:00', 1);

-- --------------------------------------------------------

--
-- Table structure for table `offer`
--

CREATE TABLE `offer` (
  `offer_id` int(11) NOT NULL,
  `from_date` date DEFAULT NULL,
  `to_date` date DEFAULT NULL,
  `keywords` text CHARACTER SET latin1,
  `title` text COLLATE utf8_unicode_ci NOT NULL,
  `offer_on_element` text CHARACTER SET latin1 NOT NULL,
  `offer_value` double NOT NULL DEFAULT '0',
  `symbol` varchar(50) COLLATE utf8_unicode_ci DEFAULT NULL,
  `is_active` int(11) NOT NULL DEFAULT '1',
  `user_type` text CHARACTER SET latin1,
  `category_id` text CHARACTER SET latin1,
  `created_by` int(9) DEFAULT NULL,
  `modified_by` int(9) DEFAULT NULL,
  `created_at` datetime NOT NULL DEFAULT CURRENT_TIMESTAMP,
  `modified_at` datetime NOT NULL DEFAULT CURRENT_TIMESTAMP
) ENGINE=InnoDB DEFAULT CHARSET=utf8 COLLATE=utf8_unicode_ci;

--
-- Dumping data for table `offer`
--

INSERT INTO `offer` (`offer_id`, `from_date`, `to_date`, `keywords`, `title`, `offer_on_element`, `offer_value`, `symbol`, `is_active`, `user_type`, `category_id`, `created_by`, `modified_by`, `created_at`, `modified_at`) VALUES
(1, '2022-10-01', '2022-10-15', 'under', 'Under 399', 'price', 399, '', 0, 'admin', '', 1, 1, '2022-10-07 03:43:56', '2022-10-17 22:21:11'),
(2, '2022-12-13', '2022-12-29', 'under', 'Under 799', 'price', 799, '', 1, 'admin', '9,13,24,25,29,39', 1, 1, '2022-10-07 03:44:10', '2022-12-13 16:31:44'),
(4, '2023-01-04', '2023-02-28', 'upto', 'Upto 40% Off', 'discount', 40, '%', 1, 'admin', '25,26,29,39', 1, 1, '2022-10-07 03:52:27', '2023-01-03 15:30:17'),
(5, '2023-01-03', '2023-01-31', 'upto', 'Upto 60% Off', 'discount', 60, '%', 1, 'admin', '10,14,24,26', 1, 1, '2022-10-07 03:52:44', '2023-01-03 15:29:52'),
(6, '2023-01-01', '2023-02-28', 'flat', 'Flat 50% Off', 'discount', 50, '%', 1, 'admin', '9,10,13,14,18', 1, 1, '2022-10-07 21:50:24', '2023-01-03 15:30:00'),
(8, '2022-10-22', '2022-10-29', 'under', 'Under 999', 'price', 999, '', 2, 'admin', '66', 1, 1, '2022-10-15 00:23:11', '2022-10-15 00:27:02');

-- --------------------------------------------------------

--
-- Table structure for table `orders`
--

CREATE TABLE `orders` (
  `order_id` int(5) NOT NULL,
  `order_number` text NOT NULL,
  `customer_id` int(5) NOT NULL,
  `total_quantity` int(5) NOT NULL,
  `total_item` int(11) DEFAULT NULL,
  `total_mrp` double DEFAULT NULL,
  `total_amount` varchar(45) NOT NULL,
  `gst_amount` varchar(45) DEFAULT NULL,
  `discount_amt` double DEFAULT NULL,
  `ship_amount` double DEFAULT '0',
  `grand_total` varchar(45) DEFAULT NULL,
  `bill_id` int(7) NOT NULL COMMENT 'Order bill address unique number',
  `order_date` date NOT NULL,
  `delivery_date` date DEFAULT NULL,
  `delivery_status_id` int(11) NOT NULL COMMENT 'delivery status unique identification number',
  `shipping_address` longtext,
  `delivery_address` longtext,
  `created_by` int(5) NOT NULL,
  `modified_by` int(5) NOT NULL,
  `created` timestamp NOT NULL DEFAULT CURRENT_TIMESTAMP,
  `modified` timestamp NOT NULL DEFAULT CURRENT_TIMESTAMP ON UPDATE CURRENT_TIMESTAMP,
  `is_active` tinyint(1) NOT NULL DEFAULT '1'
) ENGINE=InnoDB DEFAULT CHARSET=latin1;

--
-- Dumping data for table `orders`
--

INSERT INTO `orders` (`order_id`, `order_number`, `customer_id`, `total_quantity`, `total_item`, `total_mrp`, `total_amount`, `gst_amount`, `discount_amt`, `ship_amount`, `grand_total`, `bill_id`, `order_date`, `delivery_date`, `delivery_status_id`, `shipping_address`, `delivery_address`, `created_by`, `modified_by`, `created`, `modified`, `is_active`) VALUES
(1, 'OD202223-11674064115', 1, 1, 1, 447, '210', '47.88', 236.91, 0, NULL, 0, '2023-01-18', NULL, 4, '<strong>Roshni Mistry</strong><br>test,30 valsad ,<br>valsad , Haryana ,<br>India - 3963001<br>Phone no : 08866594677', '{\"name\":\"Roshni Mistry\",\"mobile\":\"08866594677\",\"address\":\"test,30 valsad ,\\u003Cbr\\u003Evalsad , Haryana ,\\u003Cbr\\u003EIndia - 3963001\",\"city\":\"valsad\",\"state\":\"Haryana\",\"country\":\"India\",\"pincode\":\"3963001\"}', 0, 0, '2023-01-18 17:48:35', '2023-01-18 17:54:36', 1),
(2, 'OD202223-11674064611', 1, 1, 1, 447, '210', '47.88', 236.91, 0, NULL, 0, '2023-01-18', NULL, 4, '<strong>Roshni Mistry</strong><br>test,30 valsad ,<br>valsad , Haryana ,<br>India - 3963001<br>Phone no : 08866594677', '{\"name\":\"Roshni Mistry\",\"mobile\":\"08866594677\",\"address\":\"test,30 valsad ,\\u003Cbr\\u003Evalsad , Haryana ,\\u003Cbr\\u003EIndia - 3963001\",\"city\":\"valsad\",\"state\":\"Haryana\",\"country\":\"India\",\"pincode\":\"3963001\"}', 0, 0, '2023-01-18 17:56:51', '2023-01-18 17:58:00', 1),
(3, 'OD202223-11674064893', 1, 1, 1, 250, '250', '0', 0, 0, NULL, 0, '2023-01-18', NULL, 4, '<strong>Roshni Mistry</strong><br>test,30 valsad ,<br>valsad , Haryana ,<br>India - 3963001<br>Phone no : 08866594677', '{\"name\":\"Roshni Mistry\",\"mobile\":\"08866594677\",\"address\":\"test,30 valsad ,\\u003Cbr\\u003Evalsad , Haryana ,\\u003Cbr\\u003EIndia - 3963001\",\"city\":\"valsad\",\"state\":\"Haryana\",\"country\":\"India\",\"pincode\":\"3963001\"}', 0, 0, '2023-01-18 18:01:33', '2023-01-18 18:04:13', 1),
(4, 'OD202223-11674067614', 1, 1, 1, 447, '210', '47.88', 236.91, 0, NULL, 0, '2023-01-19', NULL, 1, '<strong>Roshni Mistry</strong><br>test,30 valsad ,<br>valsad , Haryana ,<br>India - 3963001<br>Phone no : 08866594677', '{\"name\":\"Roshni Mistry\",\"mobile\":\"08866594677\",\"address\":\"test,30 valsad ,\\u003Cbr\\u003Evalsad , Haryana ,\\u003Cbr\\u003EIndia - 3963001\",\"city\":\"valsad\",\"state\":\"Haryana\",\"country\":\"India\",\"pincode\":\"3963001\"}', 0, 0, '2023-01-18 18:46:54', '2023-01-18 18:46:54', 1),
(5, 'OD202223-11674072365', 1, 1, 1, 1344, '1075', '144', 268.8, 0, NULL, 0, '2023-01-19', NULL, 1, '<strong>Roshni Mistry</strong><br>test,30 valsad ,<br>valsad , Haryana ,<br>India - 3963001<br>Phone no : 08866594677', '{\"name\":\"Roshni Mistry\",\"mobile\":\"08866594677\",\"address\":\"test,30 valsad ,\\u003Cbr\\u003Evalsad , Haryana ,\\u003Cbr\\u003EIndia - 3963001\",\"city\":\"valsad\",\"state\":\"Haryana\",\"country\":\"India\",\"pincode\":\"3963001\"}', 0, 0, '2023-01-18 20:06:05', '2023-01-18 20:06:05', 1),
(6, 'OD202223-11674072979', 1, 1, 1, 1344, '1075', '144', 268.8, 0, NULL, 0, '2023-01-19', NULL, 1, '<strong>Roshni Mistry</strong><br>test,30 valsad ,<br>valsad , Haryana ,<br>India - 3963001<br>Phone no : 08866594677', '{\"name\":\"Roshni Mistry\",\"mobile\":\"08866594677\",\"address\":\"test,30 valsad ,\\u003Cbr\\u003Evalsad , Haryana ,\\u003Cbr\\u003EIndia - 3963001\",\"city\":\"valsad\",\"state\":\"Haryana\",\"country\":\"India\",\"pincode\":\"3963001\"}', 0, 0, '2023-01-18 20:16:19', '2023-01-18 20:16:19', 1),
(7, 'OD202223-11674073295', 1, 1, 1, 1344, '1075', '144', 268.8, 0, NULL, 0, '2023-01-19', NULL, 1, '<strong>Roshni Mistry</strong><br>test,30 valsad ,<br>valsad , Haryana ,<br>India - 3963001<br>Phone no : 08866594677', '{\"name\":\"Roshni Mistry\",\"mobile\":\"08866594677\",\"address\":\"test,30 valsad ,\\u003Cbr\\u003Evalsad , Haryana ,\\u003Cbr\\u003EIndia - 3963001\",\"city\":\"valsad\",\"state\":\"Haryana\",\"country\":\"India\",\"pincode\":\"3963001\"}', 0, 0, '2023-01-18 20:21:35', '2023-01-18 20:21:35', 1);

-- --------------------------------------------------------

--
-- Table structure for table `order_details`
--

CREATE TABLE `order_details` (
  `orderdetail_id` int(7) NOT NULL,
  `order_id` int(7) NOT NULL,
  `order_date` date DEFAULT NULL,
  `deliver_date` date DEFAULT NULL,
  `product_id` int(7) NOT NULL,
  `vendor_id` int(11) DEFAULT NULL,
  `product_name` text,
  `quantity` int(7) NOT NULL,
  `mrp_price` double DEFAULT NULL,
  `net_price` varchar(20) NOT NULL,
  `total_amt` double DEFAULT NULL,
  `discount` double DEFAULT NULL,
  `discount_amt` double DEFAULT NULL,
  `gst` int(11) DEFAULT NULL,
  `gst_amt` double DEFAULT NULL,
  `elements_attributes` longtext,
  `return_or_replace` text,
  `return_replace_validity` int(11) DEFAULT NULL,
  `created_by` int(7) NOT NULL,
  `modified_by` int(7) NOT NULL,
  `created` timestamp NOT NULL DEFAULT CURRENT_TIMESTAMP,
  `modified` timestamp NOT NULL DEFAULT CURRENT_TIMESTAMP ON UPDATE CURRENT_TIMESTAMP,
  `is_active` tinyint(1) NOT NULL DEFAULT '0'
) ENGINE=InnoDB DEFAULT CHARSET=utf8;

--
-- Dumping data for table `order_details`
--

INSERT INTO `order_details` (`orderdetail_id`, `order_id`, `order_date`, `deliver_date`, `product_id`, `vendor_id`, `product_name`, `quantity`, `mrp_price`, `net_price`, `total_amt`, `discount`, `discount_amt`, `gst`, `gst_amt`, `elements_attributes`, `return_or_replace`, `return_replace_validity`, `created_by`, `modified_by`, `created`, `modified`, `is_active`) VALUES
(1, 1, '2023-01-18', '2023-01-18', 1, 1, 'Men White Pure Cotton T-shirt', 1, 447, '210', 210, 53, 236.91, 12, 47.88, '{\"Size\":\"S\",\"Color\":\"WHITE\"}', 'return,replace', 7, 0, 0, '2023-01-18 17:48:35', '2023-01-18 17:53:13', 0),
(2, 2, '2023-01-18', '2023-01-18', 1, 1, 'Men White Pure Cotton T-shirt', 1, 447, '210', 210, 53, 236.91, 12, 47.88, '{\"Size\":\"S\",\"Color\":\"WHITE\"}', 'return,replace', 7, 0, 0, '2023-01-18 17:56:51', '2023-01-18 17:57:52', 0),
(3, 3, '2023-01-18', '2023-01-18', 118, 1, 'Allen Solly Womens Regular Fit T-Shirt', 1, 250, '250', 250, 0, 0, 0, 0, '{\"Size\":\"M\",\"Color\":\"RED\"}', 'return,replace', 7, 0, 0, '2023-01-18 18:01:33', '2023-01-18 18:04:01', 0),
(4, 4, '2023-01-19', NULL, 1, 1, 'Men White Pure Cotton T-shirt', 1, 447, '210', 210, 53, 236.91, 12, 47.88, '{\"Size\":\"S\",\"Color\":\"WHITE\"}', 'return,replace', 7, 0, 0, '2023-01-18 18:46:54', '2023-01-18 18:46:54', 0),
(5, 5, '2023-01-19', NULL, 61, 1, 'Men Maroon Regular Kurta Pyjamas with Jacket', 1, 1344, '1075', 1075, 20, 268.8, 12, 144, '{\"Size\":\"S\",\"Color\":\"MAROON\"}', 'return,replace', 7, 0, 0, '2023-01-18 20:06:05', '2023-01-18 20:06:05', 0),
(6, 6, '2023-01-19', NULL, 62, 1, 'Men Maroon Regular Kurta Pyjamas with Jacket', 1, 1344, '1075', 1075, 20, 268.8, 12, 144, '{\"Size\":\"M\",\"Color\":\"MAROON\"}', 'return,replace', 7, 0, 0, '2023-01-18 20:16:19', '2023-01-18 20:16:19', 0),
(7, 7, '2023-01-19', NULL, 63, 1, 'Men Maroon Regular Kurta Pyjamas with Jacket', 1, 1344, '1075', 1075, 20, 268.8, 12, 144, '{\"Size\":\"L\",\"Color\":\"MAROON\"}', 'return,replace', 7, 0, 0, '2023-01-18 20:21:35', '2023-01-18 20:21:35', 0);

-- --------------------------------------------------------

--
-- Table structure for table `parent_product_listing`
--

CREATE TABLE `parent_product_listing` (
  `parent_product_listing_id` int(11) NOT NULL,
  `parent_name` text COLLATE utf8_unicode_ci,
  `vendor_id` int(11) DEFAULT NULL,
  `variant_code` text COLLATE utf8_unicode_ci,
  `is_active` tinyint(4) DEFAULT '1'
) ENGINE=InnoDB DEFAULT CHARSET=utf8 COLLATE=utf8_unicode_ci;

--
-- Dumping data for table `parent_product_listing`
--

INSERT INTO `parent_product_listing` (`parent_product_listing_id`, `parent_name`, `vendor_id`, `variant_code`, `is_active`) VALUES
(1, 'Men White Pure Cotton T-shirt', 1, 'icQd71', 1),
(2, 'Men Green Solid Regular Fit Round-neck T-shirt', 1, 'BOYUu0', 1),
(3, 'Slim Fit Tropical Printed Pure Cotton T-shirt', 1, 'ZA0NxR', 1),
(4, 'Men Slim Fit Casual Shirt-Dennis Lingo', 2, 'xk1Tvt', 1),
(5, 'Men Navy Blue & White Striped Pure Cotton Slim Fit T-shirt', 1, 'L7jhxd', 1),
(6, 'Men Slim Fit Heavy Fade Stretchable Jeans', 1, 'Y2Ztoe', 1),
(7, 'Men Printed Straight Kurta-Jompers', 1, 'nyeQrp', 1),
(8, 'Men Solid Kurta with Churidar -KISAH', 1, 'LlmCGS', 1),
(9, 'Men Slim Fit Mid-Rise Stretchable Jeans-Roadster', 2, 'xhOfSq', 1),
(10, 'Men White Tapered Fit Mid-Rise Clean Look Stretchable Jeans-Pepe Jeans', 2, 'jvxmp1', 1),
(11, 'Men Beige Carrot Fit Stretchable Jeans-Pantaloons', 2, 'vXIQtx', 1),
(12, 'Men Off White Slim Fit Trousers-Nautica', 2, '310lRF', 1),
(13, 'Beige Floral Printed Kurta With Palazzos & With Dupatta-KALINI', 1, 'mo2xwJ', 1),
(14, 'Black Printed Kurta With Palazzos & With Dupatta-Khushal K', 1, 'jhQSP8', 1),
(15, 'Kurta with Trousers & With Dupatta-Indo Era', 1, '1uVFvz', 1),
(16, 'Women Pink Floral Printed Kurta with Trousers & With Dupatta-KALINI', 1, 'H4p1rT', 1),
(17, 'Floral Print Mandarin Collar Pure Cotton Top-MAX', 1, 'hcYHvz', 1),
(18, 'Off White & Blue Geometric Printed Mandarin Collar Empire Top-HERE&NOW', 1, 'XmyArn', 1),
(19, 'Women Yellow Embellished High-Low Longline Top-JAIPURI KURTI', 1, 'yGzxBv', 1),
(20, 'Women Rust Orange Embroidered A-Line Longline Top-Vishudh', 1, 'JWBfqL', 1),
(21, 'Magenta Ruffled Ready to Wear Saree', 1, 'ngRJZY', 1),
(22, 'Womens Casual Digital Printed Shirt Ruffle Sleeve Tops', 1, '6geJim', 1),
(23, 'Allen Solly Womens Regular Fit T-Shirt', 1, 'w8J7XE', 1),
(24, 'Boys Pack Of 3 Mickey Mouse Donald Duck Goofy Printed T-shirts', 1, 'sxGhr6', 1);

-- --------------------------------------------------------

--
-- Table structure for table `payment_details`
--

CREATE TABLE `payment_details` (
  `payment_id` int(7) NOT NULL,
  `payment_mode` varchar(100) NOT NULL,
  `customer_id` int(11) DEFAULT NULL,
  `order_id` int(11) NOT NULL,
  `total_pay_amount` double DEFAULT NULL,
  `payment_date` date NOT NULL,
  `pay_status` varchar(45) NOT NULL,
  `created_by` int(7) NOT NULL,
  `modified_by` int(7) NOT NULL,
  `created` timestamp NOT NULL DEFAULT CURRENT_TIMESTAMP ON UPDATE CURRENT_TIMESTAMP,
  `modified` timestamp NOT NULL DEFAULT CURRENT_TIMESTAMP ON UPDATE CURRENT_TIMESTAMP,
  `is_active` tinyint(1) NOT NULL DEFAULT '1'
) ENGINE=InnoDB DEFAULT CHARSET=utf8;

--
-- Dumping data for table `payment_details`
--

INSERT INTO `payment_details` (`payment_id`, `payment_mode`, `customer_id`, `order_id`, `total_pay_amount`, `payment_date`, `pay_status`, `created_by`, `modified_by`, `created`, `modified`, `is_active`) VALUES
(1, 'cod', 1, 1, 1254, '2023-01-18', '1', 0, 0, '2023-01-18 17:41:57', '2023-01-18 17:41:57', 1),
(2, 'cod', 1, 1, 210, '2023-01-18', '1', 0, 0, '2023-01-18 17:48:35', '2023-01-18 17:48:35', 1),
(3, 'cod', 1, 2, 210, '2023-01-18', '1', 0, 0, '2023-01-18 17:56:51', '2023-01-18 17:56:51', 1),
(4, 'cod', 1, 3, 250, '2023-01-18', '1', 0, 0, '2023-01-18 18:01:33', '2023-01-18 18:01:33', 1),
(5, 'cod', 1, 5, 1075, '2023-01-19', '1', 0, 0, '2023-01-18 20:06:05', '2023-01-18 20:06:05', 1),
(6, 'cod', 1, 6, 1075, '2023-01-19', '1', 0, 0, '2023-01-18 20:16:19', '2023-01-18 20:16:19', 1),
(7, 'cod', 1, 7, 1075, '2023-01-19', '1', 0, 0, '2023-01-18 20:21:35', '2023-01-18 20:21:35', 1);

-- --------------------------------------------------------

--
-- Table structure for table `product_details`
--

CREATE TABLE `product_details` (
  `product_id` int(9) NOT NULL,
  `product_name` text NOT NULL,
  `product_code` varchar(45) NOT NULL,
  `short_code` varchar(100) NOT NULL,
  `variant_code` text,
  `parent_product_id` mediumint(9) DEFAULT NULL,
  `short_description` varchar(255) DEFAULT NULL,
  `description` text,
  `stock` int(11) DEFAULT '0',
  `vendor_id` int(11) DEFAULT NULL,
  `brand_id` int(9) DEFAULT NULL,
  `category_id` int(9) NOT NULL,
  `child_category` int(11) DEFAULT NULL,
  `qty` varchar(100) DEFAULT NULL,
  `element_id` text,
  `attributes_id` text,
  `unit_price` double DEFAULT NULL,
  `mrp_price` double DEFAULT NULL COMMENT 'mrp price = unit price + gst amt',
  `discount` int(11) DEFAULT '0' COMMENT 'in %',
  `discount_amt` float DEFAULT '0' COMMENT 'in Rs',
  `net_price` double DEFAULT NULL COMMENT 'selling price : (mrp - discount)',
  `tag` longtext,
  `tax` varchar(45) DEFAULT NULL COMMENT 'gst in %',
  `gst_type` varchar(50) DEFAULT NULL,
  `gst_amt` float DEFAULT '0',
  `image` text,
  `cover_img` text,
  `view_count` int(11) DEFAULT '0',
  `is_new_product` int(2) DEFAULT NULL,
  `is_popular_product` int(2) DEFAULT NULL,
  `is_feature_product` int(2) DEFAULT NULL,
  `warranty_title` text,
  `warranty_detail` longtext,
  `meta_title` varchar(255) DEFAULT NULL,
  `meta_description` text,
  `meta_keyword` text,
  `created_by` int(9) NOT NULL,
  `modified_by` int(9) NOT NULL,
  `created` timestamp NOT NULL DEFAULT CURRENT_TIMESTAMP,
  `modified` timestamp NOT NULL DEFAULT '0000-00-00 00:00:00' ON UPDATE CURRENT_TIMESTAMP,
  `is_active` tinyint(1) NOT NULL DEFAULT '1'
) ENGINE=InnoDB DEFAULT CHARSET=latin1;

--
-- Dumping data for table `product_details`
--

INSERT INTO `product_details` (`product_id`, `product_name`, `product_code`, `short_code`, `variant_code`, `parent_product_id`, `short_description`, `description`, `stock`, `vendor_id`, `brand_id`, `category_id`, `child_category`, `qty`, `element_id`, `attributes_id`, `unit_price`, `mrp_price`, `discount`, `discount_amt`, `net_price`, `tag`, `tax`, `gst_type`, `gst_amt`, `image`, `cover_img`, `view_count`, `is_new_product`, `is_popular_product`, `is_feature_product`, `warranty_title`, `warranty_detail`, `meta_title`, `meta_description`, `meta_keyword`, `created_by`, `modified_by`, `created`, `modified`, `is_active`) VALUES
(1, 'Men White Pure Cotton T-shirt', 'Product-01', 'men-white-pure-cotton-t-shirt-s-white-vnky8c75-1', 'icQd71', 1, 'White solid T-shirt, has a round neck, short sleeves', '<div class=\"row\"><div class=\"col-12 col-md-3\"><h5><strong>Size &amp; Fit</strong></h5><ul><li style=\"list-style-type: circle;\">Regular Fit</li></ul></div><div class=\"col-12 col-md-3\"><h5><strong>Fabric</strong></h5><ul><li style=\"list-style-type: circle;\">Pure Cotton</li></ul></div><div class=\"col-12 col-md-3\"><h5><strong>Neck</strong></h5><ul><li style=\"list-style-type: circle;\">Round Neck</li></ul></div><div class=\"col-12 col-md-3\"><h5><strong>Sleeve Styling</strong></h5><ul><li style=\"list-style-type: circle;\">Regular Sleeves</li></ul></div></div>', 30, 1, 30, 1, 9, '', '', '', 399, 447, 53, 236.91, 210, '', '12', 'exclusive', 47.88, '1.webp|2.jpg|3.webp|4.webp|5.webp|6.webp', 'cover_image.webp', 207, 1, 0, 0, '', '', '', '', '', 1, 1, '2022-11-25 16:52:14', '2023-02-03 22:41:25', 1),
(2, 'Men White Pure Cotton T-shirt', 'Product-01', 'men-white-pure-cotton-t-shirt-m-white-vnky8c75-2', 'icQd71', 1, 'White solid T-shirt, has a round neck, short sleeves', '<div class=\"row\"><div class=\"col-12 col-md-3\"><h5><strong>Size &amp; Fit</strong></h5><ul><li style=\"list-style-type: circle;\">Regular Fit</li></ul></div><div class=\"col-12 col-md-3\"><h5><strong>Fabric</strong></h5><ul><li style=\"list-style-type: circle;\">Pure Cotton</li></ul></div><div class=\"col-12 col-md-3\"><h5><strong>Neck</strong></h5><ul><li style=\"list-style-type: circle;\">Round Neck</li></ul></div><div class=\"col-12 col-md-3\"><h5><strong>Sleeve Styling</strong></h5><ul><li style=\"list-style-type: circle;\">Regular Sleeves</li></ul></div></div>', 30, 1, 30, 1, 9, '', '', '', 399, 447, 53, 236.91, 210, '', '12', 'exclusive', 47.88, '1.webp|2.jpg|3.webp|4.webp|5.webp|6.webp', 'cover_image.webp', 39, 1, 0, 0, '', '', '', '', '', 1, 1, '2022-11-25 13:00:00', '2023-01-30 17:39:14', 1),
(3, 'Men White Pure Cotton T-shirt', 'Product-01', 'men-white-pure-cotton-t-shirt-l-white-vnky8c75-3', 'icQd71', 1, 'White solid T-shirt, has a round neck, short sleeves', '<div class=\"row\"><div class=\"col-12 col-md-3\"><h5><strong>Size &amp; Fit</strong></h5><ul><li style=\"list-style-type: circle;\">Regular Fit</li></ul></div><div class=\"col-12 col-md-3\"><h5><strong>Fabric</strong></h5><ul><li style=\"list-style-type: circle;\">Pure Cotton</li></ul></div><div class=\"col-12 col-md-3\"><h5><strong>Neck</strong></h5><ul><li style=\"list-style-type: circle;\">Round Neck</li></ul></div><div class=\"col-12 col-md-3\"><h5><strong>Sleeve Styling</strong></h5><ul><li style=\"list-style-type: circle;\">Regular Sleeves</li></ul></div></div>', 30, 1, 30, 1, 9, '', '', '', 399, 447, 53, 236.91, 210, '', '12', 'exclusive', 47.88, '1.webp|2.jpg|3.webp|4.webp|5.webp|6.webp', 'cover_image.webp', 20, 1, 0, 0, '', '', '', '', '', 1, 1, '2022-11-25 13:00:00', '2023-01-18 16:14:54', 1),
(4, 'Men White Pure Cotton T-shirt', 'Product-01', 'men-white-pure-cotton-t-shirt-xl-white-vnky8c75-4', 'icQd71', 1, 'White solid T-shirt, has a round neck, short sleeves', '<div class=\"row\"><div class=\"col-12 col-md-3\"><h5><strong>Size &amp; Fit</strong></h5><ul><li style=\"list-style-type: circle;\">Regular Fit</li></ul></div><div class=\"col-12 col-md-3\"><h5><strong>Fabric</strong></h5><ul><li style=\"list-style-type: circle;\">Pure Cotton</li></ul></div><div class=\"col-12 col-md-3\"><h5><strong>Neck</strong></h5><ul><li style=\"list-style-type: circle;\">Round Neck</li></ul></div><div class=\"col-12 col-md-3\"><h5><strong>Sleeve Styling</strong></h5><ul><li style=\"list-style-type: circle;\">Regular Sleeves</li></ul></div></div>', 30, 1, 30, 1, 9, '', '', '', 399, 447, 53, 236.91, 210, '', '12', 'exclusive', 47.88, '1.webp|2.jpg|3.webp|4.webp|5.webp|6.webp', 'cover_image.webp', 34, 1, 0, 0, '', '', '', '', '', 1, 1, '2022-11-25 13:00:00', '2023-01-18 16:15:00', 1),
(5, 'Men Green Solid Regular Fit Round-neck T-shirt', 'Product-03', 'men-green-solid-regular-fit-round-neck-t-shirt-xl-green-vnky8c75-5', 'BOYUu0', 2, 'Regular-fit, round-necked T-shirt in soft cotton jersey.', '<div class=\"row\"><div class=\"col-12 col-md-3\"><h5><strong>Size &amp; Fit</strong></h5><ul><li style=\"list-style-type: circle;\">Regular Fit</li></ul></div><div class=\"col-12 col-md-3\"><h5><strong>Fabric</strong></h5><ul><li style=\"list-style-type: circle;\">Pure Cotton</li></ul></div><div class=\"col-12 col-md-3\"><h5><strong>Neck</strong></h5><ul><li style=\"list-style-type: circle;\">Round Neck</li></ul></div><div class=\"col-12 col-md-3\"><h5><strong>Sleeve Styling</strong></h5><ul><li style=\"list-style-type: circle;\">Regular Sleeves</li></ul></div></div>', 20, 1, 17, 1, 9, '', '', '', 350, 392, 0, 0, 392, 'Men ,Men  Tshirts,Solid Regular Fit,Regular Fit, Round-Neck T-Shirt,Round-Neck', '12', 'exclusive', 42, '1.webp|2.webp|3.jpg|4.webp|5.webp', 'cover_image.webp', 95, 1, 0, 0, '', '', '', '', '', 1, 999, '2022-11-26 11:18:20', '2023-01-20 17:01:16', 1),
(6, 'Men Green Solid Regular Fit Round-neck T-shirt', 'Product-03', 'men-green-solid-regular-fit-round-neck-t-shirt-m-green-vnky8c75-6', 'BOYUu0', 2, 'Regular-fit, round-necked T-shirt in soft cotton jersey.', '<div class=\"row\"><div class=\"col-12 col-md-3\"><h5><strong>Size &amp; Fit</strong></h5><ul><li style=\"list-style-type: circle;\">Regular Fit</li></ul></div><div class=\"col-12 col-md-3\"><h5><strong>Fabric</strong></h5><ul><li style=\"list-style-type: circle;\">Pure Cotton</li></ul></div><div class=\"col-12 col-md-3\"><h5><strong>Neck</strong></h5><ul><li style=\"list-style-type: circle;\">Round Neck</li></ul></div><div class=\"col-12 col-md-3\"><h5><strong>Sleeve Styling</strong></h5><ul><li style=\"list-style-type: circle;\">Regular Sleeves</li></ul></div></div>', 20, 1, 17, 1, 9, '', '', '', 350, 392, 0, 0, 392, 'Men ,Men  Tshirts,Solid Regular Fit,Regular Fit, Round-Neck T-Shirt,Round-Neck', '12', 'exclusive', 42, '1.webp|2.webp|3.jpg|4.webp|5.webp', 'cover_image.webp', 30, 1, 0, 0, '', '', '', '', '', 1, 999, '2022-11-25 13:00:00', '2023-01-17 23:23:52', 1),
(7, 'Men Green Solid Regular Fit Round-neck T-shirt', 'Product-03', 'men-green-solid-regular-fit-round-neck-t-shirt-l-green-vnky8c75-7', 'BOYUu0', 2, 'Regular-fit, round-necked T-shirt in soft cotton jersey.', '<div class=\"row\"><div class=\"col-12 col-md-3\"><h5><strong>Size &amp; Fit</strong></h5><ul><li style=\"list-style-type: circle;\">Regular Fit</li></ul></div><div class=\"col-12 col-md-3\"><h5><strong>Fabric</strong></h5><ul><li style=\"list-style-type: circle;\">Pure Cotton</li></ul></div><div class=\"col-12 col-md-3\"><h5><strong>Neck</strong></h5><ul><li style=\"list-style-type: circle;\">Round Neck</li></ul></div><div class=\"col-12 col-md-3\"><h5><strong>Sleeve Styling</strong></h5><ul><li style=\"list-style-type: circle;\">Regular Sleeves</li></ul></div></div>', 20, 1, 17, 1, 9, '', '', '', 350, 392, 0, 0, 392, 'Men ,Men  Tshirts,Solid Regular Fit,Regular Fit, Round-Neck T-Shirt,Round-Neck', '12', 'exclusive', 42, '1.webp|2.webp|3.jpg|4.webp|5.webp', 'cover_image.webp', 14, 1, 0, 0, '', '', '', '', '', 1, 999, '2022-11-25 13:00:00', '2023-01-18 16:49:24', 1),
(8, 'Men Green Solid Regular Fit Round-neck T-shirt', 'Product-03', 'men-green-solid-regular-fit-round-neck-t-shirt-xxl-green-vnky8c75-8', 'BOYUu0', 2, 'Regular-fit, round-necked T-shirt in soft cotton jersey.', '<div class=\"row\"><div class=\"col-12 col-md-3\"><h5><strong>Size &amp; Fit</strong></h5><ul><li style=\"list-style-type: circle;\">Regular Fit</li></ul></div><div class=\"col-12 col-md-3\"><h5><strong>Fabric</strong></h5><ul><li style=\"list-style-type: circle;\">Pure Cotton</li></ul></div><div class=\"col-12 col-md-3\"><h5><strong>Neck</strong></h5><ul><li style=\"list-style-type: circle;\">Round Neck</li></ul></div><div class=\"col-12 col-md-3\"><h5><strong>Sleeve Styling</strong></h5><ul><li style=\"list-style-type: circle;\">Regular Sleeves</li></ul></div></div>', 20, 1, 17, 1, 9, '', '', '', 350, 392, 0, 0, 392, 'Men ,Men  Tshirts,Solid Regular Fit,Regular Fit, Round-Neck T-Shirt,Round-Neck', '12', 'exclusive', 42, '1.webp|2.webp|3.jpg|4.webp|5.webp', 'cover_image.webp', 6, 1, 0, 0, '', '', '', '', '', 1, 999, '2022-11-25 13:00:00', '2023-01-17 23:23:08', 1),
(9, 'Men Navy Blue & White Placement Striped Pure Cotton Slim Fit T-shirt', 'Product-03', 'men-navy-blue-white-placement-striped-pure-cotton-slim-fit-t-shirt-s-blue-slim-fit-vnky8c75-9', 'L7jhxd', 5, 'Men Navy Blue & White Placement Striped Pure Cotton Slim Fit T-shirt', '<div class=\"row\"><div class=\"col-12 col-md-3\"><h5><strong>Size &amp; Fit</strong></h5><ul><li style=\"list-style-type: circle;\">Regular Fit</li></ul></div><div class=\"col-12 col-md-3\"><h5><strong>Fabric</strong></h5><ul><li style=\"list-style-type: circle;\">Pure Cotton</li></ul></div><div class=\"col-12 col-md-3\"><h5><strong>Neck</strong></h5><ul><li style=\"list-style-type: circle;\">Round Neck</li></ul></div><div class=\"col-12 col-md-3\"><h5><strong>Sleeve Styling</strong></h5><ul><li style=\"list-style-type: circle;\">Regular Sleeves</li></ul></div></div>', 20, 1, 18, 1, 9, '', '', '', 1600, 1792, 40, 716.8, 1075, 'Navy Blue,White ,Navy Blue & White,Striped,Cotton ,Slim Fit T-Shirt,Slim Fit, Cotton Slim Fit,Men Cotton Tshirt', '12', 'exclusive', 192, '1.jpg|1.webp|2.webp|3.webp|4.webp|5.webp|6.jpg', 'cover_image.webp', 39, 1, 0, 0, '', '', '', '', '', 1, 999, '2022-11-26 11:26:43', '2023-01-30 16:21:20', 1),
(10, 'Men Navy Blue & White Placement Striped Pure Cotton Slim Fit T-shirt', 'Product-03', 'men-navy-blue-white-placement-striped-pure-cotton-slim-fit-t-shirt-m-blue-slim-fit-vnky8c75-10', 'L7jhxd', 5, 'Men Navy Blue & White Placement Striped Pure Cotton Slim Fit T-shirt', '<div class=\"row\"><div class=\"col-12 col-md-3\"><h5><strong>Size &amp; Fit</strong></h5><ul><li style=\"list-style-type: circle;\">Regular Fit</li></ul></div><div class=\"col-12 col-md-3\"><h5><strong>Fabric</strong></h5><ul><li style=\"list-style-type: circle;\">Pure Cotton</li></ul></div><div class=\"col-12 col-md-3\"><h5><strong>Neck</strong></h5><ul><li style=\"list-style-type: circle;\">Round Neck</li></ul></div><div class=\"col-12 col-md-3\"><h5><strong>Sleeve Styling</strong></h5><ul><li style=\"list-style-type: circle;\">Regular Sleeves</li></ul></div></div>', 20, 1, 18, 1, 9, '', '', '', 1600, 1792, 40, 716.8, 1075, 'Striped,Cotton ,Slim Fit T-Shirt,Slim Fit, Cotton Slim Fit,Men Cotton Tshirt,Navy Blue Tshirt,White Tshirt', '12', 'exclusive', 192, '1.jpg|1.webp|2.webp|3.webp|4.webp|5.webp|6.jpg', 'cover_image.webp', 28, 1, 0, 0, '', '', '', '', '', 1, 999, '2022-11-25 13:00:00', '2023-01-30 16:21:26', 1),
(11, 'Men Navy Blue & White Placement Striped Pure Cotton Slim Fit T-shirt', 'Product-03', 'men-navy-blue-white-placement-striped-pure-cotton-slim-fit-t-shirt-l-blue-slim-fit-vnky8c75-11', 'L7jhxd', 5, 'Men Navy Blue & White Placement Striped Pure Cotton Slim Fit T-shirt', '<div class=\"row\"><div class=\"col-12 col-md-3\"><h5><strong>Size &amp; Fit</strong></h5><ul><li style=\"list-style-type: circle;\">Regular Fit</li></ul></div><div class=\"col-12 col-md-3\"><h5><strong>Fabric</strong></h5><ul><li style=\"list-style-type: circle;\">Pure Cotton</li></ul></div><div class=\"col-12 col-md-3\"><h5><strong>Neck</strong></h5><ul><li style=\"list-style-type: circle;\">Round Neck</li></ul></div><div class=\"col-12 col-md-3\"><h5><strong>Sleeve Styling</strong></h5><ul><li style=\"list-style-type: circle;\">Regular Sleeves</li></ul></div></div>', 20, 1, 18, 1, 9, '', '', '', 1600, 1792, 40, 716.8, 1075, 'Striped,Cotton ,Slim Fit T-Shirt,Slim Fit, Cotton Slim Fit,Men Cotton Tshirt,Navy Blue Tshirt,White Tshirt', '12', 'exclusive', 192, '1.jpg|1.webp|2.webp|3.webp|4.webp|5.webp|6.jpg', 'cover_image.webp', 1, 1, 0, 0, '', '', '', '', '', 1, 999, '2022-11-25 13:00:00', '2023-01-16 18:19:55', 1),
(12, 'Men Navy Blue & White Placement Striped Pure Cotton Slim Fit T-shirt', 'Product-03', 'men-navy-blue-white-placement-striped-pure-cotton-slim-fit-t-shirt-xl-blue-slim-fit-vnky8c75-12', 'L7jhxd', 5, 'Men Navy Blue & White Placement Striped Pure Cotton Slim Fit T-shirt', '<div class=\"row\"><div class=\"col-12 col-md-3\"><h5><strong>Size &amp; Fit</strong></h5><ul><li style=\"list-style-type: circle;\">Regular Fit</li></ul></div><div class=\"col-12 col-md-3\"><h5><strong>Fabric</strong></h5><ul><li style=\"list-style-type: circle;\">Pure Cotton</li></ul></div><div class=\"col-12 col-md-3\"><h5><strong>Neck</strong></h5><ul><li style=\"list-style-type: circle;\">Round Neck</li></ul></div><div class=\"col-12 col-md-3\"><h5><strong>Sleeve Styling</strong></h5><ul><li style=\"list-style-type: circle;\">Regular Sleeves</li></ul></div></div>', 20, 1, 18, 1, 9, '', '', '', 1600, 1792, 40, 716.8, 1075, 'Striped,Cotton ,Slim Fit T-Shirt,Slim Fit, Cotton Slim Fit,Men Cotton Tshirt,Navy Blue Tshirt,White Tshirt', '12', 'exclusive', 192, '1.jpg|1.webp|2.webp|3.webp|4.webp|5.webp|6.jpg', 'cover_image.webp', 1, 1, 0, 0, '', '', '', '', '', 1, 999, '2022-11-25 13:00:00', '2023-01-16 18:19:55', 1),
(13, 'Men Navy Blue & White Placement Striped Pure Cotton Slim Fit T-shirt', 'Product-03', 'men-navy-blue-white-placement-striped-pure-cotton-slim-fit-t-shirt-xxl-blue-slim-fit-vnky8c75-13', 'L7jhxd', 5, 'Men Navy Blue & White Placement Striped Pure Cotton Slim Fit T-shirt', '<div class=\"row\"><div class=\"col-12 col-md-3\"><h5><strong>Size &amp; Fit</strong></h5><ul><li style=\"list-style-type: circle;\">Regular Fit</li></ul></div><div class=\"col-12 col-md-3\"><h5><strong>Fabric</strong></h5><ul><li style=\"list-style-type: circle;\">Pure Cotton</li></ul></div><div class=\"col-12 col-md-3\"><h5><strong>Neck</strong></h5><ul><li style=\"list-style-type: circle;\">Round Neck</li></ul></div><div class=\"col-12 col-md-3\"><h5><strong>Sleeve Styling</strong></h5><ul><li style=\"list-style-type: circle;\">Regular Sleeves</li></ul></div></div>', 20, 1, 18, 1, 9, '', '', '', 1600, 1792, 40, 716.8, 1075, 'Striped,Cotton ,Slim Fit T-Shirt,Slim Fit, Cotton Slim Fit,Men Cotton Tshirt,Navy Blue Tshirt,White Tshirt', '12', 'exclusive', 192, '1.jpg|1.webp|2.webp|3.webp|4.webp|5.webp|6.jpg', 'cover_image.webp', 2, 1, 0, 0, '', '', '', '', '', 1, 999, '2022-11-25 13:00:00', '2023-01-16 18:19:55', 1),
(14, 'Men Teal Green Slim Fit Tropical Printed Pure Cotton T-shirt', 'Product-04', 'men-teal-green-slim-fit-tropical-printed-pure-cotton-t-shirt-s-teal-vnky8c75-14', 'ZA0NxR', 3, 'Men Teal Green Slim Fit Tropical Printed Pure Cotton T-shirt', '<div class=\"row\"><div class=\"col-12 col-md-3\"><h5><strong><span style=\"font-size: 14px;\">Size &amp; Fit</span></strong></h5><ul><li style=\"list-style-type: circle;\">Regular Fit</li></ul></div><div class=\"col-12 col-md-3\"><h5><strong><span style=\"font-size: 14px;\">Fabric</span></strong></h5><ul><li style=\"list-style-type: circle;\">Pure Cotton</li></ul></div><div class=\"col-12 col-md-3\"><h5><strong><span style=\"font-size: 14px;\">Neck</span></strong></h5><ul><li style=\"list-style-type: circle;\">Round Neck</li></ul></div><div class=\"col-12 col-md-3\"><h5><strong><span style=\"font-size: 14px;\">Sleeve Styling</span></strong></h5><ul><li style=\"list-style-type: circle;\">Regular Sleeves</li></ul></div></div>', 20, 1, 67, 1, 9, '', '', '', 1050, 1176, 60, 705.6, 470, 'Cotton ,Slim Fit, Cotton Slim Fit,Men Cotton Tshirt,Teal Green Tshirt,Printed  Tshirt,Printed Pure Cotton T-Shirt', '12', 'exclusive', 126, '1.webp|2.jpg|3.webp|4.webp|5.webp', 'cover_image.webp', 82, 1, 0, 0, '', '', '', '', '', 1, 999, '2022-11-26 11:48:11', '2023-01-16 23:30:41', 1),
(15, 'Men Teal Green Slim Fit Tropical Printed Pure Cotton T-shirt', 'Product-04', 'men-teal-green-slim-fit-tropical-printed-pure-cotton-t-shirt-m-teal-vnky8c75-15', 'ZA0NxR', 3, 'Men Teal Green Slim Fit Tropical Printed Pure Cotton T-shirt', '<div class=\"row\"><div class=\"col-12 col-md-3\"><h5><strong><span style=\"font-size: 14px;\">Size &amp; Fit</span></strong></h5><ul><li style=\"list-style-type: circle;\">Regular Fit</li></ul></div><div class=\"col-12 col-md-3\"><h5><strong><span style=\"font-size: 14px;\">Fabric</span></strong></h5><ul><li style=\"list-style-type: circle;\">Pure Cotton</li></ul></div><div class=\"col-12 col-md-3\"><h5><strong><span style=\"font-size: 14px;\">Neck</span></strong></h5><ul><li style=\"list-style-type: circle;\">Round Neck</li></ul></div><div class=\"col-12 col-md-3\"><h5><strong><span style=\"font-size: 14px;\">Sleeve Styling</span></strong></h5><ul><li style=\"list-style-type: circle;\">Regular Sleeves</li></ul></div></div>', 20, 1, 67, 1, 9, '', '', '', 1050, 1176, 60, 705.6, 470, 'Cotton ,Slim Fit, Cotton Slim Fit,Men Cotton Tshirt,Teal Green Tshirt,Printed  Tshirt,Printed Pure Cotton T-Shirt', '12', 'exclusive', 126, '1.webp|2.jpg|3.webp|4.webp|5.webp', 'cover_image.webp', 25, 1, 0, 0, '', '', '', '', '', 1, 999, '2022-11-25 13:00:00', '2023-01-16 23:09:57', 1),
(16, 'Men Teal Green Slim Fit Tropical Printed Pure Cotton T-shirt', 'Product-04', 'men-teal-green-slim-fit-tropical-printed-pure-cotton-t-shirt-l-teal-vnky8c75-16', 'ZA0NxR', 3, 'Men Teal Green Slim Fit Tropical Printed Pure Cotton T-shirt', '<div class=\"row\"><div class=\"col-12 col-md-3\"><h5><strong><span style=\"font-size: 14px;\">Size &amp; Fit</span></strong></h5><ul><li style=\"list-style-type: circle;\">Regular Fit</li></ul></div><div class=\"col-12 col-md-3\"><h5><strong><span style=\"font-size: 14px;\">Fabric</span></strong></h5><ul><li style=\"list-style-type: circle;\">Pure Cotton</li></ul></div><div class=\"col-12 col-md-3\"><h5><strong><span style=\"font-size: 14px;\">Neck</span></strong></h5><ul><li style=\"list-style-type: circle;\">Round Neck</li></ul></div><div class=\"col-12 col-md-3\"><h5><strong><span style=\"font-size: 14px;\">Sleeve Styling</span></strong></h5><ul><li style=\"list-style-type: circle;\">Regular Sleeves</li></ul></div></div>', 20, 1, 67, 1, 9, '', '', '', 1050, 1176, 60, 705.6, 470, 'Cotton ,Slim Fit, Cotton Slim Fit,Men Cotton Tshirt,Teal Green Tshirt,Printed  Tshirt,Printed Pure Cotton T-Shirt', '12', 'exclusive', 126, '1.webp|2.jpg|3.webp|4.webp|5.webp', 'cover_image.webp', 28, 1, 0, 0, '', '', '', '', '', 1, 999, '2022-11-25 13:00:00', '2023-01-17 21:45:44', 1),
(17, 'Men Teal Green Slim Fit Tropical Printed Pure Cotton T-shirt', 'Product-04', 'men-teal-green-slim-fit-tropical-printed-pure-cotton-t-shirt-xl-teal-vnky8c75-17', 'ZA0NxR', 3, 'Men Teal Green Slim Fit Tropical Printed Pure Cotton T-shirt', '<div class=\"row\"><div class=\"col-12 col-md-3\"><h5><strong><span style=\"font-size: 14px;\">Size &amp; Fit</span></strong></h5><ul><li style=\"list-style-type: circle;\">Regular Fit</li></ul></div><div class=\"col-12 col-md-3\"><h5><strong><span style=\"font-size: 14px;\">Fabric</span></strong></h5><ul><li style=\"list-style-type: circle;\">Pure Cotton</li></ul></div><div class=\"col-12 col-md-3\"><h5><strong><span style=\"font-size: 14px;\">Neck</span></strong></h5><ul><li style=\"list-style-type: circle;\">Round Neck</li></ul></div><div class=\"col-12 col-md-3\"><h5><strong><span style=\"font-size: 14px;\">Sleeve Styling</span></strong></h5><ul><li style=\"list-style-type: circle;\">Regular Sleeves</li></ul></div></div>', 20, 1, 67, 1, 9, '', '', '', 1050, 1176, 60, 705.6, 470, 'Cotton ,Slim Fit, Cotton Slim Fit,Men Cotton Tshirt,Teal Green Tshirt,Printed  Tshirt,Printed Pure Cotton T-Shirt', '12', 'exclusive', 126, '1.webp|2.jpg|3.webp|4.webp|5.webp', 'cover_image.webp', 27, 1, 0, 0, '', '', '', '', '', 1, 999, '2022-11-25 13:00:00', '2023-01-16 18:19:55', 1),
(18, 'Men White Grey Printed Slim Fit Training or Gym Pure Cotton T-shirt', 'Product-05', 'men-white-grey-printed-slim-fit-training-or-gym-pure-cotton-t-shirt-s-lightgrey-vnky8c75-18', 'ZA0NxR', 3, 'Men White Grey Printed Slim Fit Training or Gym Pure Cotton T-shirt', '<div class=\"row\"><div class=\"col-12 col-md-3\"><h5><strong>Size &amp; Fit</strong></h5><ul><li style=\"list-style-type: circle;\">Regular Fit</li></ul></div><div class=\"col-12 col-md-3\"><h5><strong>Fabric</strong></h5><ul><li style=\"list-style-type: circle;\">Pure Cotton</li></ul></div><div class=\"col-12 col-md-3\"><h5><strong>Neck</strong></h5><ul><li style=\"list-style-type: circle;\">Round Neck</li></ul></div><div class=\"col-12 col-md-3\"><h5><strong>Sleeve Styling</strong></h5><ul><li style=\"list-style-type: circle;\">Regular Sleeves</li></ul></div></div>', 30, 1, 67, 1, 9, '', '', '', 1050, 1176, 50, 588, 588, '', '12', 'exclusive', 126, '1.jpg|2.jpg|3.webp|4.webp|5.webp', 'cover_image.jpg', 18, 1, 0, 0, '', '', '', '', '', 1, 1, '2022-11-26 12:18:03', '2023-01-16 18:19:55', 1),
(19, 'Men White Grey Printed Slim Fit Training or Gym Pure Cotton T-shirt', 'Product-05', 'men-white-grey-printed-slim-fit-training-or-gym-pure-cotton-t-shirt-m-lightgrey-vnky8c75-19', 'ZA0NxR', 3, 'Men White Grey Printed Slim Fit Training or Gym Pure Cotton T-shirt', '<div class=\"row\"><div class=\"col-12 col-md-3\"><h5><strong>Size &amp; Fit</strong></h5><ul><li style=\"list-style-type: circle;\">Regular Fit</li></ul></div><div class=\"col-12 col-md-3\"><h5><strong>Fabric</strong></h5><ul><li style=\"list-style-type: circle;\">Pure Cotton</li></ul></div><div class=\"col-12 col-md-3\"><h5><strong>Neck</strong></h5><ul><li style=\"list-style-type: circle;\">Round Neck</li></ul></div><div class=\"col-12 col-md-3\"><h5><strong>Sleeve Styling</strong></h5><ul><li style=\"list-style-type: circle;\">Regular Sleeves</li></ul></div></div>', 30, 1, 67, 1, 9, '', '', '', 1050, 1176, 50, 588, 588, '', '12', 'exclusive', 126, '1.jpg|2.jpg|3.webp|4.webp|5.webp', 'cover_image.jpg', 1, 1, 0, 0, '', '', '', '', '', 1, 1, '2022-11-25 13:00:00', '2023-01-16 18:19:55', 1),
(20, 'Men White Grey Printed Slim Fit Training or Gym Pure Cotton T-shirt', 'Product-05', 'men-white-grey-printed-slim-fit-training-or-gym-pure-cotton-t-shirt-l-lightgrey-vnky8c75-20', 'ZA0NxR', 3, 'Men White Grey Printed Slim Fit Training or Gym Pure Cotton T-shirt', '<div class=\"row\"><div class=\"col-12 col-md-3\"><h5><strong>Size &amp; Fit</strong></h5><ul><li style=\"list-style-type: circle;\">Regular Fit</li></ul></div><div class=\"col-12 col-md-3\"><h5><strong>Fabric</strong></h5><ul><li style=\"list-style-type: circle;\">Pure Cotton</li></ul></div><div class=\"col-12 col-md-3\"><h5><strong>Neck</strong></h5><ul><li style=\"list-style-type: circle;\">Round Neck</li></ul></div><div class=\"col-12 col-md-3\"><h5><strong>Sleeve Styling</strong></h5><ul><li style=\"list-style-type: circle;\">Regular Sleeves</li></ul></div></div>', 30, 1, 67, 1, 9, '', '', '', 1050, 1176, 50, 588, 588, '', '12', 'exclusive', 126, '1.jpg|2.jpg|3.webp|4.webp|5.webp', 'cover_image.jpg', 7, 1, 0, 0, '', '', '', '', '', 1, 1, '2022-11-25 13:00:00', '2023-01-17 21:45:40', 1),
(21, 'Men Olive Green Printed Tropical Slim Fit T-shirt', 'Product-06', 'men-olive-green-printed-tropical-slim-fit-t-shirt-m-green-vnky8c75-21', 'ZA0NxR', 3, 'Men Olive Green Printed Tropical Slim Fit T-shirt', '<div class=\"row\"><div class=\"col-12 col-md-3\"><h5><strong>Size &amp; Fit</strong></h5><ul><li style=\"list-style-type: circle;\">Regular Fit</li></ul></div><div class=\"col-12 col-md-3\"><h5><strong>Fabric</strong></h5><ul><li style=\"list-style-type: circle;\">Pure Cotton</li></ul></div><div class=\"col-12 col-md-3\"><h5><strong>Neck</strong></h5><ul><li style=\"list-style-type: circle;\">Round Neck</li></ul></div><div class=\"col-12 col-md-3\"><h5><strong>Sleeve Styling</strong></h5><ul><li style=\"list-style-type: circle;\">Regular Sleeves</li></ul></div></div>', 30, 1, 67, 1, 9, '', '', '', 1050, 1176, 60, 705.6, 470, '', '12', 'exclusive', 126, '1.jpg|2.jpg|3.webp|4.jpg|5.webp', 'cover_image.jpg', 33, 1, 0, 0, '', '', '', '', '', 1, 0, '2022-11-26 12:21:37', '2023-01-31 17:20:34', 1),
(22, 'Men Olive Green Printed Tropical Slim Fit T-shirt', 'Product-06', 'men-olive-green-printed-tropical-slim-fit-t-shirt-l-green-vnky8c75-22', 'ZA0NxR', 3, 'Men Olive Green Printed Tropical Slim Fit T-shirt', '<div class=\"row\"><div class=\"col-12 col-md-3\"><h5><strong>Size &amp; Fit</strong></h5><ul><li style=\"list-style-type: circle;\">Regular Fit</li></ul></div><div class=\"col-12 col-md-3\"><h5><strong>Fabric</strong></h5><ul><li style=\"list-style-type: circle;\">Pure Cotton</li></ul></div><div class=\"col-12 col-md-3\"><h5><strong>Neck</strong></h5><ul><li style=\"list-style-type: circle;\">Round Neck</li></ul></div><div class=\"col-12 col-md-3\"><h5><strong>Sleeve Styling</strong></h5><ul><li style=\"list-style-type: circle;\">Regular Sleeves</li></ul></div></div>', 30, 1, 67, 1, 9, '', '', '', 1050, 1176, 60, 705.6, 470, '', '12', 'exclusive', 126, '1.jpg|2.jpg|3.webp|4.jpg|5.webp', 'cover_image.jpg', 9, 1, 0, 0, '', '', '', '', '', 1, 1, '2022-11-25 13:00:00', '2023-01-17 21:47:28', 1),
(23, 'Men Olive Green Printed Tropical Slim Fit T-shirt', 'Product-06', 'men-olive-green-printed-tropical-slim-fit-t-shirt-xl-green-vnky8c75-23', 'ZA0NxR', 3, 'Men Olive Green Printed Tropical Slim Fit T-shirt', '<div class=\"row\"><div class=\"col-12 col-md-3\"><h5><strong>Size &amp; Fit</strong></h5><ul><li style=\"list-style-type: circle;\">Regular Fit</li></ul></div><div class=\"col-12 col-md-3\"><h5><strong>Fabric</strong></h5><ul><li style=\"list-style-type: circle;\">Pure Cotton</li></ul></div><div class=\"col-12 col-md-3\"><h5><strong>Neck</strong></h5><ul><li style=\"list-style-type: circle;\">Round Neck</li></ul></div><div class=\"col-12 col-md-3\"><h5><strong>Sleeve Styling</strong></h5><ul><li style=\"list-style-type: circle;\">Regular Sleeves</li></ul></div></div>', 30, 1, 67, 1, 9, '', '', '', 1050, 1176, 60, 705.6, 470, '', '12', 'exclusive', 126, '1.jpg|2.jpg|3.webp|4.jpg|5.webp', 'cover_image.jpg', 5, 1, 0, 0, '', '', '', '', '', 1, 1, '2022-11-25 13:00:00', '2023-01-16 18:19:55', 1),
(24, 'Men Olive Green Printed Tropical Slim Fit T-shirt', 'Product-06', 'men-olive-green-printed-tropical-slim-fit-t-shirt-xxl-green-vnky8c75-24', 'ZA0NxR', 3, 'Men Olive Green Printed Tropical Slim Fit T-shirt', '<div class=\"row\"><div class=\"col-12 col-md-3\"><h5><strong>Size &amp; Fit</strong></h5><ul><li style=\"list-style-type: circle;\">Regular Fit</li></ul></div><div class=\"col-12 col-md-3\"><h5><strong>Fabric</strong></h5><ul><li style=\"list-style-type: circle;\">Pure Cotton</li></ul></div><div class=\"col-12 col-md-3\"><h5><strong>Neck</strong></h5><ul><li style=\"list-style-type: circle;\">Round Neck</li></ul></div><div class=\"col-12 col-md-3\"><h5><strong>Sleeve Styling</strong></h5><ul><li style=\"list-style-type: circle;\">Regular Sleeves</li></ul></div></div>', 30, 1, 67, 1, 9, '', '', '', 1050, 1176, 60, 705.6, 470, '', '12', 'exclusive', 126, '1.jpg|2.jpg|3.webp|4.jpg|5.webp', 'cover_image.jpg', 22, 1, 0, 0, '', '', '', '', '', 1, 1, '2022-11-25 13:00:00', '2023-01-16 23:09:25', 1),
(25, 'Men Mustard Yellow Printed Slim Fit Pure Cotton T-shirt', 'Product-06', 'men-mustard-yellow-printed-slim-fit-pure-cotton-t-shirt-l-mustard-vnky8c75-25', 'ZA0NxR', 3, 'Men Mustard Yellow Printed Slim Fit Pure Cotton T-shirt', '<div class=\"row\"><div class=\"col-12 col-md-3\"><h5><strong><span style=\"font-size: 14px;\">Size &amp; Fit</span></strong></h5><ul><li style=\"list-style-type: circle;\">Regular Fit</li></ul></div><div class=\"col-12 col-md-3\"><h5><strong><span style=\"font-size: 14px;\">Fabric</span></strong></h5><ul><li style=\"list-style-type: circle;\">Pure Cotton</li></ul></div><div class=\"col-12 col-md-3\"><h5><strong><span style=\"font-size: 14px;\">Neck</span></strong></h5><ul><li style=\"list-style-type: circle;\">Round Neck</li></ul></div><div class=\"col-12 col-md-3\"><h5><strong><span style=\"font-size: 14px;\">Sleeve Styling</span></strong></h5><ul><li style=\"list-style-type: circle;\">Regular Sleeves</li></ul></div></div>', 20, 1, 67, 1, 9, '', '', '', 1050, 1176, 65, 764.4, 412, 'Cotton ,Slim Fit, Cotton Slim Fit,Men Cotton Tshirt,Printed  Tshirt,Printed Pure Cotton T-Shirt,Yellow Tshirt', '12', 'exclusive', 126, '1.webp|2.jpg|3.webp|4.webp|5.jpg', 'cover_image.webp', 19, 1, 0, 0, '', '', '', '', '', 1, 999, '2022-11-26 12:26:37', '2023-01-17 21:43:17', 1),
(26, 'Men Mustard Yellow Printed Slim Fit Pure Cotton T-shirt', 'Product-06', 'men-mustard-yellow-printed-slim-fit-pure-cotton-t-shirt-xl-mustard-vnky8c75-26', 'ZA0NxR', 3, 'Men Mustard Yellow Printed Slim Fit Pure Cotton T-shirt', '<div class=\"row\"><div class=\"col-12 col-md-3\"><h5><strong><span style=\"font-size: 14px;\">Size &amp; Fit</span></strong></h5><ul><li style=\"list-style-type: circle;\">Regular Fit</li></ul></div><div class=\"col-12 col-md-3\"><h5><strong><span style=\"font-size: 14px;\">Fabric</span></strong></h5><ul><li style=\"list-style-type: circle;\">Pure Cotton</li></ul></div><div class=\"col-12 col-md-3\"><h5><strong><span style=\"font-size: 14px;\">Neck</span></strong></h5><ul><li style=\"list-style-type: circle;\">Round Neck</li></ul></div><div class=\"col-12 col-md-3\"><h5><strong><span style=\"font-size: 14px;\">Sleeve Styling</span></strong></h5><ul><li style=\"list-style-type: circle;\">Regular Sleeves</li></ul></div></div>', 20, 1, 67, 1, 9, '', '', '', 1050, 1176, 65, 764.4, 412, 'Cotton ,Slim Fit, Cotton Slim Fit,Men Cotton Tshirt,Printed  Tshirt,Printed Pure Cotton T-Shirt,Yellow Tshirt', '12', 'exclusive', 126, '1.webp|2.jpg|3.webp|4.webp|5.jpg', 'cover_image.webp', 7, 1, 0, 0, '', '', '', '', '', 1, 999, '2022-11-25 13:00:00', '2023-01-16 18:19:55', 1),
(27, 'Men Mustard Yellow Printed Slim Fit Pure Cotton T-shirt', 'Product-06', 'men-mustard-yellow-printed-slim-fit-pure-cotton-t-shirt-xxl-mustard-vnky8c75-27', 'ZA0NxR', 3, 'Men Mustard Yellow Printed Slim Fit Pure Cotton T-shirt', '<div class=\"row\"><div class=\"col-12 col-md-3\"><h5><strong><span style=\"font-size: 14px;\">Size &amp; Fit</span></strong></h5><ul><li style=\"list-style-type: circle;\">Regular Fit</li></ul></div><div class=\"col-12 col-md-3\"><h5><strong><span style=\"font-size: 14px;\">Fabric</span></strong></h5><ul><li style=\"list-style-type: circle;\">Pure Cotton</li></ul></div><div class=\"col-12 col-md-3\"><h5><strong><span style=\"font-size: 14px;\">Neck</span></strong></h5><ul><li style=\"list-style-type: circle;\">Round Neck</li></ul></div><div class=\"col-12 col-md-3\"><h5><strong><span style=\"font-size: 14px;\">Sleeve Styling</span></strong></h5><ul><li style=\"list-style-type: circle;\">Regular Sleeves</li></ul></div></div>', 20, 1, 67, 1, 9, '', '', '', 1050, 1176, 65, 764.4, 412, 'Cotton ,Slim Fit, Cotton Slim Fit,Men Cotton Tshirt,Printed  Tshirt,Printed Pure Cotton T-Shirt,Yellow Tshirt,Mustard Yellow Tshirt', '12', 'exclusive', 126, '1.webp|2.jpg|3.webp|4.webp|5.jpg', 'cover_image.webp', 4, 1, 0, 0, '', '', '', '', '', 1, 999, '2022-11-25 13:00:00', '2023-01-16 18:19:55', 1),
(28, 'Men Black Slim Fit Casual Shirt', 'Product-07', 'men-black-slim-fit-casual-shirt-s-black-vne98q7y-28', 'xk1Tvt', 4, 'Men Black Slim Fit Casual Shirt', '<div class=\"row\"><div class=\"col-12 col-md-3\"><h5><strong><span style=\"font-size: 14px;\">Size &amp; Fit</span></strong></h5><ul><li style=\"list-style-type: circle;\">Regular Fit</li></ul></div><div class=\"col-12 col-md-3\"><h5><strong><span style=\"font-size: 14px;\">Fabric</span></strong></h5><ul><li style=\"list-style-type: circle;\">Pure Cotton</li></ul></div><div class=\"col-12 col-md-3\"><h5><strong><span style=\"font-size: 14px;\">Neck</span></strong></h5><ul><li style=\"list-style-type: circle;\">Round Neck</li></ul></div><div class=\"col-12 col-md-3\"><h5><strong><span style=\"font-size: 14px;\">Sleeve Styling</span></strong></h5><ul><li style=\"list-style-type: circle;\">Regular Sleeves</li></ul></div></div>', 20, 2, 68, 1, 10, '', '', '', 1200, 1344, 50, 672, 672, 'Black Slim Fit,Black Tshirt,Casual Shirt,Slim Fit Tshirt,Men Slim Fit Tshirt', '12', 'exclusive', 144, '41jSyxn8k6L._SY679._SX._UX._SY._UY_.jpg|51fINxhUNwL._SY679._SX._UX._SY._UY_.jpg|51smAeTCuFL._SX679._SX._UX._SY._UY_.jpg|51Usps+YB1L._SY679._SX._UX._SY._UY_.jpg|61hZHfF+N-L._SY679._SX._UX._SY._UY_.jpg', 'cover_image.jpg', 19, 1, 0, 0, '', '', '', '', '', 1, 999, '2022-11-26 12:39:26', '2023-01-16 18:19:55', 1),
(29, 'Men Black Slim Fit Casual Shirt', 'Product-07', 'men-black-slim-fit-casual-shirt-m-black-vne98q7y-29', 'xk1Tvt', 4, 'Men Black Slim Fit Casual Shirt', '<div class=\"row\"><div class=\"col-12 col-md-3\"><h5><strong><span style=\"font-size: 14px;\">Size &amp; Fit</span></strong></h5><ul><li style=\"list-style-type: circle;\">Regular Fit</li></ul></div><div class=\"col-12 col-md-3\"><h5><strong><span style=\"font-size: 14px;\">Fabric</span></strong></h5><ul><li style=\"list-style-type: circle;\">Pure Cotton</li></ul></div><div class=\"col-12 col-md-3\"><h5><strong><span style=\"font-size: 14px;\">Neck</span></strong></h5><ul><li style=\"list-style-type: circle;\">Round Neck</li></ul></div><div class=\"col-12 col-md-3\"><h5><strong><span style=\"font-size: 14px;\">Sleeve Styling</span></strong></h5><ul><li style=\"list-style-type: circle;\">Regular Sleeves</li></ul></div></div>', 20, 2, 68, 1, 10, '', '', '', 1200, 1344, 50, 672, 672, '', '12', 'exclusive', 144, '41jSyxn8k6L._SY679._SX._UX._SY._UY_.jpg|51fINxhUNwL._SY679._SX._UX._SY._UY_.jpg|51smAeTCuFL._SX679._SX._UX._SY._UY_.jpg|51Usps+YB1L._SY679._SX._UX._SY._UY_.jpg|61hZHfF+N-L._SY679._SX._UX._SY._UY_.jpg', 'cover_image.jpg', 22, 1, 0, 0, '', '', '', '', '', 1, 1, '2022-11-25 13:00:00', '2023-01-30 17:43:49', 1),
(30, 'Men Black Slim Fit Casual Shirt', 'Product-07', 'men-black-slim-fit-casual-shirt-l-black-vne98q7y-30', 'xk1Tvt', 4, 'Men Black Slim Fit Casual Shirt', '<div class=\"row\"><div class=\"col-12 col-md-3\"><h5><strong><span style=\"font-size: 14px;\">Size &amp; Fit</span></strong></h5><ul><li style=\"list-style-type: circle;\">Regular Fit</li></ul></div><div class=\"col-12 col-md-3\"><h5><strong><span style=\"font-size: 14px;\">Fabric</span></strong></h5><ul><li style=\"list-style-type: circle;\">Pure Cotton</li></ul></div><div class=\"col-12 col-md-3\"><h5><strong><span style=\"font-size: 14px;\">Neck</span></strong></h5><ul><li style=\"list-style-type: circle;\">Round Neck</li></ul></div><div class=\"col-12 col-md-3\"><h5><strong><span style=\"font-size: 14px;\">Sleeve Styling</span></strong></h5><ul><li style=\"list-style-type: circle;\">Regular Sleeves</li></ul></div></div>', 20, 2, 68, 1, 10, '', '', '', 1200, 1344, 50, 672, 672, '', '12', 'exclusive', 144, '41jSyxn8k6L._SY679._SX._UX._SY._UY_.jpg|51fINxhUNwL._SY679._SX._UX._SY._UY_.jpg|51smAeTCuFL._SX679._SX._UX._SY._UY_.jpg|51Usps+YB1L._SY679._SX._UX._SY._UY_.jpg|61hZHfF+N-L._SY679._SX._UX._SY._UY_.jpg', 'cover_image.jpg', 1, 1, 0, 0, '', '', '', '', '', 1, 1, '2022-11-25 13:00:00', '2023-01-16 18:19:55', 1),
(31, 'Men Black Slim Fit Casual Shirt', 'Product-07', 'men-black-slim-fit-casual-shirt-xl-black-vne98q7y-31', 'xk1Tvt', 4, 'Men Black Slim Fit Casual Shirt', '<div class=\"row\"><div class=\"col-12 col-md-3\"><h5><strong><span style=\"font-size: 14px;\">Size &amp; Fit</span></strong></h5><ul><li style=\"list-style-type: circle;\">Regular Fit</li></ul></div><div class=\"col-12 col-md-3\"><h5><strong><span style=\"font-size: 14px;\">Fabric</span></strong></h5><ul><li style=\"list-style-type: circle;\">Pure Cotton</li></ul></div><div class=\"col-12 col-md-3\"><h5><strong><span style=\"font-size: 14px;\">Neck</span></strong></h5><ul><li style=\"list-style-type: circle;\">Round Neck</li></ul></div><div class=\"col-12 col-md-3\"><h5><strong><span style=\"font-size: 14px;\">Sleeve Styling</span></strong></h5><ul><li style=\"list-style-type: circle;\">Regular Sleeves</li></ul></div></div>', 20, 2, 68, 1, 10, '', '', '', 1200, 1344, 50, 672, 672, '', '12', 'exclusive', 144, '41jSyxn8k6L._SY679._SX._UX._SY._UY_.jpg|51fINxhUNwL._SY679._SX._UX._SY._UY_.jpg|51smAeTCuFL._SX679._SX._UX._SY._UY_.jpg|51Usps+YB1L._SY679._SX._UX._SY._UY_.jpg|61hZHfF+N-L._SY679._SX._UX._SY._UY_.jpg', 'cover_image.jpg', 0, 1, 0, 0, '', '', '', '', '', 1, 1, '2022-11-25 13:00:00', '2023-01-16 18:19:55', 1),
(32, 'Men Grey Solid Slim Fit Cotton Casual Shirt', 'Product-07', 'men-grey-solid-slim-fit-cotton-casual-shirt-s-lightgrey-vne98q7y-32', 'xk1Tvt', 4, 'Men Grey Solid Slim Fit Cotton Casual Shirt', '<div class=\"row\"><div class=\"col-12 col-md-3\"><h5><strong>Size &amp; Fit</strong></h5><ul><li style=\"list-style-type: circle;\">Regular Fit</li></ul></div><div class=\"col-12 col-md-3\"><h5><strong>Fabric</strong></h5><ul><li style=\"list-style-type: circle;\">Pure Cotton</li></ul></div><div class=\"col-12 col-md-3\"><h5><strong>Neck</strong></h5><ul><li style=\"list-style-type: circle;\">Round Neck</li></ul></div><div class=\"col-12 col-md-3\"><h5><strong>Sleeve Styling</strong></h5><ul><li style=\"list-style-type: circle;\">Regular Sleeves</li></ul></div></div>', 20, 2, 68, 1, 10, '', '', '', 1200, 1344, 50, 672, 672, 'Black Slim Fit,Black Tshirt,Casual Shirt,Slim Fit Shirt,Men Grey Solid slim fit shirt,Cotton Casual Shirt', '12', 'exclusive', 144, '61JipNNbkZL._SX679._SX._UX._SY._UY_.jpg|512+G95WuhL._SY679._SX._UX._SY._UY_.jpg|613h3u6cvJL._SY679._SX._UX._SY._UY_ (1).jpg|613h3u6cvJL._SY679._SX._UX._SY._UY_.jpg|618EE6mXecL._SY679._SX._UX._SY._UY_.jpg', 'cover_image.jpg', 1, 1, 0, 0, '', '', '', '', '', 1, 999, '2022-11-28 11:59:36', '2023-01-16 18:19:55', 1),
(33, 'Men Grey Solid Slim Fit Cotton Casual Shirt', 'Product-07', 'men-grey-solid-slim-fit-cotton-casual-shirt-m-lightgrey-vne98q7y-33', 'xk1Tvt', 4, 'Men Grey Solid Slim Fit Cotton Casual Shirt', '<div class=\"row\"><div class=\"col-12 col-md-3\"><h5><strong>Size &amp; Fit</strong></h5><ul><li style=\"list-style-type: circle;\">Regular Fit</li></ul></div><div class=\"col-12 col-md-3\"><h5><strong>Fabric</strong></h5><ul><li style=\"list-style-type: circle;\">Pure Cotton</li></ul></div><div class=\"col-12 col-md-3\"><h5><strong>Neck</strong></h5><ul><li style=\"list-style-type: circle;\">Round Neck</li></ul></div><div class=\"col-12 col-md-3\"><h5><strong>Sleeve Styling</strong></h5><ul><li style=\"list-style-type: circle;\">Regular Sleeves</li></ul></div></div>', 20, 2, 68, 1, 10, '', '', '', 1200, 1344, 50, 672, 672, '', '12', 'exclusive', 144, '61JipNNbkZL._SX679._SX._UX._SY._UY_.jpg|512+G95WuhL._SY679._SX._UX._SY._UY_.jpg|613h3u6cvJL._SY679._SX._UX._SY._UY_ (1).jpg|613h3u6cvJL._SY679._SX._UX._SY._UY_.jpg|618EE6mXecL._SY679._SX._UX._SY._UY_.jpg', 'cover_image.jpg', 0, 1, 0, 0, '', '', '', '', '', 1, 1, '2022-11-27 13:00:00', '2023-01-16 18:19:55', 1),
(34, 'Men Grey Solid Slim Fit Cotton Casual Shirt', 'Product-07', 'men-grey-solid-slim-fit-cotton-casual-shirt-l-lightgrey-vne98q7y-34', 'xk1Tvt', 4, 'Men Grey Solid Slim Fit Cotton Casual Shirt', '<div class=\"row\"><div class=\"col-12 col-md-3\"><h5><strong>Size &amp; Fit</strong></h5><ul><li style=\"list-style-type: circle;\">Regular Fit</li></ul></div><div class=\"col-12 col-md-3\"><h5><strong>Fabric</strong></h5><ul><li style=\"list-style-type: circle;\">Pure Cotton</li></ul></div><div class=\"col-12 col-md-3\"><h5><strong>Neck</strong></h5><ul><li style=\"list-style-type: circle;\">Round Neck</li></ul></div><div class=\"col-12 col-md-3\"><h5><strong>Sleeve Styling</strong></h5><ul><li style=\"list-style-type: circle;\">Regular Sleeves</li></ul></div></div>', 20, 2, 68, 1, 10, '', '', '', 1200, 1344, 50, 672, 672, '', '12', 'exclusive', 144, '61JipNNbkZL._SX679._SX._UX._SY._UY_.jpg|512+G95WuhL._SY679._SX._UX._SY._UY_.jpg|613h3u6cvJL._SY679._SX._UX._SY._UY_ (1).jpg|613h3u6cvJL._SY679._SX._UX._SY._UY_.jpg|618EE6mXecL._SY679._SX._UX._SY._UY_.jpg', 'cover_image.jpg', 0, 1, 0, 0, '', '', '', '', '', 1, 1, '2022-11-27 13:00:00', '2023-01-16 18:19:55', 1),
(35, 'Men Grey Solid Slim Fit Cotton Casual Shirt', 'Product-07', 'men-grey-solid-slim-fit-cotton-casual-shirt-xl-lightgrey-vne98q7y-35', 'xk1Tvt', 4, 'Men Grey Solid Slim Fit Cotton Casual Shirt', '<div class=\"row\"><div class=\"col-12 col-md-3\"><h5><strong>Size &amp; Fit</strong></h5><ul><li style=\"list-style-type: circle;\">Regular Fit</li></ul></div><div class=\"col-12 col-md-3\"><h5><strong>Fabric</strong></h5><ul><li style=\"list-style-type: circle;\">Pure Cotton</li></ul></div><div class=\"col-12 col-md-3\"><h5><strong>Neck</strong></h5><ul><li style=\"list-style-type: circle;\">Round Neck</li></ul></div><div class=\"col-12 col-md-3\"><h5><strong>Sleeve Styling</strong></h5><ul><li style=\"list-style-type: circle;\">Regular Sleeves</li></ul></div></div>', 20, 2, 68, 1, 10, '', '', '', 1200, 1344, 50, 672, 672, '', '12', 'exclusive', 144, '61JipNNbkZL._SX679._SX._UX._SY._UY_.jpg|512+G95WuhL._SY679._SX._UX._SY._UY_.jpg|613h3u6cvJL._SY679._SX._UX._SY._UY_ (1).jpg|613h3u6cvJL._SY679._SX._UX._SY._UY_.jpg|618EE6mXecL._SY679._SX._UX._SY._UY_.jpg', 'cover_image.jpg', 0, 1, 0, 0, '', '', '', '', '', 1, 1, '2022-11-27 13:00:00', '2023-01-16 18:19:55', 1),
(36, 'Men Orange Slim Fit Solid Casual Shirt', 'Product-07', 'men-orange-slim-fit-solid-casual-shirt-s-metallic-orange-vne98q7y-36', 'xk1Tvt', 4, 'Men Orange Slim Fit Solid Casual Shirt', '<div class=\"row\"><div class=\"col-12 col-md-3\"><h5><strong>Size &amp; Fit</strong></h5><ul><li style=\"list-style-type: circle;\">Regular Fit</li></ul></div><div class=\"col-12 col-md-3\"><h5><strong>Fabric</strong></h5><ul><li style=\"list-style-type: circle;\">Pure Cotton</li></ul></div><div class=\"col-12 col-md-3\"><h5><strong>Neck</strong></h5><ul><li style=\"list-style-type: circle;\">Round Neck</li></ul></div><div class=\"col-12 col-md-3\"><h5><strong>Sleeve Styling</strong></h5><ul><li style=\"list-style-type: circle;\">Regular Sleeves</li></ul></div></div>', 20, 2, 68, 1, 10, '', '', '', 1200, 1344, 50, 672, 672, '', '12', 'exclusive', 144, '1.jpg|2.webp|3.jpg|4.webp|5.webp', 'cover_image.jpg', 6, 1, 0, 0, '', '', '', '', '', 1, 1, '2022-11-27 13:00:00', '2023-01-16 18:19:55', 1),
(37, 'Men Orange Slim Fit Solid Casual Shirt', 'Product-07', 'men-orange-slim-fit-solid-casual-shirt-m-metallic-orange-vne98q7y-37', 'xk1Tvt', 4, 'Men Orange Slim Fit Solid Casual Shirt', '<div class=\"row\"><div class=\"col-12 col-md-3\"><h5><strong>Size &amp; Fit</strong></h5><ul><li style=\"list-style-type: circle;\">Regular Fit</li></ul></div><div class=\"col-12 col-md-3\"><h5><strong>Fabric</strong></h5><ul><li style=\"list-style-type: circle;\">Pure Cotton</li></ul></div><div class=\"col-12 col-md-3\"><h5><strong>Neck</strong></h5><ul><li style=\"list-style-type: circle;\">Round Neck</li></ul></div><div class=\"col-12 col-md-3\"><h5><strong>Sleeve Styling</strong></h5><ul><li style=\"list-style-type: circle;\">Regular Sleeves</li></ul></div></div>', 20, 2, 68, 1, 10, '', '', '', 1200, 1344, 50, 672, 672, '', '12', 'exclusive', 144, '1.jpg|2.webp|3.jpg|4.webp|5.webp', 'cover_image.jpg', 0, 1, 0, 0, '', '', '', '', '', 1, 1, '2022-11-27 13:00:00', '2023-01-16 18:19:55', 1),
(38, 'Men Orange Slim Fit Solid Casual Shirt', 'Product-07', 'men-orange-slim-fit-solid-casual-shirt-l-metallic-orange-vne98q7y-38', 'xk1Tvt', 4, 'Men Orange Slim Fit Solid Casual Shirt', '<div class=\"row\"><div class=\"col-12 col-md-3\"><h5><strong>Size &amp; Fit</strong></h5><ul><li style=\"list-style-type: circle;\">Regular Fit</li></ul></div><div class=\"col-12 col-md-3\"><h5><strong>Fabric</strong></h5><ul><li style=\"list-style-type: circle;\">Pure Cotton</li></ul></div><div class=\"col-12 col-md-3\"><h5><strong>Neck</strong></h5><ul><li style=\"list-style-type: circle;\">Round Neck</li></ul></div><div class=\"col-12 col-md-3\"><h5><strong>Sleeve Styling</strong></h5><ul><li style=\"list-style-type: circle;\">Regular Sleeves</li></ul></div></div>', 20, 2, 68, 1, 10, '', '', '', 1200, 1344, 50, 672, 672, '', '12', 'exclusive', 144, '1.jpg|2.webp|3.jpg|4.webp|5.webp', 'cover_image.jpg', 1, 1, 0, 0, '', '', '', '', '', 1, 1, '2022-11-27 13:00:00', '2023-01-16 18:19:55', 1),
(39, 'Men Blue Slim Fit Pure Cotton Solid Casual Shirt', 'Product-07', 'men-blue-slim-fit-pure-cotton-solid-casual-shirt-m-sky-vne98q7y-39', 'xk1Tvt', 4, 'Men Blue Slim Fit Pure Cotton Solid Casual Shirt', '<div class=\"row\"><div class=\"col-12 col-md-3\"><h5><strong><span style=\"font-size: 14px;\">Size &amp; Fit</span></strong></h5><ul><li style=\"list-style-type: circle;\">Regular Fit</li></ul></div><div class=\"col-12 col-md-3\"><h5><strong><span style=\"font-size: 14px;\">Fabric</span></strong></h5><ul><li style=\"list-style-type: circle;\">Pure Cotton</li></ul></div><div class=\"col-12 col-md-3\"><h5><strong><span style=\"font-size: 14px;\">Neck</span></strong></h5><ul><li style=\"list-style-type: circle;\">Round Neck</li></ul></div><div class=\"col-12 col-md-3\"><h5><strong><span style=\"font-size: 14px;\">Sleeve Styling</span></strong></h5><ul><li style=\"list-style-type: circle;\">Regular Sleeves</li></ul></div></div>', 20, 2, 68, 1, 10, '', '', '', 1200, 1344, 50, 672, 672, '', '12', 'exclusive', 144, '1.webp|2.jpg|3.webp|4.webp|5.webp', 'cover_image.webp', 5, 1, 0, 0, '', '', '', '', '', 1, 0, '2022-11-28 13:52:14', '2023-01-17 23:11:55', 1),
(40, 'Men Blue Slim Fit Pure Cotton Solid Casual Shirt', 'Product-07', 'men-blue-slim-fit-pure-cotton-solid-casual-shirt-l-sky-vne98q7y-40', 'xk1Tvt', 4, 'Men Blue Slim Fit Pure Cotton Solid Casual Shirt', '<div class=\"row\"><div class=\"col-12 col-md-3\"><h5><strong><span style=\"font-size: 14px;\">Size &amp; Fit</span></strong></h5><ul><li style=\"list-style-type: circle;\">Regular Fit</li></ul></div><div class=\"col-12 col-md-3\"><h5><strong><span style=\"font-size: 14px;\">Fabric</span></strong></h5><ul><li style=\"list-style-type: circle;\">Pure Cotton</li></ul></div><div class=\"col-12 col-md-3\"><h5><strong><span style=\"font-size: 14px;\">Neck</span></strong></h5><ul><li style=\"list-style-type: circle;\">Round Neck</li></ul></div><div class=\"col-12 col-md-3\"><h5><strong><span style=\"font-size: 14px;\">Sleeve Styling</span></strong></h5><ul><li style=\"list-style-type: circle;\">Regular Sleeves</li></ul></div></div>', 20, 2, 68, 1, 10, '', '', '', 1200, 1344, 50, 672, 672, '', '12', 'exclusive', 144, '1.webp|2.jpg|3.webp|4.webp|5.webp', 'cover_image.webp', 0, 1, 0, 0, '', '', '', '', '', 1, 1, '2022-11-28 13:00:00', '2023-01-16 18:19:55', 1),
(41, 'Men Blue Slim Fit Pure Cotton Solid Casual Shirt', 'Product-07', 'men-blue-slim-fit-pure-cotton-solid-casual-shirt-xl-sky-vne98q7y-41', 'xk1Tvt', 4, 'Men Blue Slim Fit Pure Cotton Solid Casual Shirt', '<div class=\"row\"><div class=\"col-12 col-md-3\"><h5><strong><span style=\"font-size: 14px;\">Size &amp; Fit</span></strong></h5><ul><li style=\"list-style-type: circle;\">Regular Fit</li></ul></div><div class=\"col-12 col-md-3\"><h5><strong><span style=\"font-size: 14px;\">Fabric</span></strong></h5><ul><li style=\"list-style-type: circle;\">Pure Cotton</li></ul></div><div class=\"col-12 col-md-3\"><h5><strong><span style=\"font-size: 14px;\">Neck</span></strong></h5><ul><li style=\"list-style-type: circle;\">Round Neck</li></ul></div><div class=\"col-12 col-md-3\"><h5><strong><span style=\"font-size: 14px;\">Sleeve Styling</span></strong></h5><ul><li style=\"list-style-type: circle;\">Regular Sleeves</li></ul></div></div>', 20, 2, 68, 1, 10, '', '', '', 1200, 1344, 50, 672, 672, '', '12', 'exclusive', 144, '1.webp|2.jpg|3.webp|4.webp|5.webp', 'cover_image.webp', 0, 1, 0, 0, '', '', '', '', '', 1, 1, '2022-11-28 13:00:00', '2023-01-16 18:19:55', 1),
(42, 'Men Blue Slim Fit Pure Cotton Solid Casual Shirt', 'Product-07', 'men-blue-slim-fit-pure-cotton-solid-casual-shirt-xxl-sky-vne98q7y-42', 'xk1Tvt', 4, 'Men Blue Slim Fit Pure Cotton Solid Casual Shirt', '<div class=\"row\"><div class=\"col-12 col-md-3\"><h5><strong><span style=\"font-size: 14px;\">Size &amp; Fit</span></strong></h5><ul><li style=\"list-style-type: circle;\">Regular Fit</li></ul></div><div class=\"col-12 col-md-3\"><h5><strong><span style=\"font-size: 14px;\">Fabric</span></strong></h5><ul><li style=\"list-style-type: circle;\">Pure Cotton</li></ul></div><div class=\"col-12 col-md-3\"><h5><strong><span style=\"font-size: 14px;\">Neck</span></strong></h5><ul><li style=\"list-style-type: circle;\">Round Neck</li></ul></div><div class=\"col-12 col-md-3\"><h5><strong><span style=\"font-size: 14px;\">Sleeve Styling</span></strong></h5><ul><li style=\"list-style-type: circle;\">Regular Sleeves</li></ul></div></div>', 20, 2, 68, 1, 10, '', '', '', 1200, 1344, 50, 672, 672, '', '12', 'exclusive', 144, '1.webp|2.jpg|3.webp|4.webp|5.webp', 'cover_image.webp', 0, 1, 0, 0, '', '', '', '', '', 1, 1, '2022-11-28 13:00:00', '2023-01-16 18:19:55', 1);
INSERT INTO `product_details` (`product_id`, `product_name`, `product_code`, `short_code`, `variant_code`, `parent_product_id`, `short_description`, `description`, `stock`, `vendor_id`, `brand_id`, `category_id`, `child_category`, `qty`, `element_id`, `attributes_id`, `unit_price`, `mrp_price`, `discount`, `discount_amt`, `net_price`, `tag`, `tax`, `gst_type`, `gst_amt`, `image`, `cover_img`, `view_count`, `is_new_product`, `is_popular_product`, `is_feature_product`, `warranty_title`, `warranty_detail`, `meta_title`, `meta_description`, `meta_keyword`, `created_by`, `modified_by`, `created`, `modified`, `is_active`) VALUES
(43, 'Men Blue Bruce Slim Fit Heavy Fade Stretchable Jeans', 'JEANS-1', 'men-blue-bruce-slim-fit-heavy-fade-stretchable-jeans-navy-30-vnky8c75-43', 'Y2Ztoe', 6, 'Men Blue Bruce Slim Fit Heavy Fade Stretchable Jeans', '<div class=\"row\"><div class=\"col-12 col-md-3\"><h5><strong><span style=\"font-size: 14px;\">Size &amp; Fit</span></strong></h5><ul><li style=\"list-style-type: circle;\">Regular Fit</li></ul></div><div class=\"col-12 col-md-3\"><h5><strong><span style=\"font-size: 14px;\">Fabric</span></strong></h5><ul><li style=\"list-style-type: circle;\">Pure Cotton</li></ul></div><div class=\"col-12 col-md-3\"><h5><strong><span style=\"font-size: 14px;\">Neck</span></strong></h5><ul><li style=\"list-style-type: circle;\">Round Neck</li></ul></div><div class=\"col-12 col-md-3\"><h5><strong><span style=\"font-size: 14px;\">Sleeve Styling</span></strong></h5><ul><li style=\"list-style-type: circle;\">Regular Sleeves</li></ul></div></div>', 30, 1, 26, 1, 13, '', '', '', 1000, 1120, 30, 336, 784, 'jeans,lee cooper jeans,Heavy Fade  jeans', '12', 'exclusive', 120, '1.webp|2.webp|3.webp|4.webp|5.webp', 'cover_image.webp', 9, 1, 0, 0, '', '', '', '', '', 1, 999, '2022-11-28 14:48:46', '2023-01-16 18:19:55', 1),
(44, 'Men Blue Bruce Slim Fit Heavy Fade Stretchable Jeans', 'JEANS-1', 'men-blue-bruce-slim-fit-heavy-fade-stretchable-jeans-navy-32-vnky8c75-44', 'Y2Ztoe', 6, 'Men Blue Bruce Slim Fit Heavy Fade Stretchable Jeans', '<div class=\"row\"><div class=\"col-12 col-md-3\"><h5><strong><span style=\"font-size: 14px;\">Size &amp; Fit</span></strong></h5><ul><li style=\"list-style-type: circle;\">Regular Fit</li></ul></div><div class=\"col-12 col-md-3\"><h5><strong><span style=\"font-size: 14px;\">Fabric</span></strong></h5><ul><li style=\"list-style-type: circle;\">Pure Cotton</li></ul></div><div class=\"col-12 col-md-3\"><h5><strong><span style=\"font-size: 14px;\">Neck</span></strong></h5><ul><li style=\"list-style-type: circle;\">Round Neck</li></ul></div><div class=\"col-12 col-md-3\"><h5><strong><span style=\"font-size: 14px;\">Sleeve Styling</span></strong></h5><ul><li style=\"list-style-type: circle;\">Regular Sleeves</li></ul></div></div>', 30, 1, 26, 1, 13, '', '', '', 1000, 1120, 30, 336, 784, '', '12', 'exclusive', 120, '1.webp|2.webp|3.webp|4.webp|5.webp', 'cover_image.webp', 1, 1, 0, 0, '', '', '', '', '', 1, 1, '2022-11-28 13:00:00', '2023-01-16 18:19:55', 1),
(45, 'Men Blue Bruce Slim Fit Heavy Fade Stretchable Jeans', 'JEANS-1', 'men-blue-bruce-slim-fit-heavy-fade-stretchable-jeans-navy-34-vnky8c75-45', 'Y2Ztoe', 6, 'Men Blue Bruce Slim Fit Heavy Fade Stretchable Jeans', '<div class=\"row\"><div class=\"col-12 col-md-3\"><h5><strong><span style=\"font-size: 14px;\">Size &amp; Fit</span></strong></h5><ul><li style=\"list-style-type: circle;\">Regular Fit</li></ul></div><div class=\"col-12 col-md-3\"><h5><strong><span style=\"font-size: 14px;\">Fabric</span></strong></h5><ul><li style=\"list-style-type: circle;\">Pure Cotton</li></ul></div><div class=\"col-12 col-md-3\"><h5><strong><span style=\"font-size: 14px;\">Neck</span></strong></h5><ul><li style=\"list-style-type: circle;\">Round Neck</li></ul></div><div class=\"col-12 col-md-3\"><h5><strong><span style=\"font-size: 14px;\">Sleeve Styling</span></strong></h5><ul><li style=\"list-style-type: circle;\">Regular Sleeves</li></ul></div></div>', 30, 1, 26, 1, 13, '', '', '', 1000, 1120, 30, 336, 784, '', '12', 'exclusive', 120, '1.webp|2.webp|3.webp|4.webp|5.webp', 'cover_image.webp', 0, 1, 0, 0, '', '', '', '', '', 1, 1, '2022-11-28 13:00:00', '2023-01-16 18:19:55', 1),
(46, 'Men Blue Bruce Slim Fit Heavy Fade Stretchable Jeans', 'JEANS-1', 'men-blue-bruce-slim-fit-heavy-fade-stretchable-jeans-navy-36-vnky8c75-46', 'Y2Ztoe', 6, 'Men Blue Bruce Slim Fit Heavy Fade Stretchable Jeans', '<div class=\"row\"><div class=\"col-12 col-md-3\"><h5><strong><span style=\"font-size: 14px;\">Size &amp; Fit</span></strong></h5><ul><li style=\"list-style-type: circle;\">Regular Fit</li></ul></div><div class=\"col-12 col-md-3\"><h5><strong><span style=\"font-size: 14px;\">Fabric</span></strong></h5><ul><li style=\"list-style-type: circle;\">Pure Cotton</li></ul></div><div class=\"col-12 col-md-3\"><h5><strong><span style=\"font-size: 14px;\">Neck</span></strong></h5><ul><li style=\"list-style-type: circle;\">Round Neck</li></ul></div><div class=\"col-12 col-md-3\"><h5><strong><span style=\"font-size: 14px;\">Sleeve Styling</span></strong></h5><ul><li style=\"list-style-type: circle;\">Regular Sleeves</li></ul></div></div>', 30, 1, 26, 1, 13, '', '', '', 1000, 1120, 30, 336, 784, '', '12', 'exclusive', 120, '1.webp|2.webp|3.webp|4.webp|5.webp', 'cover_image.webp', 1, 1, 0, 0, '', '', '', '', '', 1, 1, '2022-11-28 13:00:00', '2023-01-16 18:19:55', 1),
(47, 'Men Blue Bruce Slim Fit Heavy Fade Stretchable Jeans', 'JEANS-1', 'men-blue-bruce-slim-fit-heavy-fade-stretchable-jeans-navy-38-vnky8c75-47', 'Y2Ztoe', 6, 'Men Blue Bruce Slim Fit Heavy Fade Stretchable Jeans', '<div class=\"row\"><div class=\"col-12 col-md-3\"><h5><strong><span style=\"font-size: 14px;\">Size &amp; Fit</span></strong></h5><ul><li style=\"list-style-type: circle;\">Regular Fit</li></ul></div><div class=\"col-12 col-md-3\"><h5><strong><span style=\"font-size: 14px;\">Fabric</span></strong></h5><ul><li style=\"list-style-type: circle;\">Pure Cotton</li></ul></div><div class=\"col-12 col-md-3\"><h5><strong><span style=\"font-size: 14px;\">Neck</span></strong></h5><ul><li style=\"list-style-type: circle;\">Round Neck</li></ul></div><div class=\"col-12 col-md-3\"><h5><strong><span style=\"font-size: 14px;\">Sleeve Styling</span></strong></h5><ul><li style=\"list-style-type: circle;\">Regular Sleeves</li></ul></div></div>', 30, 1, 26, 1, 13, '', '', '', 1000, 1120, 30, 336, 784, '', '12', 'exclusive', 120, '1.webp|2.webp|3.webp|4.webp|5.webp', 'cover_image.webp', 0, 1, 0, 0, '', '', '', '', '', 1, 1, '2022-11-28 13:00:00', '2023-01-16 18:19:55', 1),
(48, 'Men Black Slim Fit Mid-Rise Clean Look Stretchable Jeans', 'JEANS 02', 'men-black-slim-fit-mid-rise-clean-look-stretchable-jeans-black-30-vne98q7y-48', 'xhOfSq', 9, 'Men Black Slim Fit Mid-Rise Clean Look Stretchable Jeans', '<div class=\"row\"><div class=\"col-12 col-md-3\"><h5><strong>Size &amp; Fit</strong></h5><ul><li style=\"list-style-type: circle;\">Regular Fit</li></ul></div><div class=\"col-12 col-md-3\"><h5><strong>Fabric</strong></h5><ul><li style=\"list-style-type: circle;\">Pure Cotton</li></ul></div><div class=\"col-12 col-md-3\"><h5><strong>Neck</strong></h5><ul><li style=\"list-style-type: circle;\">Round Neck</li></ul></div><div class=\"col-12 col-md-3\"><h5><strong>Sleeve Styling</strong></h5><ul><li style=\"list-style-type: circle;\">Regular Sleeves</li></ul></div></div>', 20, 2, 30, 1, 13, '', '', '', 1200, 1344, 45, 604.8, 739, 'Men Black jeans,jeans,Mens Jeans,Slim Fit Mid-Rise Clean Look Stretchable Jeans,Stretchable Jeans,Slim Fit jeans,Roadster Men Jeans', '12', 'exclusive', 144, '1.webp|2.webp|3.webp', 'cover_image.webp', 19, 1, 0, 0, '', '', '', '', '', 1, 999, '2022-11-28 14:53:54', '2023-01-16 18:19:55', 1),
(49, 'Men Black Slim Fit Mid-Rise Clean Look Stretchable Jeans', 'JEANS 02', 'men-black-slim-fit-mid-rise-clean-look-stretchable-jeans-black-32-vne98q7y-49', 'xhOfSq', 9, 'Men Black Slim Fit Mid-Rise Clean Look Stretchable Jeans', '<div class=\"row\"><div class=\"col-12 col-md-3\"><h5><strong>Size &amp; Fit</strong></h5><ul><li style=\"list-style-type: circle;\">Regular Fit</li></ul></div><div class=\"col-12 col-md-3\"><h5><strong>Fabric</strong></h5><ul><li style=\"list-style-type: circle;\">Pure Cotton</li></ul></div><div class=\"col-12 col-md-3\"><h5><strong>Neck</strong></h5><ul><li style=\"list-style-type: circle;\">Round Neck</li></ul></div><div class=\"col-12 col-md-3\"><h5><strong>Sleeve Styling</strong></h5><ul><li style=\"list-style-type: circle;\">Regular Sleeves</li></ul></div></div>', 20, 2, 30, 1, 13, '', '', '', 1200, 1344, 45, 604.8, 739, '', '12', 'exclusive', 144, '1.webp|2.webp|3.webp', 'cover_image.webp', 2, 1, 0, 0, '', '', '', '', '', 1, 1, '2022-11-28 13:00:00', '2023-01-16 18:19:55', 1),
(50, 'Men Black Slim Fit Mid-Rise Clean Look Stretchable Jeans', 'JEANS 02', 'men-black-slim-fit-mid-rise-clean-look-stretchable-jeans-black-34-vne98q7y-50', 'xhOfSq', 9, 'Men Black Slim Fit Mid-Rise Clean Look Stretchable Jeans', '<div class=\"row\"><div class=\"col-12 col-md-3\"><h5><strong>Size &amp; Fit</strong></h5><ul><li style=\"list-style-type: circle;\">Regular Fit</li></ul></div><div class=\"col-12 col-md-3\"><h5><strong>Fabric</strong></h5><ul><li style=\"list-style-type: circle;\">Pure Cotton</li></ul></div><div class=\"col-12 col-md-3\"><h5><strong>Neck</strong></h5><ul><li style=\"list-style-type: circle;\">Round Neck</li></ul></div><div class=\"col-12 col-md-3\"><h5><strong>Sleeve Styling</strong></h5><ul><li style=\"list-style-type: circle;\">Regular Sleeves</li></ul></div></div>', 20, 2, 30, 1, 13, '', '', '', 1200, 1344, 45, 604.8, 739, '', '12', 'exclusive', 144, '1.webp|2.webp|3.webp', 'cover_image.webp', 1, 1, 0, 0, '', '', '', '', '', 1, 1, '2022-11-28 13:00:00', '2023-01-16 18:19:55', 1),
(51, 'Men White Tapered Fit Mid-Rise Clean Look Stretchable Jeans', 'JEANS03', 'men-white-tapered-fit-mid-rise-clean-look-stretchable-jeans-white-30-vne98q7y-51', 'jvxmp1', 10, 'Men White Tapered Fit Mid-Rise Clean Look Stretchable Jeans', '<div class=\"row\"><div class=\"col-12 col-md-3\"><h5><strong>Size &amp; Fit</strong></h5><ul><li style=\"list-style-type: circle;\">Regular Fit</li></ul></div><div class=\"col-12 col-md-3\"><h5><strong>Fabric</strong></h5><ul><li style=\"list-style-type: circle;\">Pure Cotton</li></ul></div><div class=\"col-12 col-md-3\"><h5><strong>Neck</strong></h5><ul><li style=\"list-style-type: circle;\">Round Neck</li></ul></div><div class=\"col-12 col-md-3\"><h5><strong>Sleeve Styling</strong></h5><ul><li style=\"list-style-type: circle;\">Regular Sleeves</li></ul></div></div>', 25, 2, 20, 1, 13, '', '', '', 1500, 1680, 30, 504, 1176, 'pepe jeans,Mens Jeans,white Jeans', '12', 'exclusive', 180, '1.webp|2.jpg|3.webp|4.jpg|5.webp|6.webp', 'cover_image.webp', 4, 1, 0, 0, '', '', '', '', '', 1, 999, '2022-11-28 15:03:30', '2023-01-16 18:19:55', 1),
(52, 'Men White Tapered Fit Mid-Rise Clean Look Stretchable Jeans', 'JEANS03', 'men-white-tapered-fit-mid-rise-clean-look-stretchable-jeans-white-32-vne98q7y-52', 'jvxmp1', 10, 'Men White Tapered Fit Mid-Rise Clean Look Stretchable Jeans', '<div class=\"row\"><div class=\"col-12 col-md-3\"><h5><strong>Size &amp; Fit</strong></h5><ul><li style=\"list-style-type: circle;\">Regular Fit</li></ul></div><div class=\"col-12 col-md-3\"><h5><strong>Fabric</strong></h5><ul><li style=\"list-style-type: circle;\">Pure Cotton</li></ul></div><div class=\"col-12 col-md-3\"><h5><strong>Neck</strong></h5><ul><li style=\"list-style-type: circle;\">Round Neck</li></ul></div><div class=\"col-12 col-md-3\"><h5><strong>Sleeve Styling</strong></h5><ul><li style=\"list-style-type: circle;\">Regular Sleeves</li></ul></div></div>', 25, 2, 20, 1, 13, '', '', '', 1500, 1680, 30, 504, 1176, 'jeans,Mens Jeans,Slim Fit Mid-Rise Clean Look Stretchable Jeans,Stretchable Jeans,Slim Fit jeans,Mid-Rise  jeans,White Jeans', '12', 'exclusive', 180, '1.webp|2.jpg|3.webp|4.jpg|5.webp|6.webp', 'cover_image.webp', 1, 1, 0, 0, '', '', '', '', '', 1, 999, '2022-11-28 13:00:00', '2023-01-16 18:19:55', 1),
(53, 'Men White Tapered Fit Mid-Rise Clean Look Stretchable Jeans', 'JEANS03', 'men-white-tapered-fit-mid-rise-clean-look-stretchable-jeans-white-34-vne98q7y-53', 'jvxmp1', 10, 'Men White Tapered Fit Mid-Rise Clean Look Stretchable Jeans', '<div class=\"row\"><div class=\"col-12 col-md-3\"><h5><strong>Size &amp; Fit</strong></h5><ul><li style=\"list-style-type: circle;\">Regular Fit</li></ul></div><div class=\"col-12 col-md-3\"><h5><strong>Fabric</strong></h5><ul><li style=\"list-style-type: circle;\">Pure Cotton</li></ul></div><div class=\"col-12 col-md-3\"><h5><strong>Neck</strong></h5><ul><li style=\"list-style-type: circle;\">Round Neck</li></ul></div><div class=\"col-12 col-md-3\"><h5><strong>Sleeve Styling</strong></h5><ul><li style=\"list-style-type: circle;\">Regular Sleeves</li></ul></div></div>', 25, 2, 20, 1, 13, '', '', '', 1500, 1680, 30, 504, 1176, '', '12', 'exclusive', 180, '1.webp|2.jpg|3.webp|4.jpg|5.webp|6.webp', 'cover_image.webp', 3, 1, 0, 0, '', '', '', '', '', 1, 1, '2022-11-28 13:00:00', '2023-01-30 17:43:35', 1),
(54, 'Men White Tapered Fit Mid-Rise Clean Look Stretchable Jeans', 'JEANS03', 'men-white-tapered-fit-mid-rise-clean-look-stretchable-jeans-white-36-vne98q7y-54', 'jvxmp1', 10, 'Men White Tapered Fit Mid-Rise Clean Look Stretchable Jeans', '<div class=\"row\"><div class=\"col-12 col-md-3\"><h5><strong>Size &amp; Fit</strong></h5><ul><li style=\"list-style-type: circle;\">Regular Fit</li></ul></div><div class=\"col-12 col-md-3\"><h5><strong>Fabric</strong></h5><ul><li style=\"list-style-type: circle;\">Pure Cotton</li></ul></div><div class=\"col-12 col-md-3\"><h5><strong>Neck</strong></h5><ul><li style=\"list-style-type: circle;\">Round Neck</li></ul></div><div class=\"col-12 col-md-3\"><h5><strong>Sleeve Styling</strong></h5><ul><li style=\"list-style-type: circle;\">Regular Sleeves</li></ul></div></div>', 25, 2, 20, 1, 13, '', '', '', 1500, 1680, 30, 504, 1176, '', '12', 'exclusive', 180, '1.webp|2.jpg|3.webp|4.jpg|5.webp|6.webp', 'cover_image.webp', 0, 1, 0, 0, '', '', '', '', '', 1, 1, '2022-11-28 13:00:00', '2023-01-16 18:19:55', 1),
(55, 'Men Beige Carrot Fit Stretchable Jeans', 'JEANS03', 'men-beige-carrot-fit-stretchable-jeans-beige-32-vne98q7y-55', 'vXIQtx', 11, 'Men Beige Carrot Fit Stretchable Jeans', '<div class=\"row\"><div class=\"col-12 col-md-3\"><h5><strong>Size &amp; Fit</strong></h5><ul><li style=\"list-style-type: circle;\">Regular Fit</li></ul></div><div class=\"col-12 col-md-3\"><h5><strong>Fabric</strong></h5><ul><li style=\"list-style-type: circle;\">Pure Cotton</li></ul></div><div class=\"col-12 col-md-3\"><h5><strong>Neck</strong></h5><ul><li style=\"list-style-type: circle;\">Round Neck</li></ul></div><div class=\"col-12 col-md-3\"><h5><strong>Sleeve Styling</strong></h5><ul><li style=\"list-style-type: circle;\">Regular Sleeves</li></ul></div></div>', 35, 2, 21, 1, 13, '', '', '', 1100, 1232, 35, 431.2, 801, '', '12', 'exclusive', 132, '1.webp|2.webp|3.webp|4.webp|5.jpg', 'cover_image.webp', 5, 1, 0, 0, '', '', '', '', '', 1, 0, '2022-11-28 15:14:51', '2023-01-16 18:19:55', 1),
(56, 'Men Beige Carrot Fit Stretchable Jeans', 'JEANS03', 'men-beige-carrot-fit-stretchable-jeans-beige-34-vne98q7y-56', 'vXIQtx', 11, 'Men Beige Carrot Fit Stretchable Jeans', '<div class=\"row\"><div class=\"col-12 col-md-3\"><h5><strong>Size &amp; Fit</strong></h5><ul><li style=\"list-style-type: circle;\">Regular Fit</li></ul></div><div class=\"col-12 col-md-3\"><h5><strong>Fabric</strong></h5><ul><li style=\"list-style-type: circle;\">Pure Cotton</li></ul></div><div class=\"col-12 col-md-3\"><h5><strong>Neck</strong></h5><ul><li style=\"list-style-type: circle;\">Round Neck</li></ul></div><div class=\"col-12 col-md-3\"><h5><strong>Sleeve Styling</strong></h5><ul><li style=\"list-style-type: circle;\">Regular Sleeves</li></ul></div></div>', 35, 2, 21, 1, 13, '', '', '', 1100, 1232, 35, 431.2, 801, '', '12', 'exclusive', 132, '1.webp|2.webp|3.webp|4.webp|5.jpg', 'cover_image.webp', 1, 1, 0, 0, '', '', '', '', '', 1, 2, '2022-11-28 13:00:00', '2023-01-16 18:19:55', 1),
(57, 'Men Beige Carrot Fit Stretchable Jeans', 'JEANS03', 'men-beige-carrot-fit-stretchable-jeans-beige-38-vne98q7y-57', 'vXIQtx', 11, 'Men Beige Carrot Fit Stretchable Jeans', '<div class=\"row\"><div class=\"col-12 col-md-3\"><h5><strong>Size &amp; Fit</strong></h5><ul><li style=\"list-style-type: circle;\">Regular Fit</li></ul></div><div class=\"col-12 col-md-3\"><h5><strong>Fabric</strong></h5><ul><li style=\"list-style-type: circle;\">Pure Cotton</li></ul></div><div class=\"col-12 col-md-3\"><h5><strong>Neck</strong></h5><ul><li style=\"list-style-type: circle;\">Round Neck</li></ul></div><div class=\"col-12 col-md-3\"><h5><strong>Sleeve Styling</strong></h5><ul><li style=\"list-style-type: circle;\">Regular Sleeves</li></ul></div></div>', 35, 2, 21, 1, 13, '', '', '', 1100, 1232, 35, 431.2, 801, '', '12', 'exclusive', 132, '1.webp|2.webp|3.webp|4.webp|5.jpg', 'cover_image.webp', 0, 1, 0, 0, '', '', '', '', '', 1, 1, '2022-11-28 13:00:00', '2023-01-16 18:19:55', 1),
(58, 'Men Off White Slim Fit Trousers', 'TROUSER-01', 'men-off-white-slim-fit-trousers-cream-30-vne98q7y-58', '310lRF', 12, 'Men Off White Slim Fit Trousers', '<div class=\"row\"><div class=\"col-12 col-md-3\"><h5><strong>Size &amp; Fit</strong></h5><ul><li style=\"list-style-type: circle;\">Regular Fit</li></ul></div><div class=\"col-12 col-md-3\"><h5><strong>Fabric</strong></h5><ul><li style=\"list-style-type: circle;\">Pure Cotton</li></ul></div><div class=\"col-12 col-md-3\"><h5><strong>Neck</strong></h5><ul><li style=\"list-style-type: circle;\">Round Neck</li></ul></div><div class=\"col-12 col-md-3\"><h5><strong>Sleeve Styling</strong></h5><ul><li style=\"list-style-type: circle;\">Regular Sleeves</li></ul></div></div>', 50, 2, 69, 1, 14, '', '', '', 999, 1119, 25, 279.75, 839, '', '12', 'exclusive', 119.88, '1.webp|2.webp|3.webp|4.jpg|5.webp|6.webp', 'cover_image.webp', 8, 1, 0, 0, '', '', '', '', '', 1, 0, '2022-11-28 15:21:41', '2023-01-16 18:19:55', 1),
(59, 'Men Off White Slim Fit Trousers', 'TROUSER-01', 'men-off-white-slim-fit-trousers-cream-32-vne98q7y-59', '310lRF', 12, 'Men Off White Slim Fit Trousers', '<div class=\"row\"><div class=\"col-12 col-md-3\"><h5><strong>Size &amp; Fit</strong></h5><ul><li style=\"list-style-type: circle;\">Regular Fit</li></ul></div><div class=\"col-12 col-md-3\"><h5><strong>Fabric</strong></h5><ul><li style=\"list-style-type: circle;\">Pure Cotton</li></ul></div><div class=\"col-12 col-md-3\"><h5><strong>Neck</strong></h5><ul><li style=\"list-style-type: circle;\">Round Neck</li></ul></div><div class=\"col-12 col-md-3\"><h5><strong>Sleeve Styling</strong></h5><ul><li style=\"list-style-type: circle;\">Regular Sleeves</li></ul></div></div>', 50, 2, 69, 1, 14, '', '', '', 999, 1119, 25, 279.75, 839, '', '12', 'exclusive', 119.88, '1.webp|2.webp|3.webp|4.jpg|5.webp|6.webp', 'cover_image.webp', 3, 1, 0, 0, '', '', '', '', '', 1, 1, '2022-11-28 13:00:00', '2023-01-16 18:19:55', 1),
(60, 'Men Off White Slim Fit Trousers', 'TROUSER-01', 'men-off-white-slim-fit-trousers-cream-34-vne98q7y-60', '310lRF', 12, 'Men Off White Slim Fit Trousers', '<div class=\"row\"><div class=\"col-12 col-md-3\"><h5><strong>Size &amp; Fit</strong></h5><ul><li style=\"list-style-type: circle;\">Regular Fit</li></ul></div><div class=\"col-12 col-md-3\"><h5><strong>Fabric</strong></h5><ul><li style=\"list-style-type: circle;\">Pure Cotton</li></ul></div><div class=\"col-12 col-md-3\"><h5><strong>Neck</strong></h5><ul><li style=\"list-style-type: circle;\">Round Neck</li></ul></div><div class=\"col-12 col-md-3\"><h5><strong>Sleeve Styling</strong></h5><ul><li style=\"list-style-type: circle;\">Regular Sleeves</li></ul></div></div>', 50, 2, 69, 1, 14, '', '', '', 999, 1119, 25, 279.75, 839, '', '12', 'exclusive', 119.88, '1.webp|2.webp|3.webp|4.jpg|5.webp|6.webp', 'cover_image.webp', 3, 1, 0, 0, '', '', '', '', '', 1, 1, '2022-11-28 13:00:00', '2023-01-16 18:19:55', 1),
(61, 'Men Maroon Regular Kurta Pyjamas with Jacket', 'KURTA-1', 'men-maroon-regular-kurta-pyjamas-with-jacket-s-maroon-vnky8c75-61', 'LlmCGS', 8, 'Men Maroon Regular Kurta Pyjamas with Jacket', '<table class=\"fr-alternate-rows\" style=\"width: 100%;\"><tbody><tr><td style=\"width: 50.0000%;\"><strong>Size &amp; Fit</strong></td><td style=\"width: 50.0000%;\"><span style=\"color: rgb(204, 204, 204);\">Regular Fit</span></td></tr><tr><td style=\"width: 50.0000%;\"><strong>Fabric</strong></td><td style=\"width: 50.0000%;\">Cottton</td></tr><tr><td style=\"width: 50.0000%;\"><strong>Neck</strong></td><td style=\"width: 50.0000%;\">Round</td></tr><tr><td style=\"width: 50.0000%;\"><strong>Sleeev</strong></td><td style=\"width: 50.0000%;\">Regular Sleev</td></tr></tbody></table>', 4, 1, 70, 1, 18, '', '', '', 1200, 1344, 20, 268.8, 1075, 'Men Regular Kurta,Kurta Pyjamas,Jacket,Maroon ,Kurta Pyjamas With Jacket,Men ', '12', 'exclusive', 144, '1.webp|2.jpg|3.webp|4.webp|5.webp', 'cover_image.webp', 27, 1, 0, 0, '', '', '', '', '', 1, 1, '2022-11-28 17:35:50', '2023-01-18 20:06:05', 1),
(62, 'Men Maroon Regular Kurta Pyjamas with Jacket', 'KURTA-1', 'men-maroon-regular-kurta-pyjamas-with-jacket-m-maroon-vnky8c75-62', 'LlmCGS', 8, 'Men Maroon Regular Kurta Pyjamas with Jacket', '<div class=\"row\"><div class=\"col-12 col-md-3\"><h5><strong>Size &amp; Fit</strong></h5><ul><li style=\"list-style-type: circle;\">Regular Fit</li></ul></div><div class=\"col-12 col-md-3\"><h5><strong>Fabric</strong></h5><ul><li style=\"list-style-type: circle;\">Pure Cotton</li></ul></div><div class=\"col-12 col-md-3\"><h5><strong>Neck</strong></h5><ul><li style=\"list-style-type: circle;\">Round Neck</li></ul></div><div class=\"col-12 col-md-3\"><h5><strong>Sleeve Styling</strong></h5><ul><li style=\"list-style-type: circle;\">Regular Sleeves</li></ul></div></div>', 14, 1, 70, 1, 18, '', '', '', 1200, 1344, 20, 268.8, 1075, 'Men Regular Kurta,Kurta Pyjamas,Jacket,Maroon ,Kurta Pyjamas With Jacket,Men ', '12', 'exclusive', 144, '1.webp|2.jpg|3.webp|4.webp|5.webp', 'cover_image.webp', 9, 1, 0, 0, '', '', '', '', '', 1, 1, '2022-11-28 13:00:00', '2023-01-18 20:23:09', 1),
(63, 'Men Maroon Regular Kurta Pyjamas with Jacket', 'KURTA-1', 'men-maroon-regular-kurta-pyjamas-with-jacket-l-maroon-vnky8c75-63', 'LlmCGS', 8, 'Men Maroon Regular Kurta Pyjamas with Jacket', '<div class=\"row\"><div class=\"col-12 col-md-3\"><h5><strong>Size &amp; Fit</strong></h5><ul><li style=\"list-style-type: circle;\">Regular Fit</li></ul></div><div class=\"col-12 col-md-3\"><h5><strong>Fabric</strong></h5><ul><li style=\"list-style-type: circle;\">Pure Cotton</li></ul></div><div class=\"col-12 col-md-3\"><h5><strong>Neck</strong></h5><ul><li style=\"list-style-type: circle;\">Round Neck</li></ul></div><div class=\"col-12 col-md-3\"><h5><strong>Sleeve Styling</strong></h5><ul><li style=\"list-style-type: circle;\">Regular Sleeves</li></ul></div></div>', 14, 1, 70, 1, 18, '', '', '', 1200, 1344, 20, 268.8, 1075, 'Men Regular Kurta,Kurta Pyjamas,Jacket,Maroon ,Kurta Pyjamas With Jacket,Men ', '12', 'exclusive', 144, '1.webp|2.jpg|3.webp|4.webp|5.webp', 'cover_image.webp', 5, 1, 0, 0, '', '', '', '', '', 1, 1, '2022-11-28 13:00:00', '2023-01-18 20:27:02', 1),
(64, 'Men Green Solid Regular Fit Round-neck T-shirt - (Duplicate)', 'Product-03', 'men-green-solid-regular-fit-round-neck-t-shirt-xl-green-vnky8c75-5', '', 0, 'Regular-fit, round-necked T-shirt in soft cotton jersey.', '<div class=\"row\"><div class=\"col-12 col-md-3\"><h5><strong>Size &amp; Fit</strong></h5><ul><li style=\"list-style-type: circle;\">Regular Fit</li></ul></div><div class=\"col-12 col-md-3\"><h5><strong>Fabric</strong></h5><ul><li style=\"list-style-type: circle;\">Pure Cotton</li></ul></div><div class=\"col-12 col-md-3\"><h5><strong>Neck</strong></h5><ul><li style=\"list-style-type: circle;\">Round Neck</li></ul></div><div class=\"col-12 col-md-3\"><h5><strong>Sleeve Styling</strong></h5><ul><li style=\"list-style-type: circle;\">Regular Sleeves</li></ul></div></div>', 20, 1, 17, 1, 9, '', '', '', 350, 392, 0, 0, 392, '', '12', 'exclusive', 42, '1.webp|2.webp|3.jpg|4.webp|5.webp', 'cover_image.webp', 23, 1, 0, 0, '', '', '', '', '', 1, 0, '2022-11-28 13:00:00', '2023-01-16 18:19:55', 0),
(65, 'Men Maroon Regular Kurta Pyjamas with Jacket', 'KURTA-1', 'men-maroon-regular-kurta-pyjamas-with-jacket-xl-maroon-vnky8c75-65', 'LlmCGS', 8, 'Men Maroon Regular Kurta Pyjamas with Jacket', '<div class=\"row\"><div class=\"col-12 col-md-3\"><h5><strong>Size &amp; Fit</strong></h5><ul><li style=\"list-style-type: circle;\">Regular Fit</li></ul></div><div class=\"col-12 col-md-3\"><h5><strong>Fabric</strong></h5><ul><li style=\"list-style-type: circle;\">Pure Cotton</li></ul></div><div class=\"col-12 col-md-3\"><h5><strong>Neck</strong></h5><ul><li style=\"list-style-type: circle;\">Round Neck</li></ul></div><div class=\"col-12 col-md-3\"><h5><strong>Sleeve Styling</strong></h5><ul><li style=\"list-style-type: circle;\">Regular Sleeves</li></ul></div></div>', 5, 1, 70, 1, 18, '', '', '', 1200, 1344, 20, 268.8, 1075, 'Men Regular Kurta,Kurta Pyjamas,Jacket,Maroon ,Kurta Pyjamas With Jacket,Men ', '12', 'exclusive', 144, '1.webp|2.jpg|3.webp|4.webp|5.webp', 'cover_image.webp', 4, 1, 0, 0, '', '', '', '', '', 1, 999, '2022-11-28 13:00:00', '2023-01-16 18:19:55', 1),
(66, 'Men Green & White Solid Kurta with Churidar', 'KURTA-2', 'men-green-white-solid-kurta-with-churidar-s-green-vnky8c75-66', 'LlmCGS', 8, 'Men Green & White Solid Kurta with Churidar', '<div class=\"row\"><div class=\"col-12 col-md-3\"><h5><strong>Size &amp; Fit</strong></h5><ul><li style=\"list-style-type: circle;\">Regular Fit</li></ul></div><div class=\"col-12 col-md-3\"><h5><strong>Fabric</strong></h5><ul><li style=\"list-style-type: circle;\">Pure Cotton</li></ul></div><div class=\"col-12 col-md-3\"><h5><strong>Neck</strong></h5><ul><li style=\"list-style-type: circle;\">Round Neck</li></ul></div><div class=\"col-12 col-md-3\"><h5><strong>Sleeve Styling</strong></h5><ul><li style=\"list-style-type: circle;\">Regular Sleeves</li></ul></div></div>', 5, 1, 70, 1, 18, '', '', '', 1200, 1344, 25, 336, 1008, 'Green ,White ,Solid ,Kurta ,Kurta With Churidar,Churidar,Men ,Solid Kurta', '12', 'exclusive', 144, '1.webp|2.jpg|3.webp|4.webp|5.webp', 'cover_image.webp', 5, 1, 0, 0, '', '', '', '', '', 1, 999, '2022-11-28 17:39:42', '2023-01-16 18:19:55', 1),
(67, 'Men Green & White Solid Kurta with Churidar', 'KURTA-2', 'men-green-white-solid-kurta-with-churidar-m-green-vnky8c75-67', 'LlmCGS', 8, 'Men Green & White Solid Kurta with Churidar', '<div class=\"row\"><div class=\"col-12 col-md-3\"><h5><strong>Size &amp; Fit</strong></h5><ul><li style=\"list-style-type: circle;\">Regular Fit</li></ul></div><div class=\"col-12 col-md-3\"><h5><strong>Fabric</strong></h5><ul><li style=\"list-style-type: circle;\">Pure Cotton</li></ul></div><div class=\"col-12 col-md-3\"><h5><strong>Neck</strong></h5><ul><li style=\"list-style-type: circle;\">Round Neck</li></ul></div><div class=\"col-12 col-md-3\"><h5><strong>Sleeve Styling</strong></h5><ul><li style=\"list-style-type: circle;\">Regular Sleeves</li></ul></div></div>', 5, 1, 70, 1, 18, '', '', '', 1200, 1344, 25, 336, 1008, '', '12', 'exclusive', 144, '1.webp|2.jpg|3.webp|4.webp|5.webp', 'cover_image.webp', 8, 1, 0, 0, '', '', '', '', '', 1, 1, '2022-11-28 13:00:00', '2023-01-18 20:21:21', 1),
(68, 'Men Green & White Solid Kurta with Churidar', 'KURTA-2', 'men-green-white-solid-kurta-with-churidar-xl-green-vnky8c75-68', 'LlmCGS', 8, 'Men Green & White Solid Kurta with Churidar', '<div class=\"row\"><div class=\"col-12 col-md-3\"><h5><strong>Size &amp; Fit</strong></h5><ul><li style=\"list-style-type: circle;\">Regular Fit</li></ul></div><div class=\"col-12 col-md-3\"><h5><strong>Fabric</strong></h5><ul><li style=\"list-style-type: circle;\">Pure Cotton</li></ul></div><div class=\"col-12 col-md-3\"><h5><strong>Neck</strong></h5><ul><li style=\"list-style-type: circle;\">Round Neck</li></ul></div><div class=\"col-12 col-md-3\"><h5><strong>Sleeve Styling</strong></h5><ul><li style=\"list-style-type: circle;\">Regular Sleeves</li></ul></div></div>', 5, 1, 70, 1, 18, '', '', '', 1200, 1344, 25, 336, 1008, 'Green ,White ,Solid ,Kurta ,Kurta With Churidar,Churidar,Men ,Solid Kurta', '12', 'exclusive', 144, '1.webp|2.jpg|3.webp|4.webp|5.webp', 'cover_image.webp', 1, 1, 0, 0, '', '', '', '', '', 1, 999, '2022-11-28 13:00:00', '2023-01-16 18:19:55', 1),
(69, 'Men Yellow Printed Straight Kurta', 'KURTA-3', 'men-yellow-printed-straight-kurta-m-yellow-vnky8c75-69', 'nyeQrp', 7, 'Men Yellow Printed Straight Kurta', '<div class=\"row\"><div class=\"col-12 col-md-3\"><h5><strong>Size &amp; Fit</strong></h5><ul><li style=\"list-style-type: circle;\">Regular Fit</li></ul></div><div class=\"col-12 col-md-3\"><h5><strong>Fabric</strong></h5><ul><li style=\"list-style-type: circle;\">Pure Cotton</li></ul></div><div class=\"col-12 col-md-3\"><h5><strong>Neck</strong></h5><ul><li style=\"list-style-type: circle;\">Round Neck</li></ul></div><div class=\"col-12 col-md-3\"><h5><strong>Sleeve Styling</strong></h5><ul><li style=\"list-style-type: circle;\">Regular Sleeves</li></ul></div></div>', 10, 1, 71, 1, 18, '', '', '', 1000, 1120, 30, 336, 784, 'Men ,Printed ,Straight Kurta,Kurta,Men Kurta,Printed Kurta,Yellow ', '12', 'exclusive', 120, '1.webp|2.jpg|3.webp|4.webp|5.webp', 'cover_image.webp', 42, 1, 0, 0, '', '', '', '', '', 1, 999, '2022-11-28 17:45:53', '2023-01-16 18:19:55', 1),
(70, 'Men Yellow Printed Straight Kurta', 'KURTA-3', 'men-yellow-printed-straight-kurta-l-yellow-vnky8c75-70', 'nyeQrp', 7, 'Men Yellow Printed Straight Kurta', '<div class=\"row\"><div class=\"col-12 col-md-3\"><h5><strong>Size &amp; Fit</strong></h5><ul><li style=\"list-style-type: circle;\">Regular Fit</li></ul></div><div class=\"col-12 col-md-3\"><h5><strong>Fabric</strong></h5><ul><li style=\"list-style-type: circle;\">Pure Cotton</li></ul></div><div class=\"col-12 col-md-3\"><h5><strong>Neck</strong></h5><ul><li style=\"list-style-type: circle;\">Round Neck</li></ul></div><div class=\"col-12 col-md-3\"><h5><strong>Sleeve Styling</strong></h5><ul><li style=\"list-style-type: circle;\">Regular Sleeves</li></ul></div></div>', 10, 1, 71, 1, 18, '', '', '', 1000, 1120, 30, 336, 784, 'Men ,Printed ,Straight Kurta,Kurta,Men Kurta,Printed Kurta,Yellow ', '12', 'exclusive', 120, '1.webp|2.jpg|3.webp|4.webp|5.webp', 'cover_image.webp', 4, 1, 0, 0, '', '', '', '', '', 1, 999, '2022-11-28 13:00:00', '2023-01-16 18:19:55', 1),
(71, 'Men Yellow Printed Straight Kurta', 'KURTA-3', 'men-yellow-printed-straight-kurta-xl-yellow-vnky8c75-71', 'nyeQrp', 7, 'Men Yellow Printed Straight Kurta', '<div class=\"row\"><div class=\"col-12 col-md-3\"><h5><strong>Size &amp; Fit</strong></h5><ul><li style=\"list-style-type: circle;\">Regular Fit</li></ul></div><div class=\"col-12 col-md-3\"><h5><strong>Fabric</strong></h5><ul><li style=\"list-style-type: circle;\">Pure Cotton</li></ul></div><div class=\"col-12 col-md-3\"><h5><strong>Neck</strong></h5><ul><li style=\"list-style-type: circle;\">Round Neck</li></ul></div><div class=\"col-12 col-md-3\"><h5><strong>Sleeve Styling</strong></h5><ul><li style=\"list-style-type: circle;\">Regular Sleeves</li></ul></div></div>', 10, 1, 71, 1, 18, '', '', '', 1000, 1120, 30, 336, 784, 'Men ,Printed ,Straight Kurta,Kurta,Men Kurta,Printed Kurta,Yellow ', '12', 'exclusive', 120, '1.webp|2.jpg|3.webp|4.webp|5.webp', 'cover_image.webp', 5, 1, 0, 0, '', '', '', '', '', 1, 999, '2022-11-28 13:00:00', '2023-01-16 18:19:55', 1),
(72, 'Men Green Printed Straight Kurta', 'KURTA-4', 'men-green-printed-straight-kurta-m-green-vnky8c75-72', 'nyeQrp', 7, 'Men Green Printed Straight Kurta', '<div class=\"row\"><div class=\"col-12 col-md-3\"><h5><strong>Size &amp; Fit</strong></h5><ul><li style=\"list-style-type: circle;\">Regular Fit</li></ul></div><div class=\"col-12 col-md-3\"><h5><strong>Fabric</strong></h5><ul><li style=\"list-style-type: circle;\">Pure Cotton</li></ul></div><div class=\"col-12 col-md-3\"><h5><strong>Neck</strong></h5><ul><li style=\"list-style-type: circle;\">Round Neck</li></ul></div><div class=\"col-12 col-md-3\"><h5><strong>Sleeve Styling</strong></h5><ul><li style=\"list-style-type: circle;\">Regular Sleeves</li></ul></div></div>', 7, 1, 71, 1, 18, '', '', '', 1000, 1120, 30, 336, 784, 'Men ,Green ,Printed ,Straight Kurta,Kurta,Men Kurta,Printed Kurta', '12', 'exclusive', 120, '1.webp|2.jpg|3.webp|4.webp', 'cover_image.webp', 6, 1, 0, 0, '', '', '', '', '', 1, 999, '2022-11-28 17:48:17', '2023-01-16 18:19:55', 1),
(73, 'Men Green Printed Straight Kurta', 'KURTA-4', 'men-green-printed-straight-kurta-l-green-vnky8c75-73', 'nyeQrp', 7, 'Men Green Printed Straight Kurta', '<div class=\"row\"><div class=\"col-12 col-md-3\"><h5><strong>Size &amp; Fit</strong></h5><ul><li style=\"list-style-type: circle;\">Regular Fit</li></ul></div><div class=\"col-12 col-md-3\"><h5><strong>Fabric</strong></h5><ul><li style=\"list-style-type: circle;\">Pure Cotton</li></ul></div><div class=\"col-12 col-md-3\"><h5><strong>Neck</strong></h5><ul><li style=\"list-style-type: circle;\">Round Neck</li></ul></div><div class=\"col-12 col-md-3\"><h5><strong>Sleeve Styling</strong></h5><ul><li style=\"list-style-type: circle;\">Regular Sleeves</li></ul></div></div>', 7, 1, 71, 1, 18, '', '', '', 1000, 1120, 30, 336, 784, 'Men ,Green ,Printed ,Straight Kurta,Kurta,Men Kurta,Printed Kurta', '12', 'exclusive', 120, '1.webp|2.jpg|3.webp|4.webp', 'cover_image.webp', 3, 1, 0, 0, '', '', '', '', '', 1, 999, '2022-11-28 13:00:00', '2023-01-16 18:19:55', 1),
(74, 'Men Green Printed Straight Kurta', 'KURTA-4', 'men-green-printed-straight-kurta-xl-green-vnky8c75-74', 'nyeQrp', 7, 'Men Green Printed Straight Kurta', '<div class=\"row\"><div class=\"col-12 col-md-3\"><h5><strong>Size &amp; Fit</strong></h5><ul><li style=\"list-style-type: circle;\">Regular Fit</li></ul></div><div class=\"col-12 col-md-3\"><h5><strong>Fabric</strong></h5><ul><li style=\"list-style-type: circle;\">Pure Cotton</li></ul></div><div class=\"col-12 col-md-3\"><h5><strong>Neck</strong></h5><ul><li style=\"list-style-type: circle;\">Round Neck</li></ul></div><div class=\"col-12 col-md-3\"><h5><strong>Sleeve Styling</strong></h5><ul><li style=\"list-style-type: circle;\">Regular Sleeves</li></ul></div></div>', 7, 1, 71, 1, 18, '', '', '', 1000, 1120, 30, 336, 784, 'Men ,Green ,Printed ,Straight Kurta,Kurta,Men Kurta,Printed Kurta', '12', 'exclusive', 120, '1.webp|2.jpg|3.webp|4.webp', 'cover_image.webp', 4, 1, 0, 0, '', '', '', '', '', 1, 999, '2022-11-28 13:00:00', '2023-01-16 18:19:55', 1),
(75, 'Men Green Printed Straight Kurta', 'KURTA-4', 'men-green-printed-straight-kurta-xxl-green-vnky8c75-75', 'nyeQrp', 7, 'Men Green Printed Straight Kurta', '<div class=\"row\"><div class=\"col-12 col-md-3\"><h5><strong>Size &amp; Fit</strong></h5><ul><li style=\"list-style-type: circle;\">Regular Fit</li></ul></div><div class=\"col-12 col-md-3\"><h5><strong>Fabric</strong></h5><ul><li style=\"list-style-type: circle;\">Pure Cotton</li></ul></div><div class=\"col-12 col-md-3\"><h5><strong>Neck</strong></h5><ul><li style=\"list-style-type: circle;\">Round Neck</li></ul></div><div class=\"col-12 col-md-3\"><h5><strong>Sleeve Styling</strong></h5><ul><li style=\"list-style-type: circle;\">Regular Sleeves</li></ul></div></div>', 7, 1, 71, 1, 18, '', '', '', 1000, 1120, 30, 336, 784, 'Men ,Green ,Printed ,Straight Kurta,Kurta,Men Kurta,Printed Kurta', '12', 'exclusive', 120, '1.webp|2.jpg|3.webp|4.webp', 'cover_image.webp', 6, 1, 0, 0, '', '', '', '', '', 1, 999, '2022-11-28 13:00:00', '2023-01-16 18:19:55', 1),
(76, 'Women Beige Floral Yoke Design Straight Kurta with Trousers & With Dupatta', 'Kurta -01', 'women-beige-floral-yoke-design-straight-kurta-with-trousers-with-dupatta-s-beige-vnky8c75-76', 'mo2xwJ', 13, 'Women Beige Floral Yoke Design Straight Kurta with Trousers & With Dupatta', '<div class=\"row\"><div class=\"col-12 col-md-3\"><h5><strong>Kurta design:</strong></h5><ul><li>Floral yoke design</li><li>Straight shapeRegular style</li><li>Round neck, three-quarter regular sleeves</li><li>Calf length with straight hem</li><li>Cotton blend machine weave fabric</li></ul></div><div class=\"col-12 col-md-3\"><h5><strong>Trousers design:</strong></h5><ul><li>Solid Trousers</li><li>Elasticated waistband</li><li>Slip-on closure</li></ul></div><div class=\"col-12 col-md-3\"><h5><strong>Size &amp; Fit</strong></h5><ul><li>The model (height 5\'8) is wearing a size S</li><li>DimensionDupatta: Length : 2.25 M, Width : 0.95 M</li></ul></div></div><div class=\"row\"><div class=\"col-12 col-md-3\"><h5><strong>Sleeve Length</strong></h5><ul><li style=\"list-style-type: circle;\">Three-Quarter Sleeves</li></ul></div><div class=\"col-12 col-md-3\"><h5><strong>Top Shape</strong></h5><ul><li style=\"list-style-type: circle;\">Straight</li></ul></div><div class=\"col-12 col-md-3\"><h5><strong>Neck</strong></h5><ul><li style=\"list-style-type: circle;\">Round Neck</li></ul></div><div class=\"col-12 col-md-3\"><h5><strong>Print or Pattern Type</strong></h5><ul><li style=\"list-style-type: circle;\">Floral</li></ul></div></div>', 10, 1, 72, 2, 24, '', '', '', 1500, 1680, 20, 336, 1344, 'Women ,Floral , Straight Kurta,Trousers ,Dupatta,Kurta with dupatta,Yoke ', '12', 'exclusive', 180, '1.webp|2.jpg|3.jpg|4.webp|5.webp', 'cover_image.webp', 14, 0, 0, 0, '', '', '', '', '', 1, 999, '2022-11-29 12:53:01', '2023-01-16 18:19:55', 1),
(77, 'Women Black Ethnic Motifs Printed Kurta with Palazzos & With Dupatta', 'Kurta -02', 'women-black-ethnic-motifs-printed-kurta-with-palazzos-with-dupatta-s-black-vnky8c75-77', 'jhQSP8', 14, 'Women Black Ethnic Motifs Printed Kurta with Palazzos & With Dupatta', '<div class=\"row\"><div class=\"col-12 col-md-3\"><h5><strong>Kurta design:</strong></h5><ul><li>Floral yoke design</li><li>Straight shapeRegular style</li><li>Round neck, three-quarter regular sleeves</li><li>Calf length with straight hem</li><li>Cotton blend machine weave fabric</li></ul></div><div class=\"col-12 col-md-3\"><h5><strong>Trousers design:</strong></h5><ul><li>Solid Trousers</li><li>Elasticated waistband</li><li>Slip-on closure</li></ul></div><div class=\"col-12 col-md-3\"><h5><strong>Size &amp; Fit</strong></h5><ul><li>The model (height 5&#39;8) is wearing a size S</li><li>DimensionDupatta: Length : 2.25 M, Width : 0.95 M</li></ul></div></div><div class=\"row\"><div class=\"col-12 col-md-3\"><h5><strong>Sleeve Length</strong></h5><ul><li style=\"list-style-type: circle;\">Three-Quarter Sleeves</li></ul></div><div class=\"col-12 col-md-3\"><h5><strong>Top Shape</strong></h5><ul><li style=\"list-style-type: circle;\">Straight</li></ul></div><div class=\"col-12 col-md-3\"><h5><strong>Neck</strong></h5><ul><li style=\"list-style-type: circle;\">Round Neck</li></ul></div><div class=\"col-12 col-md-3\"><h5><strong>Print or Pattern Type</strong></h5><ul><li style=\"list-style-type: circle;\">Floral</li></ul></div></div>', 50, 1, 73, 2, 24, '', '', '', 1300, 1456, 15, 218.4, 1238, '', '12', 'exclusive', 156, '1.webp|2.webp|3.jpg|4.webp|5.webp', 'cover_image.webp', 27, 1, 0, 0, '', '', '', '', '', 1, 0, '2022-11-29 13:08:48', '2023-01-20 17:06:57', 1),
(78, 'Women Beige Floral Yoke Design Straight Kurta with Trousers & With Dupatta', 'Kurta -01', 'women-beige-floral-yoke-design-straight-kurta-with-trousers-with-dupatta-m-beige-vnky8c75-78', 'mo2xwJ', 13, 'Women Beige Floral Yoke Design Straight Kurta with Trousers & With Dupatta', '<div class=\"row\"><div class=\"col-12 col-md-3\"><h5><strong>Kurta design:</strong></h5><ul><li>Floral yoke design</li><li>Straight shapeRegular style</li><li>Round neck, three-quarter regular sleeves</li><li>Calf length with straight hem</li><li>Cotton blend machine weave fabric</li></ul></div><div class=\"col-12 col-md-3\"><h5><strong>Trousers design:</strong></h5><ul><li>Solid Trousers</li><li>Elasticated waistband</li><li>Slip-on closure</li></ul></div><div class=\"col-12 col-md-3\"><h5><strong>Size &amp; Fit</strong></h5><ul><li>The model (height 5\'8) is wearing a size S</li><li>DimensionDupatta: Length : 2.25 M, Width : 0.95 M</li></ul></div></div><div class=\"row\"><div class=\"col-12 col-md-3\"><h5><strong>Sleeve Length</strong></h5><ul><li style=\"list-style-type: circle;\">Three-Quarter Sleeves</li></ul></div><div class=\"col-12 col-md-3\"><h5><strong>Top Shape</strong></h5><ul><li style=\"list-style-type: circle;\">Straight</li></ul></div><div class=\"col-12 col-md-3\"><h5><strong>Neck</strong></h5><ul><li style=\"list-style-type: circle;\">Round Neck</li></ul></div><div class=\"col-12 col-md-3\"><h5><strong>Print or Pattern Type</strong></h5><ul><li style=\"list-style-type: circle;\">Floral</li></ul></div></div>', 10, 1, 72, 2, 24, '', '', '', 1500, 1680, 20, 336, 1344, 'Women ,Floral , Straight Kurta,Trousers ,Dupatta,Kurta with dupatta,Yoke ', '12', 'exclusive', 180, '1.webp|2.jpg|3.jpg|4.webp|5.webp', 'cover_image.webp', 0, 0, 0, 0, '', '', '', '', '', 1, 999, '2022-11-29 13:00:00', '2023-01-16 18:19:55', 1),
(79, 'Women Beige Floral Yoke Design Straight Kurta with Trousers & With Dupatta', 'Kurta -01', 'women-beige-floral-yoke-design-straight-kurta-with-trousers-with-dupatta-l-beige-vnky8c75-79', 'mo2xwJ', 13, 'Women Beige Floral Yoke Design Straight Kurta with Trousers & With Dupatta', '<div class=\"row\"><div class=\"col-12 col-md-3\"><h5><strong>Kurta design:</strong></h5><ul><li>Floral yoke design</li><li>Straight shapeRegular style</li><li>Round neck, three-quarter regular sleeves</li><li>Calf length with straight hem</li><li>Cotton blend machine weave fabric</li></ul></div><div class=\"col-12 col-md-3\"><h5><strong>Trousers design:</strong></h5><ul><li>Solid Trousers</li><li>Elasticated waistband</li><li>Slip-on closure</li></ul></div><div class=\"col-12 col-md-3\"><h5><strong>Size &amp; Fit</strong></h5><ul><li>The model (height 5\'8) is wearing a size S</li><li>DimensionDupatta: Length : 2.25 M, Width : 0.95 M</li></ul></div></div><div class=\"row\"><div class=\"col-12 col-md-3\"><h5><strong>Sleeve Length</strong></h5><ul><li style=\"list-style-type: circle;\">Three-Quarter Sleeves</li></ul></div><div class=\"col-12 col-md-3\"><h5><strong>Top Shape</strong></h5><ul><li style=\"list-style-type: circle;\">Straight</li></ul></div><div class=\"col-12 col-md-3\"><h5><strong>Neck</strong></h5><ul><li style=\"list-style-type: circle;\">Round Neck</li></ul></div><div class=\"col-12 col-md-3\"><h5><strong>Print or Pattern Type</strong></h5><ul><li style=\"list-style-type: circle;\">Floral</li></ul></div></div>', 10, 1, 72, 2, 24, '', '', '', 1500, 1680, 20, 336, 1344, 'Women ,Floral , Straight Kurta,Trousers ,Dupatta,Kurta with dupatta,Yoke ', '12', 'exclusive', 180, '1.webp|2.jpg|3.jpg|4.webp|5.webp', 'cover_image.webp', 0, 0, 0, 0, '', '', '', '', '', 1, 999, '2022-11-29 13:00:00', '2023-01-16 18:19:55', 1),
(80, 'Women Beige Floral Yoke Design Straight Kurta with Trousers & With Dupatta', 'Kurta -01', 'women-beige-floral-yoke-design-straight-kurta-with-trousers-with-dupatta-xl-beige-vnky8c75-80', 'mo2xwJ', 13, 'Women Beige Floral Yoke Design Straight Kurta with Trousers & With Dupatta', '<div class=\"row\"><div class=\"col-12 col-md-3\"><h5><strong>Kurta design:</strong></h5><ul><li>Floral yoke design</li><li>Straight shapeRegular style</li><li>Round neck, three-quarter regular sleeves</li><li>Calf length with straight hem</li><li>Cotton blend machine weave fabric</li></ul></div><div class=\"col-12 col-md-3\"><h5><strong>Trousers design:</strong></h5><ul><li>Solid Trousers</li><li>Elasticated waistband</li><li>Slip-on closure</li></ul></div><div class=\"col-12 col-md-3\"><h5><strong>Size &amp; Fit</strong></h5><ul><li>The model (height 5\'8) is wearing a size S</li><li>DimensionDupatta: Length : 2.25 M, Width : 0.95 M</li></ul></div></div><div class=\"row\"><div class=\"col-12 col-md-3\"><h5><strong>Sleeve Length</strong></h5><ul><li style=\"list-style-type: circle;\">Three-Quarter Sleeves</li></ul></div><div class=\"col-12 col-md-3\"><h5><strong>Top Shape</strong></h5><ul><li style=\"list-style-type: circle;\">Straight</li></ul></div><div class=\"col-12 col-md-3\"><h5><strong>Neck</strong></h5><ul><li style=\"list-style-type: circle;\">Round Neck</li></ul></div><div class=\"col-12 col-md-3\"><h5><strong>Print or Pattern Type</strong></h5><ul><li style=\"list-style-type: circle;\">Floral</li></ul></div></div>', 10, 1, 72, 2, 24, '', '', '', 1500, 1680, 20, 336, 1344, 'Women ,Floral , Straight Kurta,Trousers ,Dupatta,Kurta with dupatta,Yoke ', '12', 'exclusive', 180, '1.webp|2.jpg|3.jpg|4.webp|5.webp', 'cover_image.webp', 0, 0, 0, 0, '', '', '', '', '', 1, 999, '2022-11-29 13:00:00', '2023-01-16 18:19:55', 1),
(81, 'Women Black Ethnic Motifs Printed Kurta with Palazzos & With Dupatta', 'Kurta -02', 'women-black-ethnic-motifs-printed-kurta-with-palazzos-with-dupatta-m-black-vnky8c75-81', 'jhQSP8', 14, 'Women Black Ethnic Motifs Printed Kurta with Palazzos & With Dupatta', '<div class=\"row\"><div class=\"col-12 col-md-3\"><h5><strong>Kurta design:</strong></h5><ul><li>Floral yoke design</li><li>Straight shapeRegular style</li><li>Round neck, three-quarter regular sleeves</li><li>Calf length with straight hem</li><li>Cotton blend machine weave fabric</li></ul></div><div class=\"col-12 col-md-3\"><h5><strong>Trousers design:</strong></h5><ul><li>Solid Trousers</li><li>Elasticated waistband</li><li>Slip-on closure</li></ul></div><div class=\"col-12 col-md-3\"><h5><strong>Size &amp; Fit</strong></h5><ul><li>The model (height 5\'8) is wearing a size S</li><li>DimensionDupatta: Length : 2.25 M, Width : 0.95 M</li></ul></div></div><div class=\"row\"><div class=\"col-12 col-md-3\"><h5><strong>Sleeve Length</strong></h5><ul><li style=\"list-style-type: circle;\">Three-Quarter Sleeves</li></ul></div><div class=\"col-12 col-md-3\"><h5><strong>Top Shape</strong></h5><ul><li style=\"list-style-type: circle;\">Straight</li></ul></div><div class=\"col-12 col-md-3\"><h5><strong>Neck</strong></h5><ul><li style=\"list-style-type: circle;\">Round Neck</li></ul></div><div class=\"col-12 col-md-3\"><h5><strong>Print or Pattern Type</strong></h5><ul><li style=\"list-style-type: circle;\">Floral</li></ul></div></div>', 50, 1, 73, 2, 24, '', '', '', 1300, 1456, 15, 218.4, 1238, '', '12', 'exclusive', 156, '1.webp|2.webp|3.jpg|4.webp|5.webp', 'cover_image.webp', 1, 1, 0, 0, '', '', '', '', '', 1, 1, '2022-11-29 13:00:00', '2023-01-16 18:19:55', 1),
(82, 'Women Black Ethnic Motifs Printed Kurta with Palazzos & With Dupatta', 'Kurta -02', 'women-black-ethnic-motifs-printed-kurta-with-palazzos-with-dupatta-l-black-vnky8c75-82', 'jhQSP8', 14, 'Women Black Ethnic Motifs Printed Kurta with Palazzos & With Dupatta', '<div class=\"row\"><div class=\"col-12 col-md-3\"><h5><strong>Kurta design:</strong></h5><ul><li>Floral yoke design</li><li>Straight shapeRegular style</li><li>Round neck, three-quarter regular sleeves</li><li>Calf length with straight hem</li><li>Cotton blend machine weave fabric</li></ul></div><div class=\"col-12 col-md-3\"><h5><strong>Trousers design:</strong></h5><ul><li>Solid Trousers</li><li>Elasticated waistband</li><li>Slip-on closure</li></ul></div><div class=\"col-12 col-md-3\"><h5><strong>Size &amp; Fit</strong></h5><ul><li>The model (height 5\'8) is wearing a size S</li><li>DimensionDupatta: Length : 2.25 M, Width : 0.95 M</li></ul></div></div><div class=\"row\"><div class=\"col-12 col-md-3\"><h5><strong>Sleeve Length</strong></h5><ul><li style=\"list-style-type: circle;\">Three-Quarter Sleeves</li></ul></div><div class=\"col-12 col-md-3\"><h5><strong>Top Shape</strong></h5><ul><li style=\"list-style-type: circle;\">Straight</li></ul></div><div class=\"col-12 col-md-3\"><h5><strong>Neck</strong></h5><ul><li style=\"list-style-type: circle;\">Round Neck</li></ul></div><div class=\"col-12 col-md-3\"><h5><strong>Print or Pattern Type</strong></h5><ul><li style=\"list-style-type: circle;\">Floral</li></ul></div></div>', 50, 1, 73, 2, 24, '', '', '', 1300, 1456, 15, 218.4, 1238, '', '12', 'exclusive', 156, '1.webp|2.webp|3.jpg|4.webp|5.webp', 'cover_image.webp', 2, 1, 0, 0, '', '', '', '', '', 1, 1, '2022-11-29 13:00:00', '2023-01-16 18:19:55', 1);
INSERT INTO `product_details` (`product_id`, `product_name`, `product_code`, `short_code`, `variant_code`, `parent_product_id`, `short_description`, `description`, `stock`, `vendor_id`, `brand_id`, `category_id`, `child_category`, `qty`, `element_id`, `attributes_id`, `unit_price`, `mrp_price`, `discount`, `discount_amt`, `net_price`, `tag`, `tax`, `gst_type`, `gst_amt`, `image`, `cover_img`, `view_count`, `is_new_product`, `is_popular_product`, `is_feature_product`, `warranty_title`, `warranty_detail`, `meta_title`, `meta_description`, `meta_keyword`, `created_by`, `modified_by`, `created`, `modified`, `is_active`) VALUES
(83, 'Women Black Ethnic Motifs Printed Kurta with Palazzos & With Dupatta', 'Kurta -02', 'women-black-ethnic-motifs-printed-kurta-with-palazzos-with-dupatta-xl-black-vnky8c75-83', 'jhQSP8', 14, 'Women Black Ethnic Motifs Printed Kurta with Palazzos & With Dupatta', '<div class=\"row\"><div class=\"col-12 col-md-3\"><h5><strong>Kurta design:</strong></h5><ul><li>Floral yoke design</li><li>Straight shapeRegular style</li><li>Round neck, three-quarter regular sleeves</li><li>Calf length with straight hem</li><li>Cotton blend machine weave fabric</li></ul></div><div class=\"col-12 col-md-3\"><h5><strong>Trousers design:</strong></h5><ul><li>Solid Trousers</li><li>Elasticated waistband</li><li>Slip-on closure</li></ul></div><div class=\"col-12 col-md-3\"><h5><strong>Size &amp; Fit</strong></h5><ul><li>The model (height 5\'8) is wearing a size S</li><li>DimensionDupatta: Length : 2.25 M, Width : 0.95 M</li></ul></div></div><div class=\"row\"><div class=\"col-12 col-md-3\"><h5><strong>Sleeve Length</strong></h5><ul><li style=\"list-style-type: circle;\">Three-Quarter Sleeves</li></ul></div><div class=\"col-12 col-md-3\"><h5><strong>Top Shape</strong></h5><ul><li style=\"list-style-type: circle;\">Straight</li></ul></div><div class=\"col-12 col-md-3\"><h5><strong>Neck</strong></h5><ul><li style=\"list-style-type: circle;\">Round Neck</li></ul></div><div class=\"col-12 col-md-3\"><h5><strong>Print or Pattern Type</strong></h5><ul><li style=\"list-style-type: circle;\">Floral</li></ul></div></div>', 50, 1, 73, 2, 24, '', '', '', 1300, 1456, 15, 218.4, 1238, '', '12', 'exclusive', 156, '1.webp|2.webp|3.jpg|4.webp|5.webp', 'cover_image.webp', 3, 1, 0, 0, '', '', '', '', '', 1, 1, '2022-11-29 13:00:00', '2023-01-16 18:19:25', 1),
(84, 'Women Brown Floral Embroidered Regular Kurta with Trousers & With Dupatta', 'kurta-4', 'women-brown-floral-embroidered-regular-kurta-with-trousers-with-dupatta-s-brown-vnky8c75-84', '1uVFvz', 15, 'Women Brown Floral Embroidered Regular Kurta with Trousers & With Dupatta', '<div class=\"row\"><div class=\"col-12 col-md-3\"><h5><strong>Kurta design:</strong></h5><ul><li>Floral yoke design</li><li>Straight shapeRegular style</li><li>Round neck, three-quarter regular sleeves</li><li>Calf length with straight hem</li><li>Cotton blend machine weave fabric</li></ul></div><div class=\"col-12 col-md-3\"><h5><strong>Trousers design:</strong></h5><ul><li>Solid Trousers</li><li>Elasticated waistband</li><li>Slip-on closure</li></ul></div><div class=\"col-12 col-md-3\"><h5><strong>Size &amp; Fit</strong></h5><ul><li>The model (height 5&#39;8) is wearing a size S</li><li>DimensionDupatta: Length : 2.25 M, Width : 0.95 M</li></ul></div></div><div class=\"row\"><div class=\"col-12 col-md-3\"><h5><strong>Sleeve Length</strong></h5><ul><li style=\"list-style-type: circle;\">Three-Quarter Sleeves</li></ul></div><div class=\"col-12 col-md-3\"><h5><strong>Top Shape</strong></h5><ul><li style=\"list-style-type: circle;\">Straight</li></ul></div><div class=\"col-12 col-md-3\"><h5><strong>Neck</strong></h5><ul><li style=\"list-style-type: circle;\">Round Neck</li></ul></div><div class=\"col-12 col-md-3\"><h5><strong>Print or Pattern Type</strong></h5><ul><li style=\"list-style-type: circle;\">Floral</li></ul></div></div>', 20, 1, 74, 2, 24, '', '', '', 1000, 1120, 25, 280, 840, '', '12', 'exclusive', 120, '1.webp|2.webp|3.webp|4.webp', 'cover_image.webp', 34, 0, 0, 0, '', '', '', '', '', 1, 0, '2022-11-29 13:24:33', '2023-01-25 20:58:21', 1),
(85, 'Women Brown Floral Embroidered Regular Kurta with Trousers & With Dupatta', 'kurta-4', 'women-brown-floral-embroidered-regular-kurta-with-trousers-with-dupatta-m-brown-vnky8c75-85', '1uVFvz', 15, 'Women Brown Floral Embroidered Regular Kurta with Trousers & With Dupatta', '<div class=\"row\"><div class=\"col-12 col-md-3\"><h5><strong>Kurta design:</strong></h5><ul><li>Floral yoke design</li><li>Straight shapeRegular style</li><li>Round neck, three-quarter regular sleeves</li><li>Calf length with straight hem</li><li>Cotton blend machine weave fabric</li></ul></div><div class=\"col-12 col-md-3\"><h5><strong>Trousers design:</strong></h5><ul><li>Solid Trousers</li><li>Elasticated waistband</li><li>Slip-on closure</li></ul></div><div class=\"col-12 col-md-3\"><h5><strong>Size &amp; Fit</strong></h5><ul><li>The model (height 5\'8) is wearing a size S</li><li>DimensionDupatta: Length : 2.25 M, Width : 0.95 M</li></ul></div></div><div class=\"row\"><div class=\"col-12 col-md-3\"><h5><strong>Sleeve Length</strong></h5><ul><li style=\"list-style-type: circle;\">Three-Quarter Sleeves</li></ul></div><div class=\"col-12 col-md-3\"><h5><strong>Top Shape</strong></h5><ul><li style=\"list-style-type: circle;\">Straight</li></ul></div><div class=\"col-12 col-md-3\"><h5><strong>Neck</strong></h5><ul><li style=\"list-style-type: circle;\">Round Neck</li></ul></div><div class=\"col-12 col-md-3\"><h5><strong>Print or Pattern Type</strong></h5><ul><li style=\"list-style-type: circle;\">Floral</li></ul></div></div>', 20, 1, 74, 2, 24, '', '', '', 1000, 1120, 25, 280, 840, '', '12', 'exclusive', 120, '1.webp|2.webp|3.webp|4.webp', 'cover_image.webp', 4, 0, 0, 0, '', '', '', '', '', 1, 1, '2022-11-29 13:00:00', '2023-01-16 18:19:55', 1),
(86, 'Women Brown Floral Embroidered Regular Kurta with Trousers & With Dupatta', 'kurta-4', 'women-brown-floral-embroidered-regular-kurta-with-trousers-with-dupatta-l-brown-vnky8c75-86', '1uVFvz', 15, 'Women Brown Floral Embroidered Regular Kurta with Trousers & With Dupatta', '<div class=\"row\"><div class=\"col-12 col-md-3\"><h5><strong>Kurta design:</strong></h5><ul><li>Floral yoke design</li><li>Straight shapeRegular style</li><li>Round neck, three-quarter regular sleeves</li><li>Calf length with straight hem</li><li>Cotton blend machine weave fabric</li></ul></div><div class=\"col-12 col-md-3\"><h5><strong>Trousers design:</strong></h5><ul><li>Solid Trousers</li><li>Elasticated waistband</li><li>Slip-on closure</li></ul></div><div class=\"col-12 col-md-3\"><h5><strong>Size &amp; Fit</strong></h5><ul><li>The model (height 5\'8) is wearing a size S</li><li>DimensionDupatta: Length : 2.25 M, Width : 0.95 M</li></ul></div></div><div class=\"row\"><div class=\"col-12 col-md-3\"><h5><strong>Sleeve Length</strong></h5><ul><li style=\"list-style-type: circle;\">Three-Quarter Sleeves</li></ul></div><div class=\"col-12 col-md-3\"><h5><strong>Top Shape</strong></h5><ul><li style=\"list-style-type: circle;\">Straight</li></ul></div><div class=\"col-12 col-md-3\"><h5><strong>Neck</strong></h5><ul><li style=\"list-style-type: circle;\">Round Neck</li></ul></div><div class=\"col-12 col-md-3\"><h5><strong>Print or Pattern Type</strong></h5><ul><li style=\"list-style-type: circle;\">Floral</li></ul></div></div>', 20, 1, 74, 2, 24, '', '', '', 1000, 1120, 25, 280, 840, '', '12', 'exclusive', 120, '1.webp|2.webp|3.webp|4.webp', 'cover_image.webp', 2, 0, 0, 0, '', '', '', '', '', 1, 1, '2022-11-29 13:00:00', '2023-01-16 18:19:55', 1),
(87, 'Women Brown Floral Embroidered Regular Kurta with Trousers & With Dupatta', 'kurta-4', 'women-brown-floral-embroidered-regular-kurta-with-trousers-with-dupatta-xl-brown-vnky8c75-87', '1uVFvz', 15, 'Women Brown Floral Embroidered Regular Kurta with Trousers & With Dupatta', '<div class=\"row\"><div class=\"col-12 col-md-3\"><h5><strong>Kurta design:</strong></h5><ul><li>Floral yoke design</li><li>Straight shapeRegular style</li><li>Round neck, three-quarter regular sleeves</li><li>Calf length with straight hem</li><li>Cotton blend machine weave fabric</li></ul></div><div class=\"col-12 col-md-3\"><h5><strong>Trousers design:</strong></h5><ul><li>Solid Trousers</li><li>Elasticated waistband</li><li>Slip-on closure</li></ul></div><div class=\"col-12 col-md-3\"><h5><strong>Size &amp; Fit</strong></h5><ul><li>The model (height 5\'8) is wearing a size S</li><li>DimensionDupatta: Length : 2.25 M, Width : 0.95 M</li></ul></div></div><div class=\"row\"><div class=\"col-12 col-md-3\"><h5><strong>Sleeve Length</strong></h5><ul><li style=\"list-style-type: circle;\">Three-Quarter Sleeves</li></ul></div><div class=\"col-12 col-md-3\"><h5><strong>Top Shape</strong></h5><ul><li style=\"list-style-type: circle;\">Straight</li></ul></div><div class=\"col-12 col-md-3\"><h5><strong>Neck</strong></h5><ul><li style=\"list-style-type: circle;\">Round Neck</li></ul></div><div class=\"col-12 col-md-3\"><h5><strong>Print or Pattern Type</strong></h5><ul><li style=\"list-style-type: circle;\">Floral</li></ul></div></div>', 20, 1, 74, 2, 24, '', '', '', 1000, 1120, 25, 280, 840, '', '12', 'exclusive', 120, '1.webp|2.webp|3.webp|4.webp', 'cover_image.webp', 3, 0, 0, 0, '', '', '', '', '', 1, 1, '2022-11-29 13:00:00', '2023-01-16 18:19:55', 1),
(88, 'Women Pink Floral Printed Kurta with Trousers & With Dupatta', 'kurta-5', 'women-pink-floral-printed-kurta-with-trousers-with-dupatta-m-pink-vnky8c75-88', 'H4p1rT', 16, 'Women Pink Floral Printed Kurta with Trousers & With Dupatta', '<div class=\"row\"><div class=\"col-12 col-md-3\"><h5><strong>Kurta design:</strong></h5><ul><li>Floral yoke design</li><li>Straight shapeRegular style</li><li>Round neck, three-quarter regular sleeves</li><li>Calf length with straight hem</li><li>Cotton blend machine weave fabric</li></ul></div><div class=\"col-12 col-md-3\"><h5><strong>Trousers design:</strong></h5><ul><li>Solid Trousers</li><li>Elasticated waistband</li><li>Slip-on closure</li></ul></div><div class=\"col-12 col-md-3\"><h5><strong>Size &amp; Fit</strong></h5><ul><li>The model (height 5&#39;8) is wearing a size S</li><li>DimensionDupatta: Length : 2.25 M, Width : 0.95 M</li></ul></div></div><div class=\"row\"><div class=\"col-12 col-md-3\"><h5><strong>Sleeve Length</strong></h5><ul><li style=\"list-style-type: circle;\">Three-Quarter Sleeves</li></ul></div><div class=\"col-12 col-md-3\"><h5><strong>Top Shape</strong></h5><ul><li style=\"list-style-type: circle;\">Straight</li></ul></div><div class=\"col-12 col-md-3\"><h5><strong>Neck</strong></h5><ul><li style=\"list-style-type: circle;\">Round Neck</li></ul></div><div class=\"col-12 col-md-3\"><h5><strong>Print or Pattern Type</strong></h5><ul><li style=\"list-style-type: circle;\">Floral</li></ul></div></div>', 20, 1, 72, 2, 24, '', '', '', 1200, 1344, 0, 0, 1344, '', '12', 'exclusive', 144, '1.jpg|2.jpg|3.jpg|4.jpg|5.jpg', 'cover_image.jpg', 32, 1, 0, 0, '', '', '', '', '', 1, 0, '2022-11-29 13:45:24', '2023-01-16 18:19:55', 1),
(89, 'Women Pink Floral Printed Kurta with Trousers & With Dupatta', 'kurta-5', 'women-pink-floral-printed-kurta-with-trousers-with-dupatta-l-pink-vnky8c75-89', 'H4p1rT', 16, 'Women Pink Floral Printed Kurta with Trousers & With Dupatta', '<div class=\"row\"><div class=\"col-12 col-md-3\"><h5><strong>Kurta design:</strong></h5><ul><li>Floral yoke design</li><li>Straight shapeRegular style</li><li>Round neck, three-quarter regular sleeves</li><li>Calf length with straight hem</li><li>Cotton blend machine weave fabric</li></ul></div><div class=\"col-12 col-md-3\"><h5><strong>Trousers design:</strong></h5><ul><li>Solid Trousers</li><li>Elasticated waistband</li><li>Slip-on closure</li></ul></div><div class=\"col-12 col-md-3\"><h5><strong>Size &amp; Fit</strong></h5><ul><li>The model (height 5\'8) is wearing a size S</li><li>DimensionDupatta: Length : 2.25 M, Width : 0.95 M</li></ul></div></div><div class=\"row\"><div class=\"col-12 col-md-3\"><h5><strong>Sleeve Length</strong></h5><ul><li style=\"list-style-type: circle;\">Three-Quarter Sleeves</li></ul></div><div class=\"col-12 col-md-3\"><h5><strong>Top Shape</strong></h5><ul><li style=\"list-style-type: circle;\">Straight</li></ul></div><div class=\"col-12 col-md-3\"><h5><strong>Neck</strong></h5><ul><li style=\"list-style-type: circle;\">Round Neck</li></ul></div><div class=\"col-12 col-md-3\"><h5><strong>Print or Pattern Type</strong></h5><ul><li style=\"list-style-type: circle;\">Floral</li></ul></div></div>', 20, 1, 72, 2, 24, '', '', '', 1200, 1344, 0, 0, 1344, '', '12', 'exclusive', 144, '1.jpg|2.jpg|3.jpg|4.jpg|5.jpg', 'cover_image.jpg', 0, 1, 0, 0, '', '', '', '', '', 1, 1, '2022-11-29 13:00:00', '2023-01-16 18:19:55', 1),
(90, 'Women Pink Floral Printed Kurta with Trousers & With Dupatta', 'kurta-5', 'women-pink-floral-printed-kurta-with-trousers-with-dupatta-xl-pink-vnky8c75-90', 'H4p1rT', 16, 'Women Pink Floral Printed Kurta with Trousers & With Dupatta', '<div class=\"row\"><div class=\"col-12 col-md-3\"><h5><strong>Kurta design:</strong></h5><ul><li>Floral yoke design</li><li>Straight shapeRegular style</li><li>Round neck, three-quarter regular sleeves</li><li>Calf length with straight hem</li><li>Cotton blend machine weave fabric</li></ul></div><div class=\"col-12 col-md-3\"><h5><strong>Trousers design:</strong></h5><ul><li>Solid Trousers</li><li>Elasticated waistband</li><li>Slip-on closure</li></ul></div><div class=\"col-12 col-md-3\"><h5><strong>Size &amp; Fit</strong></h5><ul><li>The model (height 5\'8) is wearing a size S</li><li>DimensionDupatta: Length : 2.25 M, Width : 0.95 M</li></ul></div></div><div class=\"row\"><div class=\"col-12 col-md-3\"><h5><strong>Sleeve Length</strong></h5><ul><li style=\"list-style-type: circle;\">Three-Quarter Sleeves</li></ul></div><div class=\"col-12 col-md-3\"><h5><strong>Top Shape</strong></h5><ul><li style=\"list-style-type: circle;\">Straight</li></ul></div><div class=\"col-12 col-md-3\"><h5><strong>Neck</strong></h5><ul><li style=\"list-style-type: circle;\">Round Neck</li></ul></div><div class=\"col-12 col-md-3\"><h5><strong>Print or Pattern Type</strong></h5><ul><li style=\"list-style-type: circle;\">Floral</li></ul></div></div>', 20, 1, 72, 2, 24, '', '', '', 1200, 1344, 0, 0, 1344, '', '12', 'exclusive', 144, '1.jpg|2.jpg|3.jpg|4.jpg|5.jpg', 'cover_image.jpg', 0, 1, 0, 0, '', '', '', '', '', 1, 1, '2022-11-29 13:00:00', '2023-01-16 18:19:55', 1),
(91, 'Women Pink Floral Printed Kurta with Trousers & With Dupatta', 'kurta-5', 'women-pink-floral-printed-kurta-with-trousers-with-dupatta-xxl-pink-vnky8c75-91', 'H4p1rT', 16, 'Women Pink Floral Printed Kurta with Trousers & With Dupatta', '<div class=\"row\"><div class=\"col-12 col-md-3\"><h5><strong>Kurta design:</strong></h5><ul><li>Floral yoke design</li><li>Straight shapeRegular style</li><li>Round neck, three-quarter regular sleeves</li><li>Calf length with straight hem</li><li>Cotton blend machine weave fabric</li></ul></div><div class=\"col-12 col-md-3\"><h5><strong>Trousers design:</strong></h5><ul><li>Solid Trousers</li><li>Elasticated waistband</li><li>Slip-on closure</li></ul></div><div class=\"col-12 col-md-3\"><h5><strong>Size &amp; Fit</strong></h5><ul><li>The model (height 5\'8) is wearing a size S</li><li>DimensionDupatta: Length : 2.25 M, Width : 0.95 M</li></ul></div></div><div class=\"row\"><div class=\"col-12 col-md-3\"><h5><strong>Sleeve Length</strong></h5><ul><li style=\"list-style-type: circle;\">Three-Quarter Sleeves</li></ul></div><div class=\"col-12 col-md-3\"><h5><strong>Top Shape</strong></h5><ul><li style=\"list-style-type: circle;\">Straight</li></ul></div><div class=\"col-12 col-md-3\"><h5><strong>Neck</strong></h5><ul><li style=\"list-style-type: circle;\">Round Neck</li></ul></div><div class=\"col-12 col-md-3\"><h5><strong>Print or Pattern Type</strong></h5><ul><li style=\"list-style-type: circle;\">Floral</li></ul></div></div>', 20, 1, 72, 2, 24, '', '', '', 1200, 1344, 0, 0, 1344, '', '12', 'exclusive', 144, '1.jpg|2.jpg|3.jpg|4.jpg|5.jpg', 'cover_image.jpg', 0, 1, 0, 0, '', '', '', '', '', 1, 1, '2022-11-29 13:00:00', '2023-01-16 18:19:55', 1),
(92, 'Coral & White Floral Print Mandarin Collar Pure Cotton Empire Top', 'TUNIC', 'coral-white-floral-print-mandarin-collar-pure-cotton-empire-top-s-sky-vnky8c75-92', 'hcYHvz', 17, 'Coral & White Floral Print Mandarin Collar Pure Cotton Empire Top', '<div class=\"row\"><div class=\"col-12 col-md-3\"><ul><li style=\"box-sizing: inherit;\">Blue longline empire top</li><li style=\"box-sizing: inherit;\">Ethnic motifs print</li><li style=\"box-sizing: inherit;\">Mandarin collar, three-quarter, cuffed sleeves</li><li style=\"box-sizing: inherit;\">Gathered or pleated detail</li><li style=\"box-sizing: inherit;\">Woven cotton</li></ul></div><div class=\"col-12 col-md-3\"><h5><br></h5></div></div><div class=\"row\"><div class=\"col-12 col-md-3\"><h5><strong>Sleeve Length</strong></h5><ul><li style=\"list-style-type: circle;\">Three-Quarter Sleeves</li></ul></div><div class=\"col-12 col-md-3\"><h5><strong>Top Shape</strong></h5><ul><li style=\"list-style-type: circle;\">Straight</li></ul></div><div class=\"col-12 col-md-3\"><h5><strong>Neck</strong></h5><ul><li style=\"list-style-type: circle;\">Round Neck</li></ul></div><div class=\"col-12 col-md-3\"><h5><strong>Print or Pattern Type</strong></h5><ul><li style=\"list-style-type: circle;\">Floral</li></ul></div><div class=\"col-12 col-md-3\"><h5><strong>Size &amp; Fit</strong></h5><ul><li>The model (height 5&#39;8) is wearing a size S</li><li>DimensionDupatta: Length : 2.25 M, Width : 0.95 M</li></ul></div></div>', 20, 1, 13, 2, 25, '', '', '', 700, 784, 0, 0, 784, '', '12', 'exclusive', 84, '1.webp|2.webp|3.webp|4.webp|5.webp', 'cover_image.webp', 25, 0, 0, 0, '', '', '', '', '', 1, 0, '2022-11-29 13:54:59', '2023-01-16 18:19:55', 1),
(93, 'Coral & White Floral Print Mandarin Collar Pure Cotton Empire Top', 'TUNIC', 'coral-white-floral-print-mandarin-collar-pure-cotton-empire-top-m-sky-vnky8c75-93', 'hcYHvz', 17, 'Coral & White Floral Print Mandarin Collar Pure Cotton Empire Top', '<div class=\"row\"><div class=\"col-12 col-md-3\"><ul><li style=\"box-sizing: inherit;\">Blue longline empire top</li><li style=\"box-sizing: inherit;\">Ethnic motifs print</li><li style=\"box-sizing: inherit;\">Mandarin collar, three-quarter, cuffed sleeves</li><li style=\"box-sizing: inherit;\">Gathered or pleated detail</li><li style=\"box-sizing: inherit;\">Woven cotton</li></ul></div><div class=\"col-12 col-md-3\"><h5><br></h5></div></div><div class=\"row\"><div class=\"col-12 col-md-3\"><h5><strong>Sleeve Length</strong></h5><ul><li style=\"list-style-type: circle;\">Three-Quarter Sleeves</li></ul></div><div class=\"col-12 col-md-3\"><h5><strong>Top Shape</strong></h5><ul><li style=\"list-style-type: circle;\">Straight</li></ul></div><div class=\"col-12 col-md-3\"><h5><strong>Neck</strong></h5><ul><li style=\"list-style-type: circle;\">Round Neck</li></ul></div><div class=\"col-12 col-md-3\"><h5><strong>Print or Pattern Type</strong></h5><ul><li style=\"list-style-type: circle;\">Floral</li></ul></div><div class=\"col-12 col-md-3\"><h5><strong>Size &amp; Fit</strong></h5><ul><li>The model (height 5\'8) is wearing a size S</li><li>DimensionDupatta: Length : 2.25 M, Width : 0.95 M</li></ul></div></div>', 20, 1, 13, 2, 25, '', '', '', 700, 784, 0, 0, 784, '', '12', 'exclusive', 84, '1.webp|2.webp|3.webp|4.webp|5.webp', 'cover_image.webp', 2, 0, 0, 0, '', '', '', '', '', 1, 1, '2022-11-29 13:00:00', '2023-01-16 18:19:55', 1),
(94, 'Coral & White Floral Print Mandarin Collar Pure Cotton Empire Top', 'TUNIC', 'coral-white-floral-print-mandarin-collar-pure-cotton-empire-top-l-sky-vnky8c75-94', 'hcYHvz', 17, 'Coral & White Floral Print Mandarin Collar Pure Cotton Empire Top', '<div class=\"row\"><div class=\"col-12 col-md-3\"><ul><li style=\"box-sizing: inherit;\">Blue longline empire top</li><li style=\"box-sizing: inherit;\">Ethnic motifs print</li><li style=\"box-sizing: inherit;\">Mandarin collar, three-quarter, cuffed sleeves</li><li style=\"box-sizing: inherit;\">Gathered or pleated detail</li><li style=\"box-sizing: inherit;\">Woven cotton</li></ul></div><div class=\"col-12 col-md-3\"><h5><br></h5></div></div><div class=\"row\"><div class=\"col-12 col-md-3\"><h5><strong>Sleeve Length</strong></h5><ul><li style=\"list-style-type: circle;\">Three-Quarter Sleeves</li></ul></div><div class=\"col-12 col-md-3\"><h5><strong>Top Shape</strong></h5><ul><li style=\"list-style-type: circle;\">Straight</li></ul></div><div class=\"col-12 col-md-3\"><h5><strong>Neck</strong></h5><ul><li style=\"list-style-type: circle;\">Round Neck</li></ul></div><div class=\"col-12 col-md-3\"><h5><strong>Print or Pattern Type</strong></h5><ul><li style=\"list-style-type: circle;\">Floral</li></ul></div><div class=\"col-12 col-md-3\"><h5><strong>Size &amp; Fit</strong></h5><ul><li>The model (height 5\'8) is wearing a size S</li><li>DimensionDupatta: Length : 2.25 M, Width : 0.95 M</li></ul></div></div>', 20, 1, 13, 2, 25, '', '', '', 700, 784, 0, 0, 784, '', '12', 'exclusive', 84, '1.webp|2.webp|3.webp|4.webp|5.webp', 'cover_image.webp', 3, 0, 0, 0, '', '', '', '', '', 1, 1, '2022-11-29 13:00:00', '2023-01-16 18:19:55', 1),
(95, 'Coral & White Floral Print Mandarin Collar Pure Cotton Empire Top', 'TUNIC', 'coral-white-floral-print-mandarin-collar-pure-cotton-empire-top-xl-sky-vnky8c75-95', 'hcYHvz', 17, 'Coral & White Floral Print Mandarin Collar Pure Cotton Empire Top', '<div class=\"row\"><div class=\"col-12 col-md-3\"><ul><li style=\"box-sizing: inherit;\">Blue longline empire top</li><li style=\"box-sizing: inherit;\">Ethnic motifs print</li><li style=\"box-sizing: inherit;\">Mandarin collar, three-quarter, cuffed sleeves</li><li style=\"box-sizing: inherit;\">Gathered or pleated detail</li><li style=\"box-sizing: inherit;\">Woven cotton</li></ul></div><div class=\"col-12 col-md-3\"><h5><br></h5></div></div><div class=\"row\"><div class=\"col-12 col-md-3\"><h5><strong>Sleeve Length</strong></h5><ul><li style=\"list-style-type: circle;\">Three-Quarter Sleeves</li></ul></div><div class=\"col-12 col-md-3\"><h5><strong>Top Shape</strong></h5><ul><li style=\"list-style-type: circle;\">Straight</li></ul></div><div class=\"col-12 col-md-3\"><h5><strong>Neck</strong></h5><ul><li style=\"list-style-type: circle;\">Round Neck</li></ul></div><div class=\"col-12 col-md-3\"><h5><strong>Print or Pattern Type</strong></h5><ul><li style=\"list-style-type: circle;\">Floral</li></ul></div><div class=\"col-12 col-md-3\"><h5><strong>Size &amp; Fit</strong></h5><ul><li>The model (height 5\'8) is wearing a size S</li><li>DimensionDupatta: Length : 2.25 M, Width : 0.95 M</li></ul></div></div>', 20, 1, 13, 2, 25, '', '', '', 700, 784, 0, 0, 784, '', '12', 'exclusive', 84, '1.webp|2.webp|3.webp|4.webp|5.webp', 'cover_image.webp', 4, 0, 0, 0, '', '', '', '', '', 1, 1, '2022-11-29 13:00:00', '2023-01-16 18:19:55', 1),
(96, 'Coral & White Floral Print Mandarin Collar Pure Cotton Empire Top', 'TUNIC', 'coral-white-floral-print-mandarin-collar-pure-cotton-empire-top-s-pink-vnky8c75-96', 'hcYHvz', 17, 'Coral & White Floral Print Mandarin Collar Pure Cotton Empire Top', '<div class=\"row\"><div class=\"col-12 col-md-3\"><h5><strong>Kurta design:</strong></h5><ul><li>Floral yoke design</li><li>Straight shapeRegular style</li><li>Round neck, three-quarter regular sleeves</li><li>Calf length with straight hem</li><li>Cotton blend machine weave fabric</li></ul></div><div class=\"col-12 col-md-3\"><h5><strong>Trousers design:</strong></h5><ul><li>Solid Trousers</li><li>Elasticated waistband</li><li>Slip-on closure</li></ul></div><div class=\"col-12 col-md-3\"><h5><strong>Size &amp; Fit</strong></h5><ul><li>The model (height 5&#39;8) is wearing a size S</li><li>DimensionDupatta: Length : 2.25 M, Width : 0.95 M</li></ul></div></div><div class=\"row\"><div class=\"col-12 col-md-3\"><h5><strong>Sleeve Length</strong></h5><ul><li style=\"list-style-type: circle;\">Three-Quarter Sleeves</li></ul></div><div class=\"col-12 col-md-3\"><h5><strong>Top Shape</strong></h5><ul><li style=\"list-style-type: circle;\">Straight</li></ul></div><div class=\"col-12 col-md-3\"><h5><strong>Neck</strong></h5><ul><li style=\"list-style-type: circle;\">Round Neck</li></ul></div><div class=\"col-12 col-md-3\"><h5><strong>Print or Pattern Type</strong></h5><ul><li style=\"list-style-type: circle;\">Floral</li></ul></div></div>', 20, 1, 13, 2, 25, '', '', '', 700, 784, 0, 0, 784, '', '12', 'exclusive', 84, '1.webp|2.webp|3.webp|4.webp|5.webp|6.webp', 'cover_image.webp', 4, 0, 0, 0, '', '', '', '', '', 1, 0, '2022-11-29 15:11:55', '2023-01-16 18:19:55', 1),
(97, 'Coral & White Floral Print Mandarin Collar Pure Cotton Empire Top', 'TUNIC', 'coral-white-floral-print-mandarin-collar-pure-cotton-empire-top-m-pink-vnky8c75-97', 'hcYHvz', 17, 'Coral & White Floral Print Mandarin Collar Pure Cotton Empire Top', '<div class=\"row\"><div class=\"col-12 col-md-3\"><h5><strong>Kurta design:</strong></h5><ul><li>Floral yoke design</li><li>Straight shapeRegular style</li><li>Round neck, three-quarter regular sleeves</li><li>Calf length with straight hem</li><li>Cotton blend machine weave fabric</li></ul></div><div class=\"col-12 col-md-3\"><h5><strong>Trousers design:</strong></h5><ul><li>Solid Trousers</li><li>Elasticated waistband</li><li>Slip-on closure</li></ul></div><div class=\"col-12 col-md-3\"><h5><strong>Size &amp; Fit</strong></h5><ul><li>The model (height 5\'8) is wearing a size S</li><li>DimensionDupatta: Length : 2.25 M, Width : 0.95 M</li></ul></div></div><div class=\"row\"><div class=\"col-12 col-md-3\"><h5><strong>Sleeve Length</strong></h5><ul><li style=\"list-style-type: circle;\">Three-Quarter Sleeves</li></ul></div><div class=\"col-12 col-md-3\"><h5><strong>Top Shape</strong></h5><ul><li style=\"list-style-type: circle;\">Straight</li></ul></div><div class=\"col-12 col-md-3\"><h5><strong>Neck</strong></h5><ul><li style=\"list-style-type: circle;\">Round Neck</li></ul></div><div class=\"col-12 col-md-3\"><h5><strong>Print or Pattern Type</strong></h5><ul><li style=\"list-style-type: circle;\">Floral</li></ul></div></div>', 20, 1, 13, 2, 25, '', '', '', 700, 784, 0, 0, 784, '', '12', 'exclusive', 84, '1.webp|2.webp|3.webp|4.webp|5.webp|6.webp', 'cover_image.webp', 1, 0, 0, 0, '', '', '', '', '', 1, 1, '2022-11-29 13:00:00', '2023-01-16 18:19:55', 1),
(98, 'Coral & White Floral Print Mandarin Collar Pure Cotton Empire Top', 'TUNIC', 'coral-white-floral-print-mandarin-collar-pure-cotton-empire-top-l-pink-vnky8c75-98', 'hcYHvz', 17, 'Coral & White Floral Print Mandarin Collar Pure Cotton Empire Top', '<div class=\"row\"><div class=\"col-12 col-md-3\"><h5><strong>Kurta design:</strong></h5><ul><li>Floral yoke design</li><li>Straight shapeRegular style</li><li>Round neck, three-quarter regular sleeves</li><li>Calf length with straight hem</li><li>Cotton blend machine weave fabric</li></ul></div><div class=\"col-12 col-md-3\"><h5><strong>Trousers design:</strong></h5><ul><li>Solid Trousers</li><li>Elasticated waistband</li><li>Slip-on closure</li></ul></div><div class=\"col-12 col-md-3\"><h5><strong>Size &amp; Fit</strong></h5><ul><li>The model (height 5\'8) is wearing a size S</li><li>DimensionDupatta: Length : 2.25 M, Width : 0.95 M</li></ul></div></div><div class=\"row\"><div class=\"col-12 col-md-3\"><h5><strong>Sleeve Length</strong></h5><ul><li style=\"list-style-type: circle;\">Three-Quarter Sleeves</li></ul></div><div class=\"col-12 col-md-3\"><h5><strong>Top Shape</strong></h5><ul><li style=\"list-style-type: circle;\">Straight</li></ul></div><div class=\"col-12 col-md-3\"><h5><strong>Neck</strong></h5><ul><li style=\"list-style-type: circle;\">Round Neck</li></ul></div><div class=\"col-12 col-md-3\"><h5><strong>Print or Pattern Type</strong></h5><ul><li style=\"list-style-type: circle;\">Floral</li></ul></div></div>', 20, 1, 13, 2, 25, '', '', '', 700, 784, 0, 0, 784, '', '12', 'exclusive', 84, '1.webp|2.webp|3.webp|4.webp|5.webp|6.webp', 'cover_image.webp', 2, 0, 0, 0, '', '', '', '', '', 1, 1, '2022-11-29 13:00:00', '2023-01-16 18:19:55', 1),
(99, 'Off White & Blue Geometric Printed Mandarin Collar Empire Top', 'TUNIC', 'off-white-blue-geometric-printed-mandarin-collar-empire-top-s-pearl-vnky8c75-99', 'XmyArn', 18, 'Off White & Blue Geometric Printed Mandarin Collar Empire Top', '<div class=\"row\"><div class=\"col-12 col-md-3\"><h5><strong>Kurta design:</strong></h5><ul><li>Floral yoke design</li><li>Straight shapeRegular style</li><li>Round neck, three-quarter regular sleeves</li><li>Calf length with straight hem</li><li>Cotton blend machine weave fabric</li></ul></div><div class=\"col-12 col-md-3\"><h5><strong>Trousers design:</strong></h5><ul><li>Solid Trousers</li><li>Elasticated waistband</li><li>Slip-on closure</li></ul></div><div class=\"col-12 col-md-3\"><h5><strong>Size &amp; Fit</strong></h5><ul><li>The model (height 5&#39;8) is wearing a size S</li><li>DimensionDupatta: Length : 2.25 M, Width : 0.95 M</li></ul></div></div><div class=\"row\"><div class=\"col-12 col-md-3\"><h5><strong>Sleeve Length</strong></h5><ul><li style=\"list-style-type: circle;\">Three-Quarter Sleeves</li></ul></div><div class=\"col-12 col-md-3\"><h5><strong>Top Shape</strong></h5><ul><li style=\"list-style-type: circle;\">Straight</li></ul></div><div class=\"col-12 col-md-3\"><h5><strong>Neck</strong></h5><ul><li style=\"list-style-type: circle;\">Round Neck</li></ul></div><div class=\"col-12 col-md-3\"><h5><strong>Print or Pattern Type</strong></h5><ul><li style=\"list-style-type: circle;\">Floral</li></ul></div></div>', 20, 1, 17, 2, 25, '', '', '', 500, 560, 0, 0, 560, '', '12', 'exclusive', 60, '1.webp|2.webp|3.webp', 'cover_image.webp', 7, 0, 0, 0, '', '', '', '', '', 1, 0, '2022-11-29 15:20:12', '2023-01-17 22:46:31', 1),
(100, 'Off White & Blue Geometric Printed Mandarin Collar Empire Top', 'TUNIC', 'off-white-blue-geometric-printed-mandarin-collar-empire-top-m-pearl-vnky8c75-100', 'XmyArn', 18, 'Off White & Blue Geometric Printed Mandarin Collar Empire Top', '<div class=\"row\"><div class=\"col-12 col-md-3\"><h5><strong>Kurta design:</strong></h5><ul><li>Floral yoke design</li><li>Straight shapeRegular style</li><li>Round neck, three-quarter regular sleeves</li><li>Calf length with straight hem</li><li>Cotton blend machine weave fabric</li></ul></div><div class=\"col-12 col-md-3\"><h5><strong>Trousers design:</strong></h5><ul><li>Solid Trousers</li><li>Elasticated waistband</li><li>Slip-on closure</li></ul></div><div class=\"col-12 col-md-3\"><h5><strong>Size &amp; Fit</strong></h5><ul><li>The model (height 5\'8) is wearing a size S</li><li>DimensionDupatta: Length : 2.25 M, Width : 0.95 M</li></ul></div></div><div class=\"row\"><div class=\"col-12 col-md-3\"><h5><strong>Sleeve Length</strong></h5><ul><li style=\"list-style-type: circle;\">Three-Quarter Sleeves</li></ul></div><div class=\"col-12 col-md-3\"><h5><strong>Top Shape</strong></h5><ul><li style=\"list-style-type: circle;\">Straight</li></ul></div><div class=\"col-12 col-md-3\"><h5><strong>Neck</strong></h5><ul><li style=\"list-style-type: circle;\">Round Neck</li></ul></div><div class=\"col-12 col-md-3\"><h5><strong>Print or Pattern Type</strong></h5><ul><li style=\"list-style-type: circle;\">Floral</li></ul></div></div>', 20, 1, 17, 2, 25, '', '', '', 500, 560, 0, 0, 560, '', '12', 'exclusive', 60, '1.webp|2.webp|3.webp', 'cover_image.webp', 0, 0, 0, 0, '', '', '', '', '', 1, 1, '2022-11-29 13:00:00', '2023-01-16 18:19:55', 1),
(101, 'Off White & Blue Geometric Printed Mandarin Collar Empire Top', 'TUNIC', 'off-white-blue-geometric-printed-mandarin-collar-empire-top-l-pearl-vnky8c75-101', 'XmyArn', 18, 'Off White & Blue Geometric Printed Mandarin Collar Empire Top', '<div class=\"row\"><div class=\"col-12 col-md-3\"><h5><strong>Kurta design:</strong></h5><ul><li>Floral yoke design</li><li>Straight shapeRegular style</li><li>Round neck, three-quarter regular sleeves</li><li>Calf length with straight hem</li><li>Cotton blend machine weave fabric</li></ul></div><div class=\"col-12 col-md-3\"><h5><strong>Trousers design:</strong></h5><ul><li>Solid Trousers</li><li>Elasticated waistband</li><li>Slip-on closure</li></ul></div><div class=\"col-12 col-md-3\"><h5><strong>Size &amp; Fit</strong></h5><ul><li>The model (height 5\'8) is wearing a size S</li><li>DimensionDupatta: Length : 2.25 M, Width : 0.95 M</li></ul></div></div><div class=\"row\"><div class=\"col-12 col-md-3\"><h5><strong>Sleeve Length</strong></h5><ul><li style=\"list-style-type: circle;\">Three-Quarter Sleeves</li></ul></div><div class=\"col-12 col-md-3\"><h5><strong>Top Shape</strong></h5><ul><li style=\"list-style-type: circle;\">Straight</li></ul></div><div class=\"col-12 col-md-3\"><h5><strong>Neck</strong></h5><ul><li style=\"list-style-type: circle;\">Round Neck</li></ul></div><div class=\"col-12 col-md-3\"><h5><strong>Print or Pattern Type</strong></h5><ul><li style=\"list-style-type: circle;\">Floral</li></ul></div></div>', 20, 1, 17, 2, 25, '', '', '', 500, 560, 0, 0, 560, '', '12', 'exclusive', 60, '1.webp|2.webp|3.webp', 'cover_image.webp', 0, 0, 0, 0, '', '', '', '', '', 1, 1, '2022-11-29 13:00:00', '2023-01-16 18:19:55', 1),
(102, 'Off White & Blue Geometric Printed Mandarin Collar Empire Top', 'TUNIC', 'off-white-blue-geometric-printed-mandarin-collar-empire-top-xl-pearl-vnky8c75-102', 'XmyArn', 18, 'Off White & Blue Geometric Printed Mandarin Collar Empire Top', '<div class=\"row\"><div class=\"col-12 col-md-3\"><h5><strong>Kurta design:</strong></h5><ul><li>Floral yoke design</li><li>Straight shapeRegular style</li><li>Round neck, three-quarter regular sleeves</li><li>Calf length with straight hem</li><li>Cotton blend machine weave fabric</li></ul></div><div class=\"col-12 col-md-3\"><h5><strong>Trousers design:</strong></h5><ul><li>Solid Trousers</li><li>Elasticated waistband</li><li>Slip-on closure</li></ul></div><div class=\"col-12 col-md-3\"><h5><strong>Size &amp; Fit</strong></h5><ul><li>The model (height 5\'8) is wearing a size S</li><li>DimensionDupatta: Length : 2.25 M, Width : 0.95 M</li></ul></div></div><div class=\"row\"><div class=\"col-12 col-md-3\"><h5><strong>Sleeve Length</strong></h5><ul><li style=\"list-style-type: circle;\">Three-Quarter Sleeves</li></ul></div><div class=\"col-12 col-md-3\"><h5><strong>Top Shape</strong></h5><ul><li style=\"list-style-type: circle;\">Straight</li></ul></div><div class=\"col-12 col-md-3\"><h5><strong>Neck</strong></h5><ul><li style=\"list-style-type: circle;\">Round Neck</li></ul></div><div class=\"col-12 col-md-3\"><h5><strong>Print or Pattern Type</strong></h5><ul><li style=\"list-style-type: circle;\">Floral</li></ul></div></div>', 20, 1, 17, 2, 25, '', '', '', 500, 560, 0, 0, 560, '', '12', 'exclusive', 60, '1.webp|2.webp|3.webp', 'cover_image.webp', 0, 0, 0, 0, '', '', '', '', '', 1, 1, '2022-11-29 13:00:00', '2023-01-16 18:19:55', 1),
(103, 'Women Yellow Embellished High-Low Longline Top', 'TOP', 'women-yellow-embellished-high-low-longline-top-s-yellow-vnky8c75-103', 'yGzxBv', 19, 'Women Yellow Embellished High-Low Longline Top', '<div class=\"row\"><div class=\"col-12 col-md-3\"><h5><strong>Kurta design:</strong></h5><ul><li>Floral yoke design</li><li>Straight shapeRegular style</li><li>Round neck, three-quarter regular sleeves</li><li>Calf length with straight hem</li><li>Cotton blend machine weave fabric</li></ul></div><div class=\"col-12 col-md-3\"><h5><strong>Trousers design:</strong></h5><ul><li>Solid Trousers</li><li>Elasticated waistband</li><li>Slip-on closure</li></ul></div><div class=\"col-12 col-md-3\"><h5><strong>Size &amp; Fit</strong></h5><ul><li>The model (height 5&#39;8) is wearing a size S</li><li>DimensionDupatta: Length : 2.25 M, Width : 0.95 M</li></ul></div></div><div class=\"row\"><div class=\"col-12 col-md-3\"><h5><strong>Sleeve Length</strong></h5><ul><li style=\"list-style-type: circle;\">Three-Quarter Sleeves</li></ul></div><div class=\"col-12 col-md-3\"><h5><strong>Top Shape</strong></h5><ul><li style=\"list-style-type: circle;\">Straight</li></ul></div><div class=\"col-12 col-md-3\"><h5><strong>Neck</strong></h5><ul><li style=\"list-style-type: circle;\">Round Neck</li></ul></div><div class=\"col-12 col-md-3\"><h5><strong>Print or Pattern Type</strong></h5><ul><li style=\"list-style-type: circle;\">Floral</li></ul></div></div>', 20, 1, 80, 2, 25, '', '', '', 499, 559, 0, 0, 559, '', '12', 'exclusive', 59.88, '1.webp|2.jpg|3.webp|4.webp|5.webp|6.webp', 'cover_image.webp', 39, 0, 0, 0, '', '', '', '', '', 1, 0, '2022-11-29 15:37:44', '2023-01-16 18:19:55', 1),
(104, 'Women Yellow Embellished High-Low Longline Top', 'TOP', 'women-yellow-embellished-high-low-longline-top-m-yellow-vnky8c75-104', 'yGzxBv', 19, 'Women Yellow Embellished High-Low Longline Top', '<div class=\"row\"><div class=\"col-12 col-md-3\"><h5><strong>Kurta design:</strong></h5><ul><li>Floral yoke design</li><li>Straight shapeRegular style</li><li>Round neck, three-quarter regular sleeves</li><li>Calf length with straight hem</li><li>Cotton blend machine weave fabric</li></ul></div><div class=\"col-12 col-md-3\"><h5><strong>Trousers design:</strong></h5><ul><li>Solid Trousers</li><li>Elasticated waistband</li><li>Slip-on closure</li></ul></div><div class=\"col-12 col-md-3\"><h5><strong>Size &amp; Fit</strong></h5><ul><li>The model (height 5\'8) is wearing a size S</li><li>DimensionDupatta: Length : 2.25 M, Width : 0.95 M</li></ul></div></div><div class=\"row\"><div class=\"col-12 col-md-3\"><h5><strong>Sleeve Length</strong></h5><ul><li style=\"list-style-type: circle;\">Three-Quarter Sleeves</li></ul></div><div class=\"col-12 col-md-3\"><h5><strong>Top Shape</strong></h5><ul><li style=\"list-style-type: circle;\">Straight</li></ul></div><div class=\"col-12 col-md-3\"><h5><strong>Neck</strong></h5><ul><li style=\"list-style-type: circle;\">Round Neck</li></ul></div><div class=\"col-12 col-md-3\"><h5><strong>Print or Pattern Type</strong></h5><ul><li style=\"list-style-type: circle;\">Floral</li></ul></div></div>', 20, 1, 80, 2, 25, '', '', '', 499, 559, 0, 0, 559, '', '12', 'exclusive', 59.88, '1.webp|2.jpg|3.webp|4.webp|5.webp|6.webp', 'cover_image.webp', 0, 0, 0, 0, '', '', '', '', '', 1, 1, '2022-11-29 13:00:00', '2023-01-16 18:19:55', 1),
(105, 'Women Yellow Embellished High-Low Longline Top', 'TOP', 'women-yellow-embellished-high-low-longline-top-l-yellow-vnky8c75-105', 'yGzxBv', 19, 'Women Yellow Embellished High-Low Longline Top', '<div class=\"row\"><div class=\"col-12 col-md-3\"><h5><strong>Kurta design:</strong></h5><ul><li>Floral yoke design</li><li>Straight shapeRegular style</li><li>Round neck, three-quarter regular sleeves</li><li>Calf length with straight hem</li><li>Cotton blend machine weave fabric</li></ul></div><div class=\"col-12 col-md-3\"><h5><strong>Trousers design:</strong></h5><ul><li>Solid Trousers</li><li>Elasticated waistband</li><li>Slip-on closure</li></ul></div><div class=\"col-12 col-md-3\"><h5><strong>Size &amp; Fit</strong></h5><ul><li>The model (height 5\'8) is wearing a size S</li><li>DimensionDupatta: Length : 2.25 M, Width : 0.95 M</li></ul></div></div><div class=\"row\"><div class=\"col-12 col-md-3\"><h5><strong>Sleeve Length</strong></h5><ul><li style=\"list-style-type: circle;\">Three-Quarter Sleeves</li></ul></div><div class=\"col-12 col-md-3\"><h5><strong>Top Shape</strong></h5><ul><li style=\"list-style-type: circle;\">Straight</li></ul></div><div class=\"col-12 col-md-3\"><h5><strong>Neck</strong></h5><ul><li style=\"list-style-type: circle;\">Round Neck</li></ul></div><div class=\"col-12 col-md-3\"><h5><strong>Print or Pattern Type</strong></h5><ul><li style=\"list-style-type: circle;\">Floral</li></ul></div></div>', 20, 1, 80, 2, 25, '', '', '', 499, 559, 0, 0, 559, '', '12', 'exclusive', 59.88, '1.webp|2.jpg|3.webp|4.webp|5.webp|6.webp', 'cover_image.webp', 1, 0, 0, 0, '', '', '', '', '', 1, 1, '2022-11-29 13:00:00', '2023-01-16 18:19:55', 1),
(106, 'Women Yellow Embellished High-Low Longline Top', 'TOP', 'women-yellow-embellished-high-low-longline-top-xl-yellow-vnky8c75-106', 'yGzxBv', 19, 'Women Yellow Embellished High-Low Longline Top', '<div class=\"row\"><div class=\"col-12 col-md-3\"><h5><strong>Kurta design:</strong></h5><ul><li>Floral yoke design</li><li>Straight shapeRegular style</li><li>Round neck, three-quarter regular sleeves</li><li>Calf length with straight hem</li><li>Cotton blend machine weave fabric</li></ul></div><div class=\"col-12 col-md-3\"><h5><strong>Trousers design:</strong></h5><ul><li>Solid Trousers</li><li>Elasticated waistband</li><li>Slip-on closure</li></ul></div><div class=\"col-12 col-md-3\"><h5><strong>Size &amp; Fit</strong></h5><ul><li>The model (height 5\'8) is wearing a size S</li><li>DimensionDupatta: Length : 2.25 M, Width : 0.95 M</li></ul></div></div><div class=\"row\"><div class=\"col-12 col-md-3\"><h5><strong>Sleeve Length</strong></h5><ul><li style=\"list-style-type: circle;\">Three-Quarter Sleeves</li></ul></div><div class=\"col-12 col-md-3\"><h5><strong>Top Shape</strong></h5><ul><li style=\"list-style-type: circle;\">Straight</li></ul></div><div class=\"col-12 col-md-3\"><h5><strong>Neck</strong></h5><ul><li style=\"list-style-type: circle;\">Round Neck</li></ul></div><div class=\"col-12 col-md-3\"><h5><strong>Print or Pattern Type</strong></h5><ul><li style=\"list-style-type: circle;\">Floral</li></ul></div></div>', 20, 1, 80, 2, 25, '', '', '', 499, 559, 0, 0, 559, '', '12', 'exclusive', 59.88, '1.webp|2.jpg|3.webp|4.webp|5.webp|6.webp', 'cover_image.webp', 2, 0, 0, 0, '', '', '', '', '', 1, 1, '2022-11-29 13:00:00', '2023-01-16 18:19:55', 1),
(107, 'Women Rust Orange Embroidered A-Line Longline Top', 'TOP', 'women-rust-orange-embroidered-a-line-longline-top-s-orange-red-vnky8c75-107', 'JWBfqL', 20, 'Women Rust Orange Embroidered A-Line Longline Top', '<div class=\"row\"><div class=\"col-12 col-md-3\"><h5><strong>Kurta design:</strong></h5><ul><li>Floral yoke design</li><li>Straight shapeRegular style</li><li>Round neck, three-quarter regular sleeves</li><li>Calf length with straight hem</li><li>Cotton blend machine weave fabric</li></ul></div><div class=\"col-12 col-md-3\"><h5><strong>Trousers design:</strong></h5><ul><li>Solid Trousers</li><li>Elasticated waistband</li><li>Slip-on closure</li></ul></div><div class=\"col-12 col-md-3\"><h5><strong>Size &amp; Fit</strong></h5><ul><li>The model (height 5\'8) is wearing a size S</li><li>DimensionDupatta: Length : 2.25 M, Width : 0.95 M</li></ul></div></div><div class=\"row\"><div class=\"col-12 col-md-3\"><h5><strong>Sleeve Length</strong></h5><ul><li style=\"list-style-type: circle;\">Three-Quarter Sleeves</li></ul></div><div class=\"col-12 col-md-3\"><h5><strong>Top Shape</strong></h5><ul><li style=\"list-style-type: circle;\">Straight</li></ul></div><div class=\"col-12 col-md-3\"><h5><strong>Neck</strong></h5><ul><li style=\"list-style-type: circle;\">Round Neck</li></ul></div><div class=\"col-12 col-md-3\"><h5><strong>Print or Pattern Type</strong></h5><ul><li style=\"list-style-type: circle;\">Floral</li></ul></div></div>', 10, 1, 81, 2, 25, '', '', '', 450, 504, 0, 0, 504, 'Women ,Women  Top,A-Line Longline,Rust Orange', '12', 'exclusive', 54, '1.webp|2.jpg|3.webp|4.webp|5.webp', 'cover_image.webp', 36, 1, 0, 0, '', '', '', '', '', 1, 999, '2022-11-29 15:43:21', '2023-01-30 17:43:24', 1),
(108, 'Women Rust Orange Embroidered A-Line Longline Top', 'TOP', 'women-rust-orange-embroidered-a-line-longline-top-m-orange-red-vnky8c75-108', 'JWBfqL', 20, 'Women Rust Orange Embroidered A-Line Longline Top', '<div class=\"row\"><div class=\"col-12 col-md-3\"><h5><strong>Kurta design:</strong></h5><ul><li>Floral yoke design</li><li>Straight shapeRegular style</li><li>Round neck, three-quarter regular sleeves</li><li>Calf length with straight hem</li><li>Cotton blend machine weave fabric</li></ul></div><div class=\"col-12 col-md-3\"><h5><strong>Trousers design:</strong></h5><ul><li>Solid Trousers</li><li>Elasticated waistband</li><li>Slip-on closure</li></ul></div><div class=\"col-12 col-md-3\"><h5><strong>Size &amp; Fit</strong></h5><ul><li>The model (height 5\'8) is wearing a size S</li><li>DimensionDupatta: Length : 2.25 M, Width : 0.95 M</li></ul></div></div><div class=\"row\"><div class=\"col-12 col-md-3\"><h5><strong>Sleeve Length</strong></h5><ul><li style=\"list-style-type: circle;\">Three-Quarter Sleeves</li></ul></div><div class=\"col-12 col-md-3\"><h5><strong>Top Shape</strong></h5><ul><li style=\"list-style-type: circle;\">Straight</li></ul></div><div class=\"col-12 col-md-3\"><h5><strong>Neck</strong></h5><ul><li style=\"list-style-type: circle;\">Round Neck</li></ul></div><div class=\"col-12 col-md-3\"><h5><strong>Print or Pattern Type</strong></h5><ul><li style=\"list-style-type: circle;\">Floral</li></ul></div></div>', 10, 1, 81, 2, 25, '', '', '', 450, 504, 0, 0, 504, 'Women ,Women  Top,A-Line Longline,Rust Orange', '12', 'exclusive', 54, '1.webp|2.jpg|3.webp|4.webp|5.webp', 'cover_image.webp', 3, 1, 0, 0, '', '', '', '', '', 1, 999, '2022-11-29 13:00:00', '2023-01-16 18:19:55', 1),
(109, 'Women Rust Orange Embroidered A-Line Longline Top', 'TOP', 'women-rust-orange-embroidered-a-line-longline-top-l-orange-red-vnky8c75-109', 'JWBfqL', 20, 'Women Rust Orange Embroidered A-Line Longline Top', '<div class=\"row\"><div class=\"col-12 col-md-3\"><h5><strong>Kurta design:</strong></h5><ul><li>Floral yoke design</li><li>Straight shapeRegular style</li><li>Round neck, three-quarter regular sleeves</li><li>Calf length with straight hem</li><li>Cotton blend machine weave fabric</li></ul></div><div class=\"col-12 col-md-3\"><h5><strong>Trousers design:</strong></h5><ul><li>Solid Trousers</li><li>Elasticated waistband</li><li>Slip-on closure</li></ul></div><div class=\"col-12 col-md-3\"><h5><strong>Size &amp; Fit</strong></h5><ul><li>The model (height 5\'8) is wearing a size S</li><li>DimensionDupatta: Length : 2.25 M, Width : 0.95 M</li></ul></div></div><div class=\"row\"><div class=\"col-12 col-md-3\"><h5><strong>Sleeve Length</strong></h5><ul><li style=\"list-style-type: circle;\">Three-Quarter Sleeves</li></ul></div><div class=\"col-12 col-md-3\"><h5><strong>Top Shape</strong></h5><ul><li style=\"list-style-type: circle;\">Straight</li></ul></div><div class=\"col-12 col-md-3\"><h5><strong>Neck</strong></h5><ul><li style=\"list-style-type: circle;\">Round Neck</li></ul></div><div class=\"col-12 col-md-3\"><h5><strong>Print or Pattern Type</strong></h5><ul><li style=\"list-style-type: circle;\">Floral</li></ul></div></div>', 10, 1, 81, 2, 25, '', '', '', 450, 504, 0, 0, 504, 'Women ,Women  Top,A-Line Longline,Rust Orange', '12', 'exclusive', 54, '1.webp|2.jpg|3.webp|4.webp|5.webp', 'cover_image.webp', 1, 1, 0, 0, '', '', '', '', '', 1, 999, '2022-11-29 13:00:00', '2023-01-16 18:19:55', 1),
(110, 'Magenta Ruffled Ready to Wear Saree', 'SARREE', 'magenta-ruffled-ready-to-wear-saree-s-cherry-red-vnky8c75-110', 'ngRJZY', 21, 'Magenta Ruffled Ready to Wear Saree', '<div class=\"row\"><div class=\"col-12 col-md-3\"><h5><strong>Kurta design:</strong></h5><ul><li>Floral yoke design</li><li>Straight shapeRegular style</li><li>Round neck, three-quarter regular sleeves</li><li>Calf length with straight hem</li><li>Cotton blend machine weave fabric</li></ul></div><div class=\"col-12 col-md-3\"><h5><strong>Trousers design:</strong></h5><ul><li>Solid Trousers</li><li>Elasticated waistband</li><li>Slip-on closure</li></ul></div><div class=\"col-12 col-md-3\"><h5><strong>Size &amp; Fit</strong></h5><ul><li>The model (height 5\'8) is wearing a size S</li><li>DimensionDupatta: Length : 2.25 M, Width : 0.95 M</li></ul></div></div><div class=\"row\"><div class=\"col-12 col-md-3\"><h5><strong>Sleeve Length</strong></h5><ul><li style=\"list-style-type: circle;\">Three-Quarter Sleeves</li></ul></div><div class=\"col-12 col-md-3\"><h5><strong>Top Shape</strong></h5><ul><li style=\"list-style-type: circle;\">Straight</li></ul></div><div class=\"col-12 col-md-3\"><h5><strong>Neck</strong></h5><ul><li style=\"list-style-type: circle;\">Round Neck</li></ul></div><div class=\"col-12 col-md-3\"><h5><strong>Print or Pattern Type</strong></h5><ul><li style=\"list-style-type: circle;\">Floral</li></ul></div></div>', 5, 1, 83, 2, 26, '', '', '', 800, 896, 0, 0, 896, 'Magenta ,Ruffled ,Saree,Ready To Wear', '12', 'exclusive', 96, '1.webp|2.jpg|3.webp|4.webp|5.webp|6.webp', 'cover_image.webp', 10, 0, 0, 0, '', '', '', '', '', 1, 999, '2022-11-29 15:53:32', '2023-01-16 18:19:55', 1);
INSERT INTO `product_details` (`product_id`, `product_name`, `product_code`, `short_code`, `variant_code`, `parent_product_id`, `short_description`, `description`, `stock`, `vendor_id`, `brand_id`, `category_id`, `child_category`, `qty`, `element_id`, `attributes_id`, `unit_price`, `mrp_price`, `discount`, `discount_amt`, `net_price`, `tag`, `tax`, `gst_type`, `gst_amt`, `image`, `cover_img`, `view_count`, `is_new_product`, `is_popular_product`, `is_feature_product`, `warranty_title`, `warranty_detail`, `meta_title`, `meta_description`, `meta_keyword`, `created_by`, `modified_by`, `created`, `modified`, `is_active`) VALUES
(111, 'Magenta Ruffled Ready to Wear Saree', 'SARREE', 'magenta-ruffled-ready-to-wear-saree-m-cherry-red-vnky8c75-111', 'ngRJZY', 21, 'Magenta Ruffled Ready to Wear Saree', '<div class=\"row\"><div class=\"col-12 col-md-3\"><h5><strong>Kurta design:</strong></h5><ul><li>Floral yoke design</li><li>Straight shapeRegular style</li><li>Round neck, three-quarter regular sleeves</li><li>Calf length with straight hem</li><li>Cotton blend machine weave fabric</li></ul></div><div class=\"col-12 col-md-3\"><h5><strong>Trousers design:</strong></h5><ul><li>Solid Trousers</li><li>Elasticated waistband</li><li>Slip-on closure</li></ul></div><div class=\"col-12 col-md-3\"><h5><strong>Size &amp; Fit</strong></h5><ul><li>The model (height 5\'8) is wearing a size S</li><li>DimensionDupatta: Length : 2.25 M, Width : 0.95 M</li></ul></div></div><div class=\"row\"><div class=\"col-12 col-md-3\"><h5><strong>Sleeve Length</strong></h5><ul><li style=\"list-style-type: circle;\">Three-Quarter Sleeves</li></ul></div><div class=\"col-12 col-md-3\"><h5><strong>Top Shape</strong></h5><ul><li style=\"list-style-type: circle;\">Straight</li></ul></div><div class=\"col-12 col-md-3\"><h5><strong>Neck</strong></h5><ul><li style=\"list-style-type: circle;\">Round Neck</li></ul></div><div class=\"col-12 col-md-3\"><h5><strong>Print or Pattern Type</strong></h5><ul><li style=\"list-style-type: circle;\">Floral</li></ul></div></div>', 5, 1, 83, 2, 26, '', '', '', 800, 896, 0, 0, 896, 'Magenta ,Ruffled ,Saree,Ready To Wear', '12', 'exclusive', 96, '1.webp|2.jpg|3.webp|4.webp|5.webp|6.webp', 'cover_image.webp', 1, 0, 0, 0, '', '', '', '', '', 1, 999, '2022-11-29 13:00:00', '2023-01-16 18:19:55', 1),
(112, 'Magenta Ruffled Ready to Wear Saree', 'SARREE', 'magenta-ruffled-ready-to-wear-saree-l-cherry-red-vnky8c75-112', 'ngRJZY', 21, 'Magenta Ruffled Ready to Wear Saree', '<div class=\"row\"><div class=\"col-12 col-md-3\"><h5><strong>Kurta design:</strong></h5><ul><li>Floral yoke design</li><li>Straight shapeRegular style</li><li>Round neck, three-quarter regular sleeves</li><li>Calf length with straight hem</li><li>Cotton blend machine weave fabric</li></ul></div><div class=\"col-12 col-md-3\"><h5><strong>Trousers design:</strong></h5><ul><li>Solid Trousers</li><li>Elasticated waistband</li><li>Slip-on closure</li></ul></div><div class=\"col-12 col-md-3\"><h5><strong>Size &amp; Fit</strong></h5><ul><li>The model (height 5\'8) is wearing a size S</li><li>DimensionDupatta: Length : 2.25 M, Width : 0.95 M</li></ul></div></div><div class=\"row\"><div class=\"col-12 col-md-3\"><h5><strong>Sleeve Length</strong></h5><ul><li style=\"list-style-type: circle;\">Three-Quarter Sleeves</li></ul></div><div class=\"col-12 col-md-3\"><h5><strong>Top Shape</strong></h5><ul><li style=\"list-style-type: circle;\">Straight</li></ul></div><div class=\"col-12 col-md-3\"><h5><strong>Neck</strong></h5><ul><li style=\"list-style-type: circle;\">Round Neck</li></ul></div><div class=\"col-12 col-md-3\"><h5><strong>Print or Pattern Type</strong></h5><ul><li style=\"list-style-type: circle;\">Floral</li></ul></div></div>', 5, 1, 83, 2, 26, '', '', '', 800, 896, 0, 0, 896, 'Magenta ,Ruffled ,Saree,Ready To Wear', '12', 'exclusive', 96, '1.webp|2.jpg|3.webp|4.webp|5.webp|6.webp', 'cover_image.webp', 0, 0, 0, 0, '', '', '', '', '', 1, 999, '2022-11-29 13:00:00', '2023-01-16 18:19:55', 1),
(113, 'Magenta Ruffled Ready to Wear Saree', 'SARREE', 'magenta-ruffled-ready-to-wear-saree-xl-cherry-red-vnky8c75-113', 'ngRJZY', 21, 'Magenta Ruffled Ready to Wear Saree', '<div class=\"row\"><div class=\"col-12 col-md-3\"><h5><strong>Kurta design:</strong></h5><ul><li>Floral yoke design</li><li>Straight shapeRegular style</li><li>Round neck, three-quarter regular sleeves</li><li>Calf length with straight hem</li><li>Cotton blend machine weave fabric</li></ul></div><div class=\"col-12 col-md-3\"><h5><strong>Trousers design:</strong></h5><ul><li>Solid Trousers</li><li>Elasticated waistband</li><li>Slip-on closure</li></ul></div><div class=\"col-12 col-md-3\"><h5><strong>Size &amp; Fit</strong></h5><ul><li>The model (height 5\'8) is wearing a size S</li><li>DimensionDupatta: Length : 2.25 M, Width : 0.95 M</li></ul></div></div><div class=\"row\"><div class=\"col-12 col-md-3\"><h5><strong>Sleeve Length</strong></h5><ul><li style=\"list-style-type: circle;\">Three-Quarter Sleeves</li></ul></div><div class=\"col-12 col-md-3\"><h5><strong>Top Shape</strong></h5><ul><li style=\"list-style-type: circle;\">Straight</li></ul></div><div class=\"col-12 col-md-3\"><h5><strong>Neck</strong></h5><ul><li style=\"list-style-type: circle;\">Round Neck</li></ul></div><div class=\"col-12 col-md-3\"><h5><strong>Print or Pattern Type</strong></h5><ul><li style=\"list-style-type: circle;\">Floral</li></ul></div></div>', 5, 1, 83, 2, 26, '', '', '', 800, 896, 0, 0, 896, 'Magenta ,Ruffled ,Saree,Ready To Wear', '12', 'exclusive', 96, '1.webp|2.jpg|3.webp|4.webp|5.webp|6.webp', 'cover_image.webp', 0, 0, 0, 0, '', '', '', '', '', 1, 999, '2022-11-29 13:00:00', '2023-01-16 18:19:55', 1),
(114, 'Magenta Ruffled Ready to Wear Saree', 'SARREE', 'magenta-ruffled-ready-to-wear-saree-xxl-cherry-red-vnky8c75-114', 'ngRJZY', 21, 'Magenta Ruffled Ready to Wear Saree', '<div class=\"row\"><div class=\"col-12 col-md-3\"><h5><strong>Kurta design:</strong></h5><ul><li>Floral yoke design</li><li>Straight shapeRegular style</li><li>Round neck, three-quarter regular sleeves</li><li>Calf length with straight hem</li><li>Cotton blend machine weave fabric</li></ul></div><div class=\"col-12 col-md-3\"><h5><strong>Trousers design:</strong></h5><ul><li>Solid Trousers</li><li>Elasticated waistband</li><li>Slip-on closure</li></ul></div><div class=\"col-12 col-md-3\"><h5><strong>Size &amp; Fit</strong></h5><ul><li>The model (height 5\'8) is wearing a size S</li><li>DimensionDupatta: Length : 2.25 M, Width : 0.95 M</li></ul></div></div><div class=\"row\"><div class=\"col-12 col-md-3\"><h5><strong>Sleeve Length</strong></h5><ul><li style=\"list-style-type: circle;\">Three-Quarter Sleeves</li></ul></div><div class=\"col-12 col-md-3\"><h5><strong>Top Shape</strong></h5><ul><li style=\"list-style-type: circle;\">Straight</li></ul></div><div class=\"col-12 col-md-3\"><h5><strong>Neck</strong></h5><ul><li style=\"list-style-type: circle;\">Round Neck</li></ul></div><div class=\"col-12 col-md-3\"><h5><strong>Print or Pattern Type</strong></h5><ul><li style=\"list-style-type: circle;\">Floral</li></ul></div></div>', 5, 1, 83, 2, 26, '', '', '', 800, 896, 0, 0, 896, 'Magenta ,Ruffled ,Saree,Ready To Wear', '12', 'exclusive', 96, '1.webp|2.jpg|3.webp|4.webp|5.webp|6.webp', 'cover_image.webp', 0, 0, 0, 0, '', '', '', '', '', 1, 999, '2022-11-29 13:00:00', '2023-01-16 18:19:55', 1),
(115, 'Womens Casual Digital Printed Shirt Ruffle Sleeve Tops', 'Tops', 'womens-casual-digital-printed-shirt-ruffle-sleeve-tops-s-black-vnky8c75-115', '6geJim', 22, 'Womens Casual Digital Printed Shirt Ruffle Sleeve Tops', '<div class=\"row\"><div class=\"col-12 col-md-3\"><h5><strong>Kurta design:</strong></h5><ul><li>Floral yoke design</li><li>Straight shapeRegular style</li><li>Round neck, three-quarter regular sleeves</li><li>Calf length with straight hem</li><li>Cotton blend machine weave fabric</li></ul></div><div class=\"col-12 col-md-3\"><h5><strong>Trousers design:</strong></h5><ul><li>Solid Trousers</li><li>Elasticated waistband</li><li>Slip-on closure</li></ul></div><div class=\"col-12 col-md-3\"><h5><strong>Size &amp; Fit</strong></h5><ul><li>The model (height 5\'8) is wearing a size S</li><li>DimensionDupatta: Length : 2.25 M, Width : 0.95 M</li></ul></div></div><div class=\"row\"><div class=\"col-12 col-md-3\"><h5><strong>Sleeve Length</strong></h5><ul><li style=\"list-style-type: circle;\">Three-Quarter Sleeves</li></ul></div><div class=\"col-12 col-md-3\"><h5><strong>Top Shape</strong></h5><ul><li style=\"list-style-type: circle;\">Straight</li></ul></div><div class=\"col-12 col-md-3\"><h5><strong>Neck</strong></h5><ul><li style=\"list-style-type: circle;\">Round Neck</li></ul></div><div class=\"col-12 col-md-3\"><h5><strong>Print or Pattern Type</strong></h5><ul><li style=\"list-style-type: circle;\">Floral</li></ul></div></div>', 10, 1, 16, 2, 29, '', '', '', 350, 392, 0, 0, 392, 'Women ,Women  Top,Casual  Top,Digital Printed,Printed Shirt,Casual Shirt,Ruffle Sleeve,Tops', '12', 'exclusive', 42, '71LMGs6dccL._UY679_.jpg|71xr4Euv9iL._UY679_.jpg|81NNTyDbdAL._UY679_.jpg|81tYm5LvsYL._UY679_.jpg|81-Wa745J0L._UY679_.jpg|81xtjx-EYfL._UY679_.jpg', 'cover_image.jpg', 43, 0, 0, 0, '', '', '', '', '', 1, 999, '2022-11-29 16:02:11', '2023-01-23 18:09:19', 1),
(116, 'Womens Casual Digital Printed Shirt Ruffle Sleeve Tops', 'Tops', 'womens-casual-digital-printed-shirt-ruffle-sleeve-tops-m-black-vnky8c75-116', '6geJim', 22, 'Womens Casual Digital Printed Shirt Ruffle Sleeve Tops', '<div class=\"row\"><div class=\"col-12 col-md-3\"><h5><strong>Kurta design:</strong></h5><ul><li>Floral yoke design</li><li>Straight shapeRegular style</li><li>Round neck, three-quarter regular sleeves</li><li>Calf length with straight hem</li><li>Cotton blend machine weave fabric</li></ul></div><div class=\"col-12 col-md-3\"><h5><strong>Trousers design:</strong></h5><ul><li>Solid Trousers</li><li>Elasticated waistband</li><li>Slip-on closure</li></ul></div><div class=\"col-12 col-md-3\"><h5><strong>Size &amp; Fit</strong></h5><ul><li>The model (height 5\'8) is wearing a size S</li><li>DimensionDupatta: Length : 2.25 M, Width : 0.95 M</li></ul></div></div><div class=\"row\"><div class=\"col-12 col-md-3\"><h5><strong>Sleeve Length</strong></h5><ul><li style=\"list-style-type: circle;\">Three-Quarter Sleeves</li></ul></div><div class=\"col-12 col-md-3\"><h5><strong>Top Shape</strong></h5><ul><li style=\"list-style-type: circle;\">Straight</li></ul></div><div class=\"col-12 col-md-3\"><h5><strong>Neck</strong></h5><ul><li style=\"list-style-type: circle;\">Round Neck</li></ul></div><div class=\"col-12 col-md-3\"><h5><strong>Print or Pattern Type</strong></h5><ul><li style=\"list-style-type: circle;\">Floral</li></ul></div></div>', 10, 1, 16, 2, 29, '', '', '', 350, 392, 0, 0, 392, 'Women ,Women  Top,Casual  Top,Digital Printed,Printed Shirt,Casual Shirt,Ruffle Sleeve,Tops', '12', 'exclusive', 42, '71LMGs6dccL._UY679_.jpg|71xr4Euv9iL._UY679_.jpg|81NNTyDbdAL._UY679_.jpg|81tYm5LvsYL._UY679_.jpg|81-Wa745J0L._UY679_.jpg|81xtjx-EYfL._UY679_.jpg', 'cover_image.jpg', 4, 0, 0, 0, '', '', '', '', '', 1, 999, '2022-11-29 13:00:00', '2023-01-18 17:39:47', 1),
(117, 'Womens Casual Digital Printed Shirt Ruffle Sleeve Tops', 'Tops', 'womens-casual-digital-printed-shirt-ruffle-sleeve-tops-l-black-vnky8c75-117', '6geJim', 22, 'Womens Casual Digital Printed Shirt Ruffle Sleeve Tops', '<div class=\"row\"><div class=\"col-12 col-md-3\"><h5><strong>Kurta design:</strong></h5><ul><li>Floral yoke design</li><li>Straight shapeRegular style</li><li>Round neck, three-quarter regular sleeves</li><li>Calf length with straight hem</li><li>Cotton blend machine weave fabric</li></ul></div><div class=\"col-12 col-md-3\"><h5><strong>Trousers design:</strong></h5><ul><li>Solid Trousers</li><li>Elasticated waistband</li><li>Slip-on closure</li></ul></div><div class=\"col-12 col-md-3\"><h5><strong>Size &amp; Fit</strong></h5><ul><li>The model (height 5\'8) is wearing a size S</li><li>DimensionDupatta: Length : 2.25 M, Width : 0.95 M</li></ul></div></div><div class=\"row\"><div class=\"col-12 col-md-3\"><h5><strong>Sleeve Length</strong></h5><ul><li style=\"list-style-type: circle;\">Three-Quarter Sleeves</li></ul></div><div class=\"col-12 col-md-3\"><h5><strong>Top Shape</strong></h5><ul><li style=\"list-style-type: circle;\">Straight</li></ul></div><div class=\"col-12 col-md-3\"><h5><strong>Neck</strong></h5><ul><li style=\"list-style-type: circle;\">Round Neck</li></ul></div><div class=\"col-12 col-md-3\"><h5><strong>Print or Pattern Type</strong></h5><ul><li style=\"list-style-type: circle;\">Floral</li></ul></div></div>', 10, 1, 16, 2, 29, '', '', '', 350, 392, 0, 0, 392, 'Women ,Women  Top,Casual  Top,Digital Printed,Printed Shirt,Casual Shirt,Ruffle Sleeve,Tops', '12', 'exclusive', 42, '71LMGs6dccL._UY679_.jpg|71xr4Euv9iL._UY679_.jpg|81NNTyDbdAL._UY679_.jpg|81tYm5LvsYL._UY679_.jpg|81-Wa745J0L._UY679_.jpg|81xtjx-EYfL._UY679_.jpg', 'cover_image.jpg', 1, 0, 0, 0, '', '', '', '', '', 1, 999, '2022-11-29 13:00:00', '2023-01-18 17:39:52', 1),
(118, 'Allen Solly Womens Regular Fit T-Shirt', 'T-SHIRT', 'allen-solly-womens-regular-fit-t-shirt-m-red-vnky8c75-118', 'w8J7XE', 23, 'Allen Solly Womens Regular Fit T-Shirt', '<div class=\"row\"><div class=\"col-12 col-md-3\"><h5><strong>Kurta design:</strong></h5><ul><li>Floral yoke design</li><li>Straight shapeRegular style</li><li>Round neck, three-quarter regular sleeves</li><li>Calf length with straight hem</li><li>Cotton blend machine weave fabric</li></ul></div><div class=\"col-12 col-md-3\"><h5><strong>Trousers design:</strong></h5><ul><li>Solid Trousers</li><li>Elasticated waistband</li><li>Slip-on closure</li></ul></div><div class=\"col-12 col-md-3\"><h5><strong>Size &amp; Fit</strong></h5><ul><li>The model (height 5\'8) is wearing a size S</li><li>DimensionDupatta: Length : 2.25 M, Width : 0.95 M</li></ul></div></div><div class=\"row\"><div class=\"col-12 col-md-3\"><h5><strong>Sleeve Length</strong></h5><ul><li style=\"list-style-type: circle;\">Three-Quarter Sleeves</li></ul></div><div class=\"col-12 col-md-3\"><h5><strong>Top Shape</strong></h5><ul><li style=\"list-style-type: circle;\">Straight</li></ul></div><div class=\"col-12 col-md-3\"><h5><strong>Neck</strong></h5><ul><li style=\"list-style-type: circle;\">Round Neck</li></ul></div><div class=\"col-12 col-md-3\"><h5><strong>Print or Pattern Type</strong></h5><ul><li style=\"list-style-type: circle;\">Floral</li></ul></div></div>', 10, 1, 12, 2, 29, '', '', '', 250, 250, 0, 0, 250, 'Allen Solly,Regular,Regular Tshirt, Fit T-Shirt,T-Shirt', '0', 'exclusive', 0, '61F8p7Rlr1L._SX522._SX._UX._SY._UY_.jpg|71b1A0c+CaL._SX522._SX._UX._SY._UY_.jpg|81u-NiuowzL._SX522._SX._UX._SY._UY_.jpg|81x8iYmiFsL._SX522._SX._UX._SY._UY_.jpg|81xMej+Yg1L._SX522._SX._UX._SY._UY_.jpg|819fwBHyTDL._SX522._SX._UX._SY._UY_.jpg', 'cover_image.jpg', 148, 0, 0, 0, '', '', '', '', '', 1, 999, '2022-11-29 16:06:17', '2023-01-31 20:28:47', 1),
(119, 'Allen Solly Womens Regular Fit T-Shirt', 'T-SHIRT', 'allen-solly-womens-regular-fit-t-shirt-l-red-vnky8c75-119', 'w8J7XE', 23, 'Allen Solly Womens Regular Fit T-Shirt', '<div class=\"row\"><div class=\"col-12 col-md-3\"><h5><strong>Kurta design:</strong></h5><ul><li>Floral yoke design</li><li>Straight shapeRegular style</li><li>Round neck, three-quarter regular sleeves</li><li>Calf length with straight hem</li><li>Cotton blend machine weave fabric</li></ul></div><div class=\"col-12 col-md-3\"><h5><strong>Trousers design:</strong></h5><ul><li>Solid Trousers</li><li>Elasticated waistband</li><li>Slip-on closure</li></ul></div><div class=\"col-12 col-md-3\"><h5><strong>Size &amp; Fit</strong></h5><ul><li>The model (height 5\'8) is wearing a size S</li><li>DimensionDupatta: Length : 2.25 M, Width : 0.95 M</li></ul></div></div><div class=\"row\"><div class=\"col-12 col-md-3\"><h5><strong>Sleeve Length</strong></h5><ul><li style=\"list-style-type: circle;\">Three-Quarter Sleeves</li></ul></div><div class=\"col-12 col-md-3\"><h5><strong>Top Shape</strong></h5><ul><li style=\"list-style-type: circle;\">Straight</li></ul></div><div class=\"col-12 col-md-3\"><h5><strong>Neck</strong></h5><ul><li style=\"list-style-type: circle;\">Round Neck</li></ul></div><div class=\"col-12 col-md-3\"><h5><strong>Print or Pattern Type</strong></h5><ul><li style=\"list-style-type: circle;\">Floral</li></ul></div></div>', 10, 1, 12, 2, 29, '', '', '', 250, 250, 0, 0, 250, 'Allen Solly,Regular,Regular Tshirt, Fit T-Shirt,T-Shirt,Red', '0', 'exclusive', 0, '61F8p7Rlr1L._SX522._SX._UX._SY._UY_.jpg|71b1A0c+CaL._SX522._SX._UX._SY._UY_.jpg|81u-NiuowzL._SX522._SX._UX._SY._UY_.jpg|81x8iYmiFsL._SX522._SX._UX._SY._UY_.jpg|81xMej+Yg1L._SX522._SX._UX._SY._UY_.jpg|819fwBHyTDL._SX522._SX._UX._SY._UY_.jpg', 'cover_image.jpg', 12, 0, 0, 0, '', '', '', '', '', 1, 999, '2022-11-29 13:00:00', '2023-01-31 17:20:21', 1),
(120, 'Allen Solly Womens Regular Fit T-Shirt', 'T-SHIRT', 'allen-solly-womens-regular-fit-t-shirt-xxl-red-vnky8c75-120', 'w8J7XE', 23, 'Allen Solly Womens Regular Fit T-Shirt', '<div class=\"row\"><div class=\"col-12 col-md-3\"><h5><strong>Kurta design:</strong></h5><ul><li>Floral yoke design</li><li>Straight shapeRegular style</li><li>Round neck, three-quarter regular sleeves</li><li>Calf length with straight hem</li><li>Cotton blend machine weave fabric</li></ul></div><div class=\"col-12 col-md-3\"><h5><strong>Trousers design:</strong></h5><ul><li>Solid Trousers</li><li>Elasticated waistband</li><li>Slip-on closure</li></ul></div><div class=\"col-12 col-md-3\"><h5><strong>Size &amp; Fit</strong></h5><ul><li>The model (height 5\'8) is wearing a size S</li><li>DimensionDupatta: Length : 2.25 M, Width : 0.95 M</li></ul></div></div><div class=\"row\"><div class=\"col-12 col-md-3\"><h5><strong>Sleeve Length</strong></h5><ul><li style=\"list-style-type: circle;\">Three-Quarter Sleeves</li></ul></div><div class=\"col-12 col-md-3\"><h5><strong>Top Shape</strong></h5><ul><li style=\"list-style-type: circle;\">Straight</li></ul></div><div class=\"col-12 col-md-3\"><h5><strong>Neck</strong></h5><ul><li style=\"list-style-type: circle;\">Round Neck</li></ul></div><div class=\"col-12 col-md-3\"><h5><strong>Print or Pattern Type</strong></h5><ul><li style=\"list-style-type: circle;\">Floral</li></ul></div></div>', 10, 1, 12, 2, 29, '', '', '', 250, 250, 0, 0, 250, 'Allen Solly,Regular,Regular Tshirt, Fit T-Shirt,T-Shirt', '0', 'exclusive', 0, '61F8p7Rlr1L._SX522._SX._UX._SY._UY_.jpg|71b1A0c+CaL._SX522._SX._UX._SY._UY_.jpg|81u-NiuowzL._SX522._SX._UX._SY._UY_.jpg|81x8iYmiFsL._SX522._SX._UX._SY._UY_.jpg|81xMej+Yg1L._SX522._SX._UX._SY._UY_.jpg|819fwBHyTDL._SX522._SX._UX._SY._UY_.jpg', 'cover_image.jpg', 6, 0, 0, 0, '', '', '', '', '', 1, 999, '2022-11-29 13:00:00', '2023-01-31 17:20:24', 1),
(121, 'Allen Solly Womens Regular Fit T-Shirt', 'T-SHIRT', 'allen-solly-womens-regular-fit-t-shirt-xl-red-vnky8c75-121', 'w8J7XE', 23, 'Allen Solly Womens Regular Fit T-Shirt', '<div class=\"row\"><div class=\"col-12 col-md-3\"><h5><strong>Kurta design:</strong></h5><ul><li>Floral yoke design</li><li>Straight shapeRegular style</li><li>Round neck, three-quarter regular sleeves</li><li>Calf length with straight hem</li><li>Cotton blend machine weave fabric</li></ul></div><div class=\"col-12 col-md-3\"><h5><strong>Trousers design:</strong></h5><ul><li>Solid Trousers</li><li>Elasticated waistband</li><li>Slip-on closure</li></ul></div><div class=\"col-12 col-md-3\"><h5><strong>Size &amp; Fit</strong></h5><ul><li>The model (height 5\'8) is wearing a size S</li><li>DimensionDupatta: Length : 2.25 M, Width : 0.95 M</li></ul></div></div><div class=\"row\"><div class=\"col-12 col-md-3\"><h5><strong>Sleeve Length</strong></h5><ul><li style=\"list-style-type: circle;\">Three-Quarter Sleeves</li></ul></div><div class=\"col-12 col-md-3\"><h5><strong>Top Shape</strong></h5><ul><li style=\"list-style-type: circle;\">Straight</li></ul></div><div class=\"col-12 col-md-3\"><h5><strong>Neck</strong></h5><ul><li style=\"list-style-type: circle;\">Round Neck</li></ul></div><div class=\"col-12 col-md-3\"><h5><strong>Print or Pattern Type</strong></h5><ul><li style=\"list-style-type: circle;\">Floral</li></ul></div></div>', 10, 1, 12, 2, 29, '', '', '', 250, 250, 0, 0, 250, 'Allen Solly,Regular,Regular Tshirt, Fit T-Shirt,T-Shirt', '0', 'exclusive', 0, '61F8p7Rlr1L._SX522._SX._UX._SY._UY_.jpg|71b1A0c+CaL._SX522._SX._UX._SY._UY_.jpg|81u-NiuowzL._SX522._SX._UX._SY._UY_.jpg|81x8iYmiFsL._SX522._SX._UX._SY._UY_.jpg|81xMej+Yg1L._SX522._SX._UX._SY._UY_.jpg|819fwBHyTDL._SX522._SX._UX._SY._UY_.jpg', 'cover_image.jpg', 16, 0, 0, 0, '', '', '', '', '', 1, 999, '2022-11-29 13:00:00', '2023-01-31 17:20:23', 1),
(122, 'Allen Solly Womens Regular Fit T-Shirt', 'T-SHIRT', 'allen-solly-womens-regular-fit-t-shirt-m-yellow-vnky8c75-122', 'w8J7XE', 23, 'Allen Solly Womens Regular Fit T-Shirt', '<div class=\"row\"><div class=\"col-12 col-md-3\"><h5><strong>Kurta design:</strong></h5><ul><li>Floral yoke design</li><li>Straight shapeRegular style</li><li>Round neck, three-quarter regular sleeves</li><li>Calf length with straight hem</li><li>Cotton blend machine weave fabric</li></ul></div><div class=\"col-12 col-md-3\"><h5><strong>Trousers design:</strong></h5><ul><li>Solid Trousers</li><li>Elasticated waistband</li><li>Slip-on closure</li></ul></div><div class=\"col-12 col-md-3\"><h5><strong>Size &amp; Fit</strong></h5><ul><li>The model (height 5\'8) is wearing a size S</li><li>DimensionDupatta: Length : 2.25 M, Width : 0.95 M</li></ul></div></div><div class=\"row\"><div class=\"col-12 col-md-3\"><h5><strong>Sleeve Length</strong></h5><ul><li style=\"list-style-type: circle;\">Three-Quarter Sleeves</li></ul></div><div class=\"col-12 col-md-3\"><h5><strong>Top Shape</strong></h5><ul><li style=\"list-style-type: circle;\">Straight</li></ul></div><div class=\"col-12 col-md-3\"><h5><strong>Neck</strong></h5><ul><li style=\"list-style-type: circle;\">Round Neck</li></ul></div><div class=\"col-12 col-md-3\"><h5><strong>Print or Pattern Type</strong></h5><ul><li style=\"list-style-type: circle;\">Floral</li></ul></div></div>', 10, 1, 12, 2, 29, '', '', '', 250, 250, 0, 0, 250, 'Allen Solly,Regular,Regular Tshirt, Fit T-Shirt,T-Shirt,Allen Solly Womens Tshirt', '0', 'exclusive', 0, '81ba9TOk4mL._SX522._SX._UX._SY._UY_.jpg|81duyv-ifNL._SX522._SX._UX._SY._UY_.jpg|81pl8fnsE5L._SX522._SX._UX._SY._UY_.jpg|91EiZlO4hCL._SX522._SX._UX._SY._UY_.jpg|91MfCWLBI8L._SX522._SX._UX._SY._UY_.jpg', 'cover_image.jpg', 36, 0, 0, 0, '', '', '', '', '', 1, 999, '2022-11-29 13:00:00', '2023-01-31 17:20:28', 1),
(123, 'Allen Solly Womens Regular Fit T-Shirt', 'T-SHIRT', 'allen-solly-womens-regular-fit-t-shirt-l-yellow-vnky8c75-123', 'w8J7XE', 23, 'Allen Solly Womens Regular Fit T-Shirt', '<div class=\"row\"><div class=\"col-12 col-md-3\"><h5><strong>Kurta design:</strong></h5><ul><li>Floral yoke design</li><li>Straight shapeRegular style</li><li>Round neck, three-quarter regular sleeves</li><li>Calf length with straight hem</li><li>Cotton blend machine weave fabric</li></ul></div><div class=\"col-12 col-md-3\"><h5><strong>Trousers design:</strong></h5><ul><li>Solid Trousers</li><li>Elasticated waistband</li><li>Slip-on closure</li></ul></div><div class=\"col-12 col-md-3\"><h5><strong>Size &amp; Fit</strong></h5><ul><li>The model (height 5\'8) is wearing a size S</li><li>DimensionDupatta: Length : 2.25 M, Width : 0.95 M</li></ul></div></div><div class=\"row\"><div class=\"col-12 col-md-3\"><h5><strong>Sleeve Length</strong></h5><ul><li style=\"list-style-type: circle;\">Three-Quarter Sleeves</li></ul></div><div class=\"col-12 col-md-3\"><h5><strong>Top Shape</strong></h5><ul><li style=\"list-style-type: circle;\">Straight</li></ul></div><div class=\"col-12 col-md-3\"><h5><strong>Neck</strong></h5><ul><li style=\"list-style-type: circle;\">Round Neck</li></ul></div><div class=\"col-12 col-md-3\"><h5><strong>Print or Pattern Type</strong></h5><ul><li style=\"list-style-type: circle;\">Floral</li></ul></div></div>', 10, 1, 12, 2, 29, '', '', '', 250, 250, 0, 0, 250, 'Allen Solly Womens,Allen Solly,Regular,Regular Tshirt, Fit T-Shirt,T-Shirt,Yellow', '0', 'exclusive', 0, '81ba9TOk4mL._SX522._SX._UX._SY._UY_.jpg|81duyv-ifNL._SX522._SX._UX._SY._UY_.jpg|81pl8fnsE5L._SX522._SX._UX._SY._UY_.jpg|91EiZlO4hCL._SX522._SX._UX._SY._UY_.jpg|91MfCWLBI8L._SX522._SX._UX._SY._UY_.jpg', 'cover_image.jpg', 2, 0, 0, 0, '', '', '', '', '', 1, 999, '2022-11-29 13:00:00', '2023-01-16 18:19:55', 1),
(124, 'Allen Solly Womens Regular Fit T-Shirt', 'T-SHIRT', 'allen-solly-womens-regular-fit-t-shirt-xl-yellow-vnky8c75-124', 'w8J7XE', 23, 'Allen Solly Womens Regular Fit T-Shirt', '<div class=\"row\"><div class=\"col-12 col-md-3\"><h5><strong>Kurta design:</strong></h5><ul><li>Floral yoke design</li><li>Straight shapeRegular style</li><li>Round neck, three-quarter regular sleeves</li><li>Calf length with straight hem</li><li>Cotton blend machine weave fabric</li></ul></div><div class=\"col-12 col-md-3\"><h5><strong>Trousers design:</strong></h5><ul><li>Solid Trousers</li><li>Elasticated waistband</li><li>Slip-on closure</li></ul></div><div class=\"col-12 col-md-3\"><h5><strong>Size &amp; Fit</strong></h5><ul><li>The model (height 5\'8) is wearing a size S</li><li>DimensionDupatta: Length : 2.25 M, Width : 0.95 M</li></ul></div></div><div class=\"row\"><div class=\"col-12 col-md-3\"><h5><strong>Sleeve Length</strong></h5><ul><li style=\"list-style-type: circle;\">Three-Quarter Sleeves</li></ul></div><div class=\"col-12 col-md-3\"><h5><strong>Top Shape</strong></h5><ul><li style=\"list-style-type: circle;\">Straight</li></ul></div><div class=\"col-12 col-md-3\"><h5><strong>Neck</strong></h5><ul><li style=\"list-style-type: circle;\">Round Neck</li></ul></div><div class=\"col-12 col-md-3\"><h5><strong>Print or Pattern Type</strong></h5><ul><li style=\"list-style-type: circle;\">Floral</li></ul></div></div>', 10, 1, 12, 2, 29, '', '', '', 250, 250, 0, 0, 250, 'Allen Solly,Regular,Regular Tshirt, Fit T-Shirt,T-Shirt,Allen Solly Womens Tshirt', '0', 'exclusive', 0, '81ba9TOk4mL._SX522._SX._UX._SY._UY_.jpg|81duyv-ifNL._SX522._SX._UX._SY._UY_.jpg|81pl8fnsE5L._SX522._SX._UX._SY._UY_.jpg|91EiZlO4hCL._SX522._SX._UX._SY._UY_.jpg|91MfCWLBI8L._SX522._SX._UX._SY._UY_.jpg', 'cover_image.jpg', 10, 0, 0, 0, '', '', '', '', '', 1, 999, '2022-11-29 13:00:00', '2023-01-17 18:59:10', 1),
(125, 'Allen Solly Womens Regular Fit T-Shirt', 'T-SHIRT', 'allen-solly-womens-regular-fit-t-shirt-m-pink-vnky8c75-125', 'w8J7XE', 23, 'Allen Solly Womens Regular Fit T-Shirt', '<div class=\"row\"><div class=\"col-12 col-md-3\"><h5><strong>Kurta design:</strong></h5><ul><li>Floral yoke design</li><li>Straight shapeRegular style</li><li>Round neck, three-quarter regular sleeves</li><li>Calf length with straight hem</li><li>Cotton blend machine weave fabric</li></ul></div><div class=\"col-12 col-md-3\"><h5><strong>Trousers design:</strong></h5><ul><li>Solid Trousers</li><li>Elasticated waistband</li><li>Slip-on closure</li></ul></div><div class=\"col-12 col-md-3\"><h5><strong>Size &amp; Fit</strong></h5><ul><li>The model (height 5\'8) is wearing a size S</li><li>DimensionDupatta: Length : 2.25 M, Width : 0.95 M</li></ul></div></div><div class=\"row\"><div class=\"col-12 col-md-3\"><h5><strong>Sleeve Length</strong></h5><ul><li style=\"list-style-type: circle;\">Three-Quarter Sleeves</li></ul></div><div class=\"col-12 col-md-3\"><h5><strong>Top Shape</strong></h5><ul><li style=\"list-style-type: circle;\">Straight</li></ul></div><div class=\"col-12 col-md-3\"><h5><strong>Neck</strong></h5><ul><li style=\"list-style-type: circle;\">Round Neck</li></ul></div><div class=\"col-12 col-md-3\"><h5><strong>Print or Pattern Type</strong></h5><ul><li style=\"list-style-type: circle;\">Floral</li></ul></div></div>', 10, 1, 12, 2, 29, '', '', '', 250, 250, 0, 0, 250, 'Allen Solly,Regular,Regular Tshirt, Fit T-Shirt,T-Shirt,Allen Solly Womens Tshirt', '0', 'exclusive', 0, '71ZNyHI8DGL._SX522._SX._UX._SY._UY_.jpg|81lMlzL6oaL._SX522._SX._UX._SY._UY_.jpg|81U7oUSUhJL._SX522._SX._UX._SY._UY_.jpg|91ePds0EXrL._SX522._SX._UX._SY._UY_.jpg|91IME0Jo+jL._SX522._SX._UX._SY._UY_.jpg', 'cover_image.jpg', 20, 0, 0, 0, '', '', '', '', '', 1, 999, '2022-11-29 13:00:00', '2023-01-31 17:20:27', 1),
(126, 'Allen Solly Womens Regular Fit T-Shirt', 'T-SHIRT', 'allen-solly-womens-regular-fit-t-shirt-l-pink-vnky8c75-126', 'w8J7XE', 23, 'Allen Solly Womens Regular Fit T-Shirt', '<div class=\"row\"><div class=\"col-12 col-md-3\"><h5><strong>Kurta design:</strong></h5><ul><li>Floral yoke design</li><li>Straight shapeRegular style</li><li>Round neck, three-quarter regular sleeves</li><li>Calf length with straight hem</li><li>Cotton blend machine weave fabric</li></ul></div><div class=\"col-12 col-md-3\"><h5><strong>Trousers design:</strong></h5><ul><li>Solid Trousers</li><li>Elasticated waistband</li><li>Slip-on closure</li></ul></div><div class=\"col-12 col-md-3\"><h5><strong>Size &amp; Fit</strong></h5><ul><li>The model (height 5\'8) is wearing a size S</li><li>DimensionDupatta: Length : 2.25 M, Width : 0.95 M</li></ul></div></div><div class=\"row\"><div class=\"col-12 col-md-3\"><h5><strong>Sleeve Length</strong></h5><ul><li style=\"list-style-type: circle;\">Three-Quarter Sleeves</li></ul></div><div class=\"col-12 col-md-3\"><h5><strong>Top Shape</strong></h5><ul><li style=\"list-style-type: circle;\">Straight</li></ul></div><div class=\"col-12 col-md-3\"><h5><strong>Neck</strong></h5><ul><li style=\"list-style-type: circle;\">Round Neck</li></ul></div><div class=\"col-12 col-md-3\"><h5><strong>Print or Pattern Type</strong></h5><ul><li style=\"list-style-type: circle;\">Floral</li></ul></div></div>', 10, 1, 12, 2, 29, '', '', '', 250, 250, 0, 0, 250, 'Allen Solly,Regular,Regular Tshirt, Fit T-Shirt,T-Shirt,Allen Solly Womens Tshirt,Pink Tshirt', '0', 'exclusive', 0, '71ZNyHI8DGL._SX522._SX._UX._SY._UY_.jpg|81lMlzL6oaL._SX522._SX._UX._SY._UY_.jpg|81U7oUSUhJL._SX522._SX._UX._SY._UY_.jpg|91ePds0EXrL._SX522._SX._UX._SY._UY_.jpg|91IME0Jo+jL._SX522._SX._UX._SY._UY_.jpg', 'cover_image.jpg', 10, 0, 0, 0, '', '', '', '', '', 1, 999, '2022-11-29 13:00:00', '2023-01-20 16:32:36', 1),
(127, 'Allen Solly Womens Regular Fit T-Shirt', 'T-SHIRT', 'allen-solly-womens-regular-fit-t-shirt-xl-pink-vnky8c75-127', 'w8J7XE', 23, 'Allen Solly Womens Regular Fit T-Shirt', '<div class=\"row\"><div class=\"col-12 col-md-3\"><h5><strong>Kurta design:</strong></h5><ul><li>Floral yoke design</li><li>Straight shapeRegular style</li><li>Round neck, three-quarter regular sleeves</li><li>Calf length with straight hem</li><li>Cotton blend machine weave fabric</li></ul></div><div class=\"col-12 col-md-3\"><h5><strong>Trousers design:</strong></h5><ul><li>Solid Trousers</li><li>Elasticated waistband</li><li>Slip-on closure</li></ul></div><div class=\"col-12 col-md-3\"><h5><strong>Size &amp; Fit</strong></h5><ul><li>The model (height 5\'8) is wearing a size S</li><li>DimensionDupatta: Length : 2.25 M, Width : 0.95 M</li></ul></div></div><div class=\"row\"><div class=\"col-12 col-md-3\"><h5><strong>Sleeve Length</strong></h5><ul><li style=\"list-style-type: circle;\">Three-Quarter Sleeves</li></ul></div><div class=\"col-12 col-md-3\"><h5><strong>Top Shape</strong></h5><ul><li style=\"list-style-type: circle;\">Straight</li></ul></div><div class=\"col-12 col-md-3\"><h5><strong>Neck</strong></h5><ul><li style=\"list-style-type: circle;\">Round Neck</li></ul></div><div class=\"col-12 col-md-3\"><h5><strong>Print or Pattern Type</strong></h5><ul><li style=\"list-style-type: circle;\">Floral</li></ul></div></div>', 10, 1, 12, 2, 29, '', '', '', 250, 250, 0, 0, 250, 'Allen Solly,Regular,Regular Tshirt, Fit T-Shirt,T-Shirt,Allen Solly Womens Tshirt', '0', 'exclusive', 0, '71ZNyHI8DGL._SX522._SX._UX._SY._UY_.jpg|81lMlzL6oaL._SX522._SX._UX._SY._UY_.jpg|81U7oUSUhJL._SX522._SX._UX._SY._UY_.jpg|91ePds0EXrL._SX522._SX._UX._SY._UY_.jpg|91IME0Jo+jL._SX522._SX._UX._SY._UY_.jpg', 'cover_image.jpg', 10, 0, 0, 0, '', '', '', '', '', 1, 999, '2022-11-29 13:00:00', '2023-01-20 16:13:32', 1),
(128, 'Allen Solly Womens Regular Fit T-Shirt', 'T-SHIRT', 'allen-solly-womens-regular-fit-t-shirt-xxl-pink-vnky8c75-128', 'w8J7XE', 23, 'Allen Solly Womens Regular Fit T-Shirt', '<div class=\"row\"><div class=\"col-12 col-md-3\"><h5><strong>Kurta design:</strong></h5><ul><li>Floral yoke design</li><li>Straight shapeRegular style</li><li>Round neck, three-quarter regular sleeves</li><li>Calf length with straight hem</li><li>Cotton blend machine weave fabric</li></ul></div><div class=\"col-12 col-md-3\"><h5><strong>Trousers design:</strong></h5><ul><li>Solid Trousers</li><li>Elasticated waistband</li><li>Slip-on closure</li></ul></div><div class=\"col-12 col-md-3\"><h5><strong>Size &amp; Fit</strong></h5><ul><li>The model (height 5\'8) is wearing a size S</li><li>DimensionDupatta: Length : 2.25 M, Width : 0.95 M</li></ul></div></div><div class=\"row\"><div class=\"col-12 col-md-3\"><h5><strong>Sleeve Length</strong></h5><ul><li style=\"list-style-type: circle;\">Three-Quarter Sleeves</li></ul></div><div class=\"col-12 col-md-3\"><h5><strong>Top Shape</strong></h5><ul><li style=\"list-style-type: circle;\">Straight</li></ul></div><div class=\"col-12 col-md-3\"><h5><strong>Neck</strong></h5><ul><li style=\"list-style-type: circle;\">Round Neck</li></ul></div><div class=\"col-12 col-md-3\"><h5><strong>Print or Pattern Type</strong></h5><ul><li style=\"list-style-type: circle;\">Floral</li></ul></div></div>', 10, 1, 12, 2, 29, '', '', '', 250, 250, 0, 0, 250, 'Allen Solly,Regular,Regular Tshirt, Fit T-Shirt,T-Shirt,Allen Solly Womens Tshirt', '0', 'exclusive', 0, '71ZNyHI8DGL._SX522._SX._UX._SY._UY_.jpg|81lMlzL6oaL._SX522._SX._UX._SY._UY_.jpg|81U7oUSUhJL._SX522._SX._UX._SY._UY_.jpg|91ePds0EXrL._SX522._SX._UX._SY._UY_.jpg|91IME0Jo+jL._SX522._SX._UX._SY._UY_.jpg', 'cover_image.jpg', 8, 0, 0, 0, '', '', '', '', '', 1, 999, '2022-11-29 13:00:00', '2023-01-20 16:13:33', 1),
(129, 'Boys Pack of 3 Mickey Mouse Donald Duck Goofy Printed T-shirts', 'T-Shirts', 'boys-pack-of-3-mickey-mouse-donald-duck-goofy-printed-t-shirts-4y-5y-vnky8c75-129', 'sxGhr6', 24, 'Boys Pack Of 3 Mickey Mouse Donald Duck Goofy Printed T-Shirts', '<div class=\"row\"><div class=\"col-12 col-md-3\"><h5><strong>Kurta design:</strong></h5><ul><li>Floral yoke design</li><li>Straight shapeRegular style</li><li>Round neck, three-quarter regular sleeves</li><li>Calf length with straight hem</li><li>Cotton blend machine weave fabric</li></ul></div><div class=\"col-12 col-md-3\"><h5><strong>Trousers design:</strong></h5><ul><li>Solid Trousers</li><li>Elasticated waistband</li><li>Slip-on closure</li></ul></div><div class=\"col-12 col-md-3\"><h5><strong>Size &amp; Fit</strong></h5><ul><li>The model (height 5\'8) is wearing a size S</li><li>DimensionDupatta: Length : 2.25 M, Width : 0.95 M</li></ul></div></div><div class=\"row\"><div class=\"col-12 col-md-3\"><h5><strong>Sleeve Length</strong></h5><ul><li style=\"list-style-type: circle;\">Three-Quarter Sleeves</li></ul></div><div class=\"col-12 col-md-3\"><h5><strong>Top Shape</strong></h5><ul><li style=\"list-style-type: circle;\">Straight</li></ul></div><div class=\"col-12 col-md-3\"><h5><strong>Neck</strong></h5><ul><li style=\"list-style-type: circle;\">Round Neck</li></ul></div><div class=\"col-12 col-md-3\"><h5><strong>Print or Pattern Type</strong></h5><ul><li style=\"list-style-type: circle;\">Floral</li></ul></div></div>', 10, 1, 13, 3, 39, '', '', '', 300, 336, 0, 0, 336, 'Boys ,Mickey Mouse ,Pack Of 3 ,Donald Duck Goofy,Printed T-Shirts', '12', 'exclusive', 36, '1.webp|2.webp|3.webp|4.webp|5.webp', 'cover_image.webp', 36, 0, 0, 0, '', '', '', '', '', 1, 999, '2022-11-29 16:22:24', '2023-01-30 18:57:44', 1),
(130, 'Boys Pack of 3 Mickey Mouse Donald Duck Goofy Printed T-shirts', 'T-Shirts', 'boys-pack-of-3-mickey-mouse-donald-duck-goofy-printed-t-shirts-5y-7y-vnky8c75-130', 'sxGhr6', 24, 'Boys Pack Of 3 Mickey Mouse Donald Duck Goofy Printed T-Shirts', '<div class=\"row\"><div class=\"col-12 col-md-3\"><h5><strong>Kurta design:</strong></h5><ul><li>Floral yoke design</li><li>Straight shapeRegular style</li><li>Round neck, three-quarter regular sleeves</li><li>Calf length with straight hem</li><li>Cotton blend machine weave fabric</li></ul></div><div class=\"col-12 col-md-3\"><h5><strong>Trousers design:</strong></h5><ul><li>Solid Trousers</li><li>Elasticated waistband</li><li>Slip-on closure</li></ul></div><div class=\"col-12 col-md-3\"><h5><strong>Size &amp; Fit</strong></h5><ul><li>The model (height 5\'8) is wearing a size S</li><li>DimensionDupatta: Length : 2.25 M, Width : 0.95 M</li></ul></div></div><div class=\"row\"><div class=\"col-12 col-md-3\"><h5><strong>Sleeve Length</strong></h5><ul><li style=\"list-style-type: circle;\">Three-Quarter Sleeves</li></ul></div><div class=\"col-12 col-md-3\"><h5><strong>Top Shape</strong></h5><ul><li style=\"list-style-type: circle;\">Straight</li></ul></div><div class=\"col-12 col-md-3\"><h5><strong>Neck</strong></h5><ul><li style=\"list-style-type: circle;\">Round Neck</li></ul></div><div class=\"col-12 col-md-3\"><h5><strong>Print or Pattern Type</strong></h5><ul><li style=\"list-style-type: circle;\">Floral</li></ul></div></div>', 10, 1, 13, 3, 39, '', '', '', 300, 336, 0, 0, 336, 'Boys ,Mickey Mouse ,Pack Of 3 ,Donald Duck Goofy,Printed T-Shirts', '12', 'exclusive', 36, '1.webp|2.webp|3.webp|4.webp|5.webp', 'cover_image.webp', 11, 0, 0, 0, '', '', '', '', '', 1, 999, '2022-11-29 13:00:00', '2023-01-16 18:19:55', 1),
(131, 'Boys Pack of 3 Mickey Mouse Donald Duck Goofy Printed T-shirts', 'T-Shirts', 'boys-pack-of-3-mickey-mouse-donald-duck-goofy-printed-t-shirts-9y-10y-vnky8c75-131', 'sxGhr6', 24, 'Boys Pack Of 3 Mickey Mouse Donald Duck Goofy Printed T-Shirts', '<div class=\"row\"><div class=\"col-12 col-md-3\"><h5><strong>Kurta design:</strong></h5><ul><li>Floral yoke design</li><li>Straight shapeRegular style</li><li>Round neck, three-quarter regular sleeves</li><li>Calf length with straight hem</li><li>Cotton blend machine weave fabric</li></ul></div><div class=\"col-12 col-md-3\"><h5><strong>Trousers design:</strong></h5><ul><li>Solid Trousers</li><li>Elasticated waistband</li><li>Slip-on closure</li></ul></div><div class=\"col-12 col-md-3\"><h5><strong>Size &amp; Fit</strong></h5><ul><li>The model (height 5\'8) is wearing a size S</li><li>DimensionDupatta: Length : 2.25 M, Width : 0.95 M</li></ul></div></div><div class=\"row\"><div class=\"col-12 col-md-3\"><h5><strong>Sleeve Length</strong></h5><ul><li style=\"list-style-type: circle;\">Three-Quarter Sleeves</li></ul></div><div class=\"col-12 col-md-3\"><h5><strong>Top Shape</strong></h5><ul><li style=\"list-style-type: circle;\">Straight</li></ul></div><div class=\"col-12 col-md-3\"><h5><strong>Neck</strong></h5><ul><li style=\"list-style-type: circle;\">Round Neck</li></ul></div><div class=\"col-12 col-md-3\"><h5><strong>Print or Pattern Type</strong></h5><ul><li style=\"list-style-type: circle;\">Floral</li></ul></div></div>', 10, 1, 13, 3, 39, '', '', '', 300, 336, 0, 0, 336, 'Boys ,Mickey Mouse ,Pack Of 3 ,Donald Duck Goofy,Printed T-Shirts', '12', 'exclusive', 36, '1.webp|2.webp|3.webp|4.webp|5.webp', 'cover_image.webp', 5, 0, 0, 0, '', '', '', '', '', 1, 999, '2022-11-29 13:00:00', '2023-01-16 18:19:55', 1),
(132, 'Boys Yellow Typography Printed T-shirt', '#', 'boys-yellow-typography-printed-t-shirt-7y-8y-vne98q7y-132', '', 0, 'Boys Yellow Typography Printed T-Shirt', '<ul style=\'box-sizing: inherit; list-style: none; padding: 0px; margin: 0px 0px 10px; color: rgb(40, 44, 63); font-family: Whitney, -apple-system, BlinkMacSystemFont, \"Segoe UI\", Roboto, Helvetica, Arial, sans-serif; font-size: 16px; font-style: normal; font-variant-ligatures: normal; font-variant-caps: normal; font-weight: 400; letter-spacing: normal; orphans: 2; text-align: start; text-indent: 0px; text-transform: none; white-space: normal; widows: 2; word-spacing: 0px; -webkit-text-stroke-width: 0px; background-color: rgb(255, 255, 255); text-decoration-thickness: initial; text-decoration-style: initial; text-decoration-color: initial;\'><li style=\"box-sizing: inherit;\">Yellow Tshirt for boys</li></ul>', 10, 2, 21, 3, 39, '', '', '', 250, 280, 0, 0, 280, 'Boys ,Yellow ,Typography ,Printed T-Shirt,Boys Printed T-Shirt,Typography Printed T-Shirt', '12', 'exclusive', 30, '1.webp|2.webp|3.webp', 'cover_image.webp', 21, 0, 0, 0, '', '', '', '', '', 1, 0, '2023-01-11 06:32:46', '2023-01-20 20:13:53', 1),
(133, 'Boys White Mickey Mouse Printed Cotton T-shirt', '#', 'boys-white-mickey-mouse-printed-cotton-t-shirt-white-3y-4y-vnpktedv-133', '', 0, 'Boys White Mickey Mouse Printed Cotton T-shirt', '<ul style=\'box-sizing: inherit; list-style: none; padding: 0px; margin: 0px 0px 10px; color: rgb(40, 44, 63); font-family: Whitney, -apple-system, BlinkMacSystemFont, \"Segoe UI\", Roboto, Helvetica, Arial, sans-serif; font-size: 16px; font-style: normal; font-variant-ligatures: normal; font-variant-caps: normal; font-weight: 400; letter-spacing: normal; orphans: 2; text-align: start; text-indent: 0px; text-transform: none; white-space: normal; widows: 2; word-spacing: 0px; -webkit-text-stroke-width: 0px; background-color: rgb(255, 255, 255); text-decoration-thickness: initial; text-decoration-style: initial; text-decoration-color: initial;\'><li style=\"box-sizing: inherit;\">White T-shirt for boys</li></ul>', 20, 3, 13, 3, 39, '', '', '', 400, 448, 0, 0, 448, 'Boys Tshirt, Printed Cotton T-Shirt,Mickey Mouse Printed T-Shirt,Boys White Tshirt', '12', 'exclusive', 48, '1.webp|2.webp|3.webp|4.webp', 'cover_image.webp', 1, 0, 0, 0, '', '', '', '', '', 1, 1, '2023-01-11 06:37:25', '2023-01-16 18:19:55', 1),
(134, 'Unisex Baby Sweater & Stripe Pant Set with Cap', '#', 'unisex-baby-sweater-stripe-pant-set-with-cap-0-3m-vne98q7y-134', '', 0, 'Unisex Baby Sweater & Stripe Pant Set With Cap', '<p><span style=\'color: rgb(40, 44, 63); font-family: Whitney, -apple-system, BlinkMacSystemFont, \"Segoe UI\", Roboto, Helvetica, Arial, sans-serif; font-size: 16px; font-style: normal; font-variant-ligatures: normal; font-variant-caps: normal; font-weight: 400; letter-spacing: normal; orphans: 2; text-align: start; text-indent: 0px; text-transform: none; white-space: normal; widows: 2; word-spacing: 0px; -webkit-text-stroke-width: 0px; background-color: rgb(255, 255, 255); text-decoration-thickness: initial; text-decoration-style: initial; text-decoration-color: initial; display: inline !important; float: none;\'>This clothing set consists of Sweatshirt&nbsp;and Trousers</span><br style=\"box-sizing: inherit; color: rgb(40, 44, 63); font-family: Whitney, -apple-system, BlinkMacSystemFont, ;\"><span style=\'color: rgb(40, 44, 63); font-family: Whitney, -apple-system, BlinkMacSystemFont, \"Segoe UI\", Roboto, Helvetica, Arial, sans-serif; font-size: 16px; font-style: normal; font-variant-ligatures: normal; font-variant-caps: normal; font-weight: 400; letter-spacing: normal; orphans: 2; text-align: start; text-indent: 0px; text-transform: none; white-space: normal; widows: 2; word-spacing: 0px; -webkit-text-stroke-width: 0px; background-color: rgb(255, 255, 255); text-decoration-thickness: initial; text-decoration-style: initial; text-decoration-color: initial; display: inline !important; float: none;\'>Red and white self design Sweatshirt &nbsp;,has a round neck, long sleeves</span><br style=\"box-sizing: inherit; color: rgb(40, 44, 63); font-family: Whitney, -apple-system, BlinkMacSystemFont, ;\"><span style=\'color: rgb(40, 44, 63); font-family: Whitney, -apple-system, BlinkMacSystemFont, \"Segoe UI\", Roboto, Helvetica, Arial, sans-serif; font-size: 16px; font-style: normal; font-variant-ligatures: normal; font-variant-caps: normal; font-weight: 400; letter-spacing: normal; orphans: 2; text-align: start; text-indent: 0px; text-transform: none; white-space: normal; widows: 2; word-spacing: 0px; -webkit-text-stroke-width: 0px; background-color: rgb(255, 255, 255); text-decoration-thickness: initial; text-decoration-style: initial; text-decoration-color: initial; display: inline !important; float: none;\'>Red and white striped Trousers ,has a slip-on closure</span></p>', 8, 2, 17, 3, 39, '', '', '', 500, 560, 0, 0, 560, 'Unisex Baby,New boarn baby set,Sweater & Stripe Pant Set With Cap', '12', 'exclusive', 60, '1.webp|2.webp|3.webp|4.webp', 'cover_image.webp', 3, 0, 0, 0, '', '', '', '', '', 1, 1, '2023-01-11 06:50:03', '2023-01-16 18:19:55', 1),
(135, 'Girls Print Pure Cotton Top', '#', 'girls-print-pure-cotton-top-black-9-12m-vnpktedv-135', '', 0, 'Girls Print Pure Cotton Top', '<p>Green regular top&nbsp;</p><p>Graphic print</p><p>&nbsp;Round neck, short, regular sleeves</p><p>&nbsp;Knitted</p>', 10, 3, 16, 3, 48, '', '', '', 200, 224, 0, 0, 224, 'Girls Top,Girls Cotton Top,Print Pure Cotton Top', '12', 'exclusive', 24, '1.webp|2.webp|3.jpg', 'cover_image.webp', 3, 0, 0, 0, '', '', '', '', '', 1, 0, '2023-01-11 06:58:02', '2023-01-16 18:19:55', 1),
(136, 'Girls Beige & Green Floral Printed Frilled Top with Trousers', '#', 'girls-beige-green-floral-printed-frilled-top-with-trousers-beige-5y-7y-vnpktedv-136', '', 0, 'Girls Beige & Green Floral Printed Frilled Top With Trousers', '<p>This clothing set consists of Top and Trousers</p><p>Beige and green printed Top ,has a round neck, long sleeves</p><p>Green solid Trousers ,has a drawstring closure</p>', 5, 3, 68, 3, 51, '', '', '', 1000, 1120, 0, 0, 1120, 'Girls Tops With Trouser,Printed Frilled Top With Trousers,Girls Top With Trousers', '12', 'exclusive', 120, '1.webp|2.webp|3.webp|4.webp', 'cover_image.webp', 4, 0, 0, 0, '', '', '', '', '', 1, 0, '2023-01-11 07:03:20', '2023-01-16 18:19:55', 1),
(137, 'Girls Black & Red Printed Fit and Flare Dress', '#', 'girls-black-red-printed-fit-and-flare-dress-black-9y-10y-vnky8c75-137', '', 0, 'Girls Black & Red Printed Fit and Flare Dress', '<p>Black and red printed woven fit and flare dress, has a round neck, sleeveless, zip closure, an attached lining, flared hem</p><p><br></p>', 10, 1, 27, 3, 51, '', '', '', 900, 1008, 0, 0, 1008, 'Black & Red Printed Fit And Flare Dress,Girls Flare dress,Printed  Flare Dress', '12', 'exclusive', 108, '1.webp|2.webp|3.webp|4.webp', 'cover_image.webp', 3, 0, 0, 0, '', '', '', '', '', 1, 0, '2023-01-11 07:10:05', '2023-01-16 18:19:55', 1),
(138, 'Girls Blue Slim Fit Mid-Rise Clean Look Jeans', '#', 'girls-blue-slim-fit-mid-rise-clean-look-jeans-blue-6-9m-vne98q7y-138', '', 0, 'Girls Blue Slim Fit Mid-Rise Clean Look Jeans', '<p><span style=\'color: rgb(40, 44, 63); font-family: Whitney, -apple-system, BlinkMacSystemFont, \"Segoe UI\", Roboto, Helvetica, Arial, sans-serif; font-size: 16px; font-style: normal; font-variant-ligatures: normal; font-variant-caps: normal; font-weight: 400; letter-spacing: normal; orphans: 2; text-align: start; text-indent: 0px; text-transform: none; white-space: normal; widows: 2; word-spacing: 0px; -webkit-text-stroke-width: 0px; background-color: rgb(255, 255, 255); text-decoration-thickness: initial; text-decoration-style: initial; text-decoration-color: initial; display: inline !important; float: none;\'>Blue medium wash mid-rise jeans, clean look, and light fade</span></p>', 5, 2, 13, 3, 54, '', '', '', 600, 630, 0, 0, 630, 'Girls Jeans,Slim Fit Mid-Rise Clean Look Jeans,Girls Slim Fit,Girls Blue jeans', '5', 'exclusive', 30, '1.webp|2.jpg|3.jpg|4.jpg|5.jpg', 'cover_image.webp', 3, 0, 0, 0, '', '', '', '', '', 999, 1, '2023-01-11 11:08:20', '2023-01-16 18:19:55', 1),
(139, 'Women Blue Floral Printed Kurta with Trousers & With Dupatta', 'QWERT', 'women-blue-floral-printed-kurta-with-trousers-with-dupatta-m-sky-vne98q7y-139', NULL, NULL, 'Women Blue Floral Printed Kurta With Trousers & With Dupatta', '<p>Women Blue Floral Printed Kurta With Trousers &amp; With Dupatta</p>', 12, 2, 72, 2, 24, '', NULL, NULL, 1000, 1050, 0, 0, 1050, 'Women Printed Kurta,Kurta With Trousers & With Dupatta', '5', 'exclusive', 50, '61Fxn7u8yGL_1674155680.webp|71Ae0QRs96L_1674155680.webp|71LGVM1nBAL_1674155680.webp|71rciujqJGL_1674155680.webp|711QuZlXbrL_1674155680.webp', 'cover_image.webp', 3, 0, 0, 0, '', '', '', '', '', 1, 1, '2023-01-19 19:00:38', '2023-01-19 19:18:07', 1);

-- --------------------------------------------------------

--
-- Table structure for table `product_elements`
--

CREATE TABLE `product_elements` (
  `element_id` int(11) NOT NULL,
  `element_name` varchar(45) NOT NULL,
  `attributes` text,
  `display_name` text,
  `created_by` int(11) NOT NULL,
  `modified_by` int(11) NOT NULL,
  `created` timestamp NOT NULL DEFAULT CURRENT_TIMESTAMP ON UPDATE CURRENT_TIMESTAMP,
  `modified` timestamp NOT NULL DEFAULT '0000-00-00 00:00:00',
  `is_active` tinyint(1) NOT NULL DEFAULT '1'
) ENGINE=InnoDB DEFAULT CHARSET=latin1;

--
-- Dumping data for table `product_elements`
--

INSERT INTO `product_elements` (`element_id`, `element_name`, `attributes`, `display_name`, `created_by`, `modified_by`, `created`, `modified`, `is_active`) VALUES
(1, 'Size', '1,2,3,4,5,77,78,79,80', 'Size', 1, 1, '2022-08-23 13:09:48', '2022-08-23 13:09:48', 1),
(2, 'Color', '6,7,8,9,10,11,12,13,81,82,83,84,85,86,87,88,89,90,91,92,93,94,95,96,97,98,99,100,101,102,103,104,105,106,107,108,109,110,111,112,113,114,115,116,117,118,119,120,121,122,123,124,125,126,127,128,129,130,131,132,133,134,135,136,137', 'Color', 1, 1, '2022-11-21 13:43:30', '2022-11-21 13:43:30', 1),
(3, 'Fabric', '14,15,16,17,18,19,20,21,22,23,24,25,26,27,28,29,30,31,32', 'Material', 1, 1, '2022-11-09 10:52:34', '2022-11-09 10:52:34', 1),
(4, 'T-shirt Type', '33,34,35,36,37,38,39,40,41,42,43,44,45', 'Type', 1, 1, '2022-08-02 15:28:28', '2022-08-03 00:28:28', 1),
(5, 'T-shirt Fits', '46,47,48,49,50,51,52', 'Fits', 1, 999, '2022-11-03 15:05:12', '2022-11-03 15:05:12', 1),
(6, 'Wiast Size (jeans)', '53,54,55,56,57,58,59,60,151,152,153,154', 'Size', 1, 1, '2022-11-28 14:46:03', '2022-11-28 14:46:03', 1),
(7, 'Capacity', '61,62,63,64,65,66,67,75,76', 'Capacity', 1, 1, '2022-08-02 16:02:49', '2022-08-03 01:02:49', 1),
(8, 'Storage', '62,63,64,65', 'Storage', 1, 1, '2022-08-02 15:35:34', '2022-08-03 00:35:34', 1),
(9, 'Quantity', '73,74,75,76', 'Quantity', 1, 0, '2022-08-03 00:59:17', '0000-00-00 00:00:00', 1),
(10, 'Age', '138,139,140,141,142,143,144,145,146,147,148,149,150,155', 'AGE', 1, 1, '2023-01-11 01:14:12', '2023-01-11 06:44:12', 1);

-- --------------------------------------------------------

--
-- Table structure for table `product_elements_attributes`
--

CREATE TABLE `product_elements_attributes` (
  `elements_attributes_id` int(11) NOT NULL,
  `product_id` int(11) NOT NULL,
  `variant_code` text,
  `parent_product_id` mediumint(9) DEFAULT NULL,
  `element_id` int(11) NOT NULL,
  `attributes_id` varchar(100) NOT NULL,
  `created` timestamp NOT NULL DEFAULT CURRENT_TIMESTAMP
) ENGINE=InnoDB DEFAULT CHARSET=latin1;

--
-- Dumping data for table `product_elements_attributes`
--

INSERT INTO `product_elements_attributes` (`elements_attributes_id`, `product_id`, `variant_code`, `parent_product_id`, `element_id`, `attributes_id`, `created`) VALUES
(3, 1, 'icQd71', 1, 1, '1', '2022-11-26 10:50:01'),
(4, 1, 'icQd71', 1, 2, '11', '2022-11-26 10:50:02'),
(7, 2, 'icQd71', 1, 1, '2', '2022-11-26 10:50:52'),
(8, 2, 'icQd71', 1, 2, '11', '2022-11-26 10:50:52'),
(11, 3, 'icQd71', 1, 1, '3', '2022-11-26 10:51:16'),
(12, 3, 'icQd71', 1, 2, '11', '2022-11-26 10:51:16'),
(15, 4, 'icQd71', 1, 1, '4', '2022-11-26 10:51:37'),
(16, 4, 'icQd71', 1, 2, '11', '2022-11-26 10:51:37'),
(108, 21, 'ZA0NxR', 3, 1, '2', '2022-11-26 12:21:37'),
(109, 21, 'ZA0NxR', 3, 2, '109', '2022-11-26 12:21:37'),
(112, 22, 'ZA0NxR', 3, 1, '3', '2022-11-26 12:23:25'),
(113, 22, 'ZA0NxR', 3, 2, '109', '2022-11-26 12:23:25'),
(138, 23, 'ZA0NxR', 3, 1, '4', '2022-11-26 12:28:21'),
(139, 23, 'ZA0NxR', 3, 2, '109', '2022-11-26 12:28:21'),
(140, 24, 'ZA0NxR', 3, 1, '5', '2022-11-26 12:28:26'),
(141, 24, 'ZA0NxR', 3, 2, '109', '2022-11-26 12:28:26'),
(146, 29, 'xk1Tvt', 4, 1, '2', '2022-11-26 12:42:17'),
(147, 29, 'xk1Tvt', 4, 2, '10', '2022-11-26 12:42:17'),
(150, 30, 'xk1Tvt', 4, 1, '3', '2022-11-26 12:43:27'),
(151, 30, 'xk1Tvt', 4, 2, '10', '2022-11-26 12:43:27'),
(154, 31, 'xk1Tvt', 4, 1, '4', '2022-11-26 12:43:48'),
(155, 31, 'xk1Tvt', 4, 2, '10', '2022-11-26 12:43:48'),
(156, 18, 'ZA0NxR', 3, 1, '1', '2022-11-28 11:41:42'),
(157, 18, 'ZA0NxR', 3, 2, '133', '2022-11-28 11:41:42'),
(158, 19, 'ZA0NxR', 3, 1, '2', '2022-11-28 11:42:02'),
(159, 19, 'ZA0NxR', 3, 2, '133', '2022-11-28 11:42:02'),
(160, 20, 'ZA0NxR', 3, 1, '3', '2022-11-28 11:42:19'),
(161, 20, 'ZA0NxR', 3, 2, '133', '2022-11-28 11:42:19'),
(166, 33, 'xk1Tvt', 4, 1, '2', '2022-11-28 12:00:41'),
(167, 33, 'xk1Tvt', 4, 2, '133', '2022-11-28 12:00:41'),
(172, 34, 'xk1Tvt', 4, 1, '3', '2022-11-28 12:01:23'),
(173, 34, 'xk1Tvt', 4, 2, '133', '2022-11-28 12:01:23'),
(174, 35, 'xk1Tvt', 4, 1, '4', '2022-11-28 12:01:43'),
(175, 35, 'xk1Tvt', 4, 2, '133', '2022-11-28 12:01:43'),
(178, 36, 'xk1Tvt', 4, 1, '1', '2022-11-28 12:03:18'),
(179, 36, 'xk1Tvt', 4, 2, '96', '2022-11-28 12:03:18'),
(182, 37, 'xk1Tvt', 4, 1, '2', '2022-11-28 12:10:00'),
(183, 37, 'xk1Tvt', 4, 2, '96', '2022-11-28 12:10:00'),
(186, 38, 'xk1Tvt', 4, 1, '3', '2022-11-28 12:10:29'),
(187, 38, 'xk1Tvt', 4, 2, '96', '2022-11-28 12:10:29'),
(188, 39, 'xk1Tvt', 4, 1, '2', '2022-11-28 13:52:14'),
(189, 39, 'xk1Tvt', 4, 2, '112', '2022-11-28 13:52:14'),
(192, 40, 'xk1Tvt', 4, 1, '3', '2022-11-28 13:53:05'),
(193, 40, 'xk1Tvt', 4, 2, '112', '2022-11-28 13:53:05'),
(196, 41, 'xk1Tvt', 4, 1, '4', '2022-11-28 13:53:24'),
(197, 41, 'xk1Tvt', 4, 2, '112', '2022-11-28 13:53:24'),
(200, 42, 'xk1Tvt', 4, 1, '5', '2022-11-28 13:53:46'),
(201, 42, 'xk1Tvt', 4, 2, '112', '2022-11-28 13:53:46'),
(206, 44, 'Y2Ztoe', 6, 2, '113', '2022-11-28 14:49:45'),
(207, 44, 'Y2Ztoe', 6, 6, '151', '2022-11-28 14:49:45'),
(210, 45, 'Y2Ztoe', 6, 2, '113', '2022-11-28 14:50:18'),
(211, 45, 'Y2Ztoe', 6, 6, '152', '2022-11-28 14:50:18'),
(214, 46, 'Y2Ztoe', 6, 2, '113', '2022-11-28 14:50:41'),
(215, 46, 'Y2Ztoe', 6, 6, '153', '2022-11-28 14:50:41'),
(218, 47, 'Y2Ztoe', 6, 2, '113', '2022-11-28 14:51:05'),
(219, 47, 'Y2Ztoe', 6, 6, '154', '2022-11-28 14:51:05'),
(224, 49, 'xhOfSq', 9, 2, '10', '2022-11-28 14:54:38'),
(225, 49, 'xhOfSq', 9, 6, '151', '2022-11-28 14:54:38'),
(228, 50, 'xhOfSq', 9, 2, '10', '2022-11-28 14:55:04'),
(229, 50, 'xhOfSq', 9, 6, '152', '2022-11-28 14:55:04'),
(248, 53, 'jvxmp1', 10, 2, '11', '2022-11-28 15:09:45'),
(249, 53, 'jvxmp1', 10, 6, '152', '2022-11-28 15:09:45'),
(250, 54, 'jvxmp1', 10, 2, '11', '2022-11-28 15:10:11'),
(251, 54, 'jvxmp1', 10, 6, '153', '2022-11-28 15:10:11'),
(254, 55, 'vXIQtx', 11, 2, '100', '2022-11-28 15:14:51'),
(255, 55, 'vXIQtx', 11, 6, '151', '2022-11-28 15:14:51'),
(262, 57, 'vXIQtx', 11, 2, '100', '2022-11-28 15:17:19'),
(263, 57, 'vXIQtx', 11, 6, '154', '2022-11-28 15:17:19'),
(264, 58, '310lRF', 12, 2, '136', '2022-11-28 15:21:41'),
(265, 58, '310lRF', 12, 6, '56', '2022-11-28 15:21:41'),
(268, 59, '310lRF', 12, 2, '136', '2022-11-28 15:22:10'),
(269, 59, '310lRF', 12, 6, '151', '2022-11-28 15:22:10'),
(272, 60, '310lRF', 12, 2, '136', '2022-11-28 15:22:49'),
(273, 60, '310lRF', 12, 6, '152', '2022-11-28 15:22:49'),
(284, 64, '', 0, 1, '4', '2022-11-28 17:36:38'),
(285, 64, '', 0, 2, '109', '2022-11-28 17:36:38'),
(294, 67, 'LlmCGS', 8, 1, '2', '2022-11-28 17:40:12'),
(295, 67, 'LlmCGS', 8, 2, '109', '2022-11-28 17:40:12'),
(326, 56, 'vXIQtx', 11, 2, '100', '2022-11-29 12:28:39'),
(327, 56, 'vXIQtx', 11, 6, '152', '2022-11-29 12:28:39'),
(334, 77, 'jhQSP8', 14, 1, '1', '2022-11-29 13:08:48'),
(335, 77, 'jhQSP8', 14, 2, '10', '2022-11-29 13:08:48'),
(350, 81, 'jhQSP8', 14, 1, '2', '2022-11-29 13:14:21'),
(351, 81, 'jhQSP8', 14, 2, '10', '2022-11-29 13:14:21'),
(356, 82, 'jhQSP8', 14, 1, '3', '2022-11-29 13:15:12'),
(357, 82, 'jhQSP8', 14, 2, '10', '2022-11-29 13:15:12'),
(358, 83, 'jhQSP8', 14, 1, '4', '2022-11-29 13:15:20'),
(359, 83, 'jhQSP8', 14, 2, '10', '2022-11-29 13:15:20'),
(360, 84, '1uVFvz', 15, 1, '1', '2022-11-29 13:24:33'),
(361, 84, '1uVFvz', 15, 2, '13', '2022-11-29 13:24:33'),
(368, 85, '1uVFvz', 15, 1, '2', '2022-11-29 13:25:13'),
(369, 85, '1uVFvz', 15, 2, '13', '2022-11-29 13:25:13'),
(370, 86, '1uVFvz', 15, 1, '3', '2022-11-29 13:25:40'),
(371, 86, '1uVFvz', 15, 2, '13', '2022-11-29 13:25:40'),
(372, 87, '1uVFvz', 15, 1, '4', '2022-11-29 13:25:49'),
(373, 87, '1uVFvz', 15, 2, '13', '2022-11-29 13:25:50'),
(374, 88, 'H4p1rT', 16, 1, '2', '2022-11-29 13:45:24'),
(375, 88, 'H4p1rT', 16, 2, '8', '2022-11-29 13:45:24'),
(382, 89, 'H4p1rT', 16, 1, '3', '2022-11-29 13:46:55'),
(383, 89, 'H4p1rT', 16, 2, '8', '2022-11-29 13:46:55'),
(384, 90, 'H4p1rT', 16, 1, '4', '2022-11-29 13:47:12'),
(385, 90, 'H4p1rT', 16, 2, '8', '2022-11-29 13:47:12'),
(386, 91, 'H4p1rT', 16, 1, '5', '2022-11-29 13:47:23'),
(387, 91, 'H4p1rT', 16, 2, '8', '2022-11-29 13:47:23'),
(388, 92, 'hcYHvz', 17, 1, '1', '2022-11-29 13:54:59'),
(389, 92, 'hcYHvz', 17, 2, '112', '2022-11-29 13:54:59'),
(396, 93, 'hcYHvz', 17, 1, '2', '2022-11-29 13:57:57'),
(397, 93, 'hcYHvz', 17, 2, '112', '2022-11-29 13:57:57'),
(398, 94, 'hcYHvz', 17, 1, '3', '2022-11-29 13:58:05'),
(399, 94, 'hcYHvz', 17, 2, '112', '2022-11-29 13:58:05'),
(400, 95, 'hcYHvz', 17, 1, '4', '2022-11-29 13:58:49'),
(401, 95, 'hcYHvz', 17, 2, '112', '2022-11-29 13:58:49'),
(402, 96, 'hcYHvz', 17, 1, '1', '2022-11-29 15:11:55'),
(403, 96, 'hcYHvz', 17, 2, '8', '2022-11-29 15:11:55'),
(408, 97, 'hcYHvz', 17, 1, '2', '2022-11-29 15:14:13'),
(409, 97, 'hcYHvz', 17, 2, '8', '2022-11-29 15:14:13'),
(410, 98, 'hcYHvz', 17, 1, '3', '2022-11-29 15:14:21'),
(411, 98, 'hcYHvz', 17, 2, '8', '2022-11-29 15:14:21'),
(412, 99, 'XmyArn', 18, 1, '1', '2022-11-29 15:20:12'),
(413, 99, 'XmyArn', 18, 2, '135', '2022-11-29 15:20:12'),
(420, 100, 'XmyArn', 18, 1, '2', '2022-11-29 15:21:13'),
(421, 100, 'XmyArn', 18, 2, '135', '2022-11-29 15:21:13'),
(422, 101, 'XmyArn', 18, 1, '3', '2022-11-29 15:21:21'),
(423, 101, 'XmyArn', 18, 2, '135', '2022-11-29 15:21:21'),
(424, 102, 'XmyArn', 18, 1, '4', '2022-11-29 15:21:28'),
(425, 102, 'XmyArn', 18, 2, '135', '2022-11-29 15:21:28'),
(426, 103, 'yGzxBv', 19, 1, '1', '2022-11-29 15:37:44'),
(427, 103, 'yGzxBv', 19, 2, '7', '2022-11-29 15:37:44'),
(434, 104, 'yGzxBv', 19, 1, '2', '2022-11-29 15:38:16'),
(435, 104, 'yGzxBv', 19, 2, '7', '2022-11-29 15:38:16'),
(436, 105, 'yGzxBv', 19, 1, '3', '2022-11-29 15:38:24'),
(437, 105, 'yGzxBv', 19, 2, '7', '2022-11-29 15:38:24'),
(438, 106, 'yGzxBv', 19, 1, '4', '2022-11-29 15:38:33'),
(439, 106, 'yGzxBv', 19, 2, '7', '2022-11-29 15:38:33'),
(534, 62, 'LlmCGS', 8, 1, '2', '2023-01-05 08:26:33'),
(535, 62, 'LlmCGS', 8, 2, '86', '2023-01-05 08:26:33'),
(536, 63, 'LlmCGS', 8, 1, '3', '2023-01-05 08:26:42'),
(537, 63, 'LlmCGS', 8, 2, '86', '2023-01-05 08:26:42'),
(538, 65, 'LlmCGS', 8, 1, '4', '2023-01-05 08:26:59'),
(539, 65, 'LlmCGS', 8, 2, '86', '2023-01-05 08:26:59'),
(540, 66, 'LlmCGS', 8, 1, '1', '2023-01-05 08:28:21'),
(541, 66, 'LlmCGS', 8, 2, '109', '2023-01-05 08:28:21'),
(542, 68, 'LlmCGS', 8, 1, '4', '2023-01-05 08:28:52'),
(543, 68, 'LlmCGS', 8, 2, '109', '2023-01-05 08:28:52'),
(544, 110, 'ngRJZY', 21, 1, '1', '2023-01-05 08:30:17'),
(545, 110, 'ngRJZY', 21, 2, '81', '2023-01-05 08:30:17'),
(546, 112, 'ngRJZY', 21, 1, '3', '2023-01-05 08:30:45'),
(547, 112, 'ngRJZY', 21, 2, '81', '2023-01-05 08:30:45'),
(548, 111, 'ngRJZY', 21, 1, '2', '2023-01-05 08:30:49'),
(549, 111, 'ngRJZY', 21, 2, '81', '2023-01-05 08:30:49'),
(550, 113, 'ngRJZY', 21, 1, '4', '2023-01-05 08:31:05'),
(551, 113, 'ngRJZY', 21, 2, '81', '2023-01-05 08:31:05'),
(552, 114, 'ngRJZY', 21, 1, '5', '2023-01-05 08:31:13'),
(553, 114, 'ngRJZY', 21, 2, '81', '2023-01-05 08:31:13'),
(554, 72, 'nyeQrp', 7, 1, '2', '2023-01-05 08:32:06'),
(555, 72, 'nyeQrp', 7, 2, '109', '2023-01-05 08:32:06'),
(556, 73, 'nyeQrp', 7, 1, '3', '2023-01-05 08:32:55'),
(557, 73, 'nyeQrp', 7, 2, '109', '2023-01-05 08:32:55'),
(558, 74, 'nyeQrp', 7, 1, '4', '2023-01-05 08:33:03'),
(559, 74, 'nyeQrp', 7, 2, '109', '2023-01-05 08:33:03'),
(560, 75, 'nyeQrp', 7, 1, '5', '2023-01-05 08:33:12'),
(561, 75, 'nyeQrp', 7, 2, '109', '2023-01-05 08:33:12'),
(562, 69, 'nyeQrp', 7, 1, '2', '2023-01-05 08:33:33'),
(563, 69, 'nyeQrp', 7, 2, '7', '2023-01-05 08:33:33'),
(564, 70, 'nyeQrp', 7, 1, '3', '2023-01-05 08:39:16'),
(565, 70, 'nyeQrp', 7, 2, '7', '2023-01-05 08:39:16'),
(566, 71, 'nyeQrp', 7, 1, '4', '2023-01-05 08:39:23'),
(567, 71, 'nyeQrp', 7, 2, '7', '2023-01-05 08:39:23'),
(568, 76, 'mo2xwJ', 13, 1, '1', '2023-01-05 08:40:27'),
(569, 76, 'mo2xwJ', 13, 2, '100', '2023-01-05 08:40:27'),
(570, 78, 'mo2xwJ', 13, 1, '2', '2023-01-05 08:49:18'),
(571, 78, 'mo2xwJ', 13, 2, '100', '2023-01-05 08:49:18'),
(572, 79, 'mo2xwJ', 13, 1, '3', '2023-01-05 08:49:21'),
(573, 79, 'mo2xwJ', 13, 2, '100', '2023-01-05 08:49:21'),
(574, 80, 'mo2xwJ', 13, 1, '4', '2023-01-05 08:49:29'),
(575, 80, 'mo2xwJ', 13, 2, '100', '2023-01-05 08:49:29'),
(576, 107, 'JWBfqL', 20, 1, '1', '2023-01-05 08:50:22'),
(577, 107, 'JWBfqL', 20, 2, '95', '2023-01-05 08:50:22'),
(578, 108, 'JWBfqL', 20, 1, '2', '2023-01-05 08:50:41'),
(579, 108, 'JWBfqL', 20, 2, '95', '2023-01-05 08:50:41'),
(580, 109, 'JWBfqL', 20, 1, '3', '2023-01-05 08:50:48'),
(581, 109, 'JWBfqL', 20, 2, '95', '2023-01-05 08:50:48'),
(582, 115, '6geJim', 22, 1, '1', '2023-01-05 08:51:56'),
(583, 115, '6geJim', 22, 2, '10', '2023-01-05 08:51:56'),
(584, 116, '6geJim', 22, 1, '2', '2023-01-05 08:52:30'),
(585, 116, '6geJim', 22, 2, '10', '2023-01-05 08:52:30'),
(586, 117, '6geJim', 22, 1, '3', '2023-01-05 08:52:34'),
(587, 117, '6geJim', 22, 2, '10', '2023-01-05 08:52:34'),
(590, 118, 'w8J7XE', 23, 1, '2', '2023-01-05 08:54:00'),
(591, 118, 'w8J7XE', 23, 2, '6', '2023-01-05 08:54:00'),
(592, 119, 'w8J7XE', 23, 1, '3', '2023-01-05 08:55:15'),
(593, 119, 'w8J7XE', 23, 2, '6', '2023-01-05 08:55:15'),
(594, 120, 'w8J7XE', 23, 1, '5', '2023-01-05 08:55:22'),
(595, 120, 'w8J7XE', 23, 2, '6', '2023-01-05 08:55:22'),
(596, 121, 'w8J7XE', 23, 1, '4', '2023-01-05 08:55:31'),
(597, 121, 'w8J7XE', 23, 2, '6', '2023-01-05 08:55:31'),
(598, 122, 'w8J7XE', 23, 1, '2', '2023-01-05 08:55:56'),
(599, 122, 'w8J7XE', 23, 2, '7', '2023-01-05 08:55:56'),
(600, 123, 'w8J7XE', 23, 1, '3', '2023-01-05 08:56:44'),
(601, 123, 'w8J7XE', 23, 2, '7', '2023-01-05 08:56:44'),
(602, 124, 'w8J7XE', 23, 1, '4', '2023-01-05 08:56:50'),
(603, 124, 'w8J7XE', 23, 2, '7', '2023-01-05 08:56:50'),
(604, 125, 'w8J7XE', 23, 1, '2', '2023-01-05 08:56:55'),
(605, 125, 'w8J7XE', 23, 2, '8', '2023-01-05 08:56:55'),
(606, 126, 'w8J7XE', 23, 1, '3', '2023-01-05 08:57:14'),
(607, 126, 'w8J7XE', 23, 2, '8', '2023-01-05 08:57:14'),
(608, 127, 'w8J7XE', 23, 1, '4', '2023-01-05 08:57:20'),
(609, 127, 'w8J7XE', 23, 2, '8', '2023-01-05 08:57:20'),
(610, 128, 'w8J7XE', 23, 1, '5', '2023-01-05 08:57:25'),
(611, 128, 'w8J7XE', 23, 2, '8', '2023-01-05 08:57:25'),
(612, 129, 'sxGhr6', 24, 10, '144', '2023-01-05 08:58:26'),
(613, 130, 'sxGhr6', 24, 10, '145', '2023-01-05 08:58:51'),
(614, 131, 'sxGhr6', 24, 10, '147', '2023-01-05 08:58:55'),
(615, 5, 'BOYUu0', 2, 1, '4', '2023-01-05 09:00:00'),
(616, 5, 'BOYUu0', 2, 2, '109', '2023-01-05 09:00:00'),
(617, 6, 'BOYUu0', 2, 1, '2', '2023-01-05 09:00:56'),
(618, 6, 'BOYUu0', 2, 2, '109', '2023-01-05 09:00:56'),
(619, 7, 'BOYUu0', 2, 1, '3', '2023-01-05 09:01:04'),
(620, 7, 'BOYUu0', 2, 2, '109', '2023-01-05 09:01:04'),
(621, 8, 'BOYUu0', 2, 1, '5', '2023-01-05 09:01:09'),
(622, 8, 'BOYUu0', 2, 2, '109', '2023-01-05 09:01:09'),
(623, 9, 'L7jhxd', 5, 1, '1', '2023-01-05 09:02:30'),
(624, 9, 'L7jhxd', 5, 2, '9', '2023-01-05 09:02:30'),
(625, 9, 'L7jhxd', 5, 5, '50', '2023-01-05 09:02:30'),
(626, 10, 'L7jhxd', 5, 1, '2', '2023-01-05 09:03:45'),
(627, 10, 'L7jhxd', 5, 2, '9', '2023-01-05 09:03:45'),
(628, 10, 'L7jhxd', 5, 5, '50', '2023-01-05 09:03:45'),
(629, 11, 'L7jhxd', 5, 1, '3', '2023-01-05 09:04:08'),
(630, 11, 'L7jhxd', 5, 2, '9', '2023-01-05 09:04:08'),
(631, 11, 'L7jhxd', 5, 5, '50', '2023-01-05 09:04:08'),
(632, 12, 'L7jhxd', 5, 1, '4', '2023-01-05 09:04:27'),
(633, 12, 'L7jhxd', 5, 2, '9', '2023-01-05 09:04:27'),
(634, 12, 'L7jhxd', 5, 5, '50', '2023-01-05 09:04:27'),
(635, 13, 'L7jhxd', 5, 1, '5', '2023-01-05 09:04:32'),
(636, 13, 'L7jhxd', 5, 2, '9', '2023-01-05 09:04:32'),
(637, 13, 'L7jhxd', 5, 5, '50', '2023-01-05 09:04:32'),
(638, 14, 'ZA0NxR', 3, 1, '1', '2023-01-05 09:05:22'),
(639, 14, 'ZA0NxR', 3, 2, '115', '2023-01-05 09:05:22'),
(640, 15, 'ZA0NxR', 3, 1, '2', '2023-01-05 09:06:57'),
(641, 15, 'ZA0NxR', 3, 2, '115', '2023-01-05 09:06:57'),
(642, 16, 'ZA0NxR', 3, 1, '3', '2023-01-05 09:07:04'),
(643, 16, 'ZA0NxR', 3, 2, '115', '2023-01-05 09:07:04'),
(644, 17, 'ZA0NxR', 3, 1, '4', '2023-01-05 09:07:10'),
(645, 17, 'ZA0NxR', 3, 2, '115', '2023-01-05 09:07:10'),
(646, 25, 'ZA0NxR', 3, 1, '3', '2023-01-05 09:07:27'),
(647, 25, 'ZA0NxR', 3, 2, '108', '2023-01-05 09:07:27'),
(648, 26, 'ZA0NxR', 3, 1, '4', '2023-01-05 09:07:43'),
(649, 26, 'ZA0NxR', 3, 2, '108', '2023-01-05 09:07:43'),
(650, 27, 'ZA0NxR', 3, 1, '5', '2023-01-05 09:08:02'),
(651, 27, 'ZA0NxR', 3, 2, '108', '2023-01-05 09:08:02'),
(652, 28, 'xk1Tvt', 4, 1, '1', '2023-01-05 09:09:15'),
(653, 28, 'xk1Tvt', 4, 2, '10', '2023-01-05 09:09:15'),
(654, 32, 'xk1Tvt', 4, 1, '1', '2023-01-05 09:10:47'),
(655, 32, 'xk1Tvt', 4, 2, '133', '2023-01-05 09:10:47'),
(658, 52, 'jvxmp1', 10, 2, '11', '2023-01-05 09:13:35'),
(659, 52, 'jvxmp1', 10, 6, '151', '2023-01-05 09:13:35'),
(660, 48, 'xhOfSq', 9, 2, '10', '2023-01-05 09:16:26'),
(661, 48, 'xhOfSq', 9, 6, '56', '2023-01-05 09:16:26'),
(662, 51, 'jvxmp1', 10, 2, '11', '2023-01-05 09:17:02'),
(663, 51, 'jvxmp1', 10, 6, '56', '2023-01-05 09:17:02'),
(664, 43, 'Y2Ztoe', 6, 2, '113', '2023-01-05 09:17:45'),
(665, 43, 'Y2Ztoe', 6, 6, '56', '2023-01-05 09:17:45'),
(668, 61, 'LlmCGS', 8, 1, '1', '2023-01-10 04:37:44'),
(669, 61, 'LlmCGS', 8, 2, '86', '2023-01-10 04:37:44'),
(670, 132, '', 0, 10, '146', '2023-01-11 06:32:46'),
(673, 133, '', 0, 2, '11', '2023-01-11 06:38:03'),
(674, 133, '', 0, 10, '143', '2023-01-11 06:38:03'),
(677, 134, '', 0, 10, '138', '2023-01-11 06:53:39'),
(678, 135, '', 0, 2, '10', '2023-01-11 06:58:02'),
(679, 135, '', 0, 10, '141', '2023-01-11 06:58:02'),
(680, 136, '', 0, 2, '100', '2023-01-11 07:03:20'),
(681, 136, '', 0, 10, '145', '2023-01-11 07:03:20'),
(682, 137, '', 0, 2, '10', '2023-01-11 07:10:05'),
(683, 137, '', 0, 10, '147', '2023-01-11 07:10:05'),
(686, 138, '', 0, 2, '9', '2023-01-12 04:27:00'),
(687, 138, '', 0, 10, '140', '2023-01-12 04:27:00'),
(694, 139, NULL, NULL, 1, '2', '2023-01-19 19:18:02'),
(695, 139, NULL, NULL, 2, '112', '2023-01-19 19:18:02');

-- --------------------------------------------------------

--
-- Table structure for table `product_review`
--

CREATE TABLE `product_review` (
  `product_review_id` int(11) NOT NULL,
  `product_id` int(11) DEFAULT NULL,
  `customer_id` int(11) DEFAULT NULL,
  `customer_name` text COLLATE utf8_unicode_ci,
  `customer_email` text COLLATE utf8_unicode_ci,
  `star_rate` int(11) NOT NULL DEFAULT '0',
  `review_title` text COLLATE utf8_unicode_ci,
  `review_content` text COLLATE utf8_unicode_ci,
  `review_date` date DEFAULT NULL
) ENGINE=InnoDB DEFAULT CHARSET=utf8 COLLATE=utf8_unicode_ci;

-- --------------------------------------------------------

--
-- Table structure for table `recent_search`
--

CREATE TABLE `recent_search` (
  `recent_search_id` bigint(20) NOT NULL,
  `customer_id` int(11) DEFAULT NULL,
  `keyword` longtext COLLATE utf8_unicode_ci,
  `category` varchar(50) COLLATE utf8_unicode_ci DEFAULT NULL,
  `created_at` date DEFAULT NULL
) ENGINE=InnoDB DEFAULT CHARSET=utf8 COLLATE=utf8_unicode_ci;

--
-- Dumping data for table `recent_search`
--

INSERT INTO `recent_search` (`recent_search_id`, `customer_id`, `keyword`, `category`, `created_at`) VALUES
(14, 10, 'Jacket', '', '2023-01-11'),
(15, 6, 'Dupatta', 'women', '2023-01-12');

-- --------------------------------------------------------

--
-- Table structure for table `recent_view`
--

CREATE TABLE `recent_view` (
  `recent_view_id` int(11) NOT NULL,
  `product_id` int(11) DEFAULT NULL,
  `customer_id` int(11) DEFAULT NULL
) ENGINE=InnoDB DEFAULT CHARSET=utf8 COLLATE=utf8_unicode_ci;

--
-- Dumping data for table `recent_view`
--

INSERT INTO `recent_view` (`recent_view_id`, `product_id`, `customer_id`) VALUES
(30, 1, 2),
(31, 3, 2),
(32, 118, 2),
(33, 120, 2),
(34, 5, 2),
(35, 6, 2),
(36, 14, 2),
(37, 17, 2),
(56, 115, 1),
(57, 116, 1),
(58, 117, 1),
(59, 21, 1),
(60, 118, 1),
(61, 67, 1),
(62, 62, 1),
(63, 61, 1),
(64, 63, 1),
(65, 1, 1),
(66, 84, 1),
(67, 9, 1),
(68, 107, 1),
(69, 53, 1),
(70, 119, 1),
(71, 121, 1),
(72, 120, 1),
(73, 122, 1),
(74, 125, 1);

-- --------------------------------------------------------

--
-- Table structure for table `return_list`
--

CREATE TABLE `return_list` (
  `return_list_id` int(11) NOT NULL,
  `product_id` int(11) DEFAULT NULL,
  `quantity` int(11) DEFAULT NULL,
  `date` date DEFAULT NULL
) ENGINE=InnoDB DEFAULT CHARSET=utf8 COLLATE=utf8_unicode_ci;

--
-- Dumping data for table `return_list`
--

INSERT INTO `return_list` (`return_list_id`, `product_id`, `quantity`, `date`) VALUES
(1, 118, 1, '2023-01-18');

-- --------------------------------------------------------

--
-- Table structure for table `return_request`
--

CREATE TABLE `return_request` (
  `return_request_id` int(11) NOT NULL,
  `request_type` varchar(50) COLLATE utf8_unicode_ci DEFAULT NULL,
  `customer_id` int(11) DEFAULT NULL,
  `order_id` int(11) DEFAULT NULL,
  `order_no` text COLLATE utf8_unicode_ci,
  `product_id` int(11) DEFAULT NULL,
  `order_date` date DEFAULT NULL,
  `return_request_date` date DEFAULT NULL,
  `return_reason` longtext COLLATE utf8_unicode_ci,
  `status` text COLLATE utf8_unicode_ci,
  `remark` longtext COLLATE utf8_unicode_ci,
  `comments` longtext COLLATE utf8_unicode_ci,
  `pickup_address` longtext COLLATE utf8_unicode_ci,
  `bank_detail` longtext COLLATE utf8_unicode_ci NOT NULL,
  `is_completed` int(11) DEFAULT '0'
) ENGINE=InnoDB DEFAULT CHARSET=utf8 COLLATE=utf8_unicode_ci;

--
-- Dumping data for table `return_request`
--

INSERT INTO `return_request` (`return_request_id`, `request_type`, `customer_id`, `order_id`, `order_no`, `product_id`, `order_date`, `return_request_date`, `return_reason`, `status`, `remark`, `comments`, `pickup_address`, `bank_detail`, `is_completed`) VALUES
(1, 'replace', 1, 1, 'OD202223-11674064115', 1, '2023-01-18', '2023-01-18', 'Product with Physical Damage', 'Replace Request Sent', NULL, 'test', '<strong>Roshni Mistry</strong><br>test,30 valsad ,<br>valsad , Haryana ,<br>India - 3963001<br>Phone no : 08866594677', '', 0),
(2, 'return', 1, 3, 'OD202223-11674064893', 118, '2023-01-18', '2023-01-18', 'Fake product', 'Return Request Sent', NULL, 'test test', '<strong>Roshni Mistry</strong><br>test,30 valsad ,<br>valsad , Haryana ,<br>India - 3963001<br>Phone no : 08866594677', '{\"ifsc_code\":\"SBIN0005943\",\"account_no\":\"12345678974\",\"account_name\":\"Roshni Mistry\",\"phone_no\":\"8866594677\"}', 0);

-- --------------------------------------------------------

--
-- Table structure for table `role`
--

CREATE TABLE `role` (
  `role_id` int(11) NOT NULL,
  `role_name` varchar(50) COLLATE utf8_bin NOT NULL,
  `role_description` varchar(50) COLLATE utf8_bin DEFAULT NULL,
  `created_by` int(10) NOT NULL,
  `updated_by` int(10) DEFAULT NULL,
  `create_at` datetime NOT NULL DEFAULT CURRENT_TIMESTAMP,
  `update_at` datetime DEFAULT NULL ON UPDATE CURRENT_TIMESTAMP,
  `is_active` tinyint(1) NOT NULL DEFAULT '1'
) ENGINE=InnoDB DEFAULT CHARSET=utf8 COLLATE=utf8_bin;

--
-- Dumping data for table `role`
--

INSERT INTO `role` (`role_id`, `role_name`, `role_description`, `created_by`, `updated_by`, `create_at`, `update_at`, `is_active`) VALUES
(1, 'Admin', 'test', 1, 1, '2022-07-19 11:01:04', '2023-01-20 02:13:14', 1),
(3, 'Vendor', '#', 1, 1, '2022-07-21 23:26:03', '2023-01-19 00:08:15', 1);

-- --------------------------------------------------------

--
-- Table structure for table `role_details`
--

CREATE TABLE `role_details` (
  `role_details_id` int(11) NOT NULL,
  `role_id` varchar(50) COLLATE utf8_bin NOT NULL,
  `menu_id` varchar(100) COLLATE utf8_bin NOT NULL,
  `submenu_id` varchar(100) COLLATE utf8_bin DEFAULT NULL,
  `created_by` int(10) NOT NULL,
  `updated_by` int(10) DEFAULT NULL,
  `create_at` datetime NOT NULL DEFAULT CURRENT_TIMESTAMP,
  `update_at` datetime DEFAULT NULL ON UPDATE CURRENT_TIMESTAMP,
  `is_active` tinyint(1) NOT NULL DEFAULT '1'
) ENGINE=InnoDB DEFAULT CHARSET=utf8 COLLATE=utf8_bin;

--
-- Dumping data for table `role_details`
--

INSERT INTO `role_details` (`role_details_id`, `role_id`, `menu_id`, `submenu_id`, `created_by`, `updated_by`, `create_at`, `update_at`, `is_active`) VALUES
(482, '2', '1', '1,2', 1, 0, '2022-10-15 04:58:20', '0000-00-00 00:00:00', 1),
(483, '2', '2', '3,4', 1, 0, '2022-10-15 04:58:20', '0000-00-00 00:00:00', 1),
(484, '2', '3', '5,6', 1, 0, '2022-10-15 04:58:20', '0000-00-00 00:00:00', 1),
(485, '2', '5', '9,10', 1, 0, '2022-10-15 04:58:20', '0000-00-00 00:00:00', 1),
(486, '2', '6', '11,12', 1, 0, '2022-10-15 04:58:20', '0000-00-00 00:00:00', 1),
(487, '2', '7', '13,26,27,28,29,30,31,33', 1, 0, '2022-10-15 04:58:20', '0000-00-00 00:00:00', 1),
(488, '2', '8', '', 1, 0, '2022-10-15 04:58:20', '0000-00-00 00:00:00', 1),
(489, '2', '9', '16,17', 1, 0, '2022-10-15 04:58:20', '0000-00-00 00:00:00', 1),
(490, '2', '10', '18,19,20,23', 1, 0, '2022-10-15 04:58:20', '0000-00-00 00:00:00', 1),
(491, '2', '11', '21,22', 1, 0, '2022-10-15 04:58:20', '0000-00-00 00:00:00', 1),
(492, '2', '12', '', 1, 0, '2022-10-15 04:58:20', '0000-00-00 00:00:00', 1),
(493, '2', '13', '', 1, 0, '2022-10-15 04:58:20', '0000-00-00 00:00:00', 1),
(495, '2', '15', '', 1, 0, '2022-10-15 04:58:20', '0000-00-00 00:00:00', 1),
(496, '2', '16', '', 1, 0, '2022-10-15 04:58:20', '0000-00-00 00:00:00', 1),
(497, '2', '17', '', 1, 0, '2022-10-15 04:58:20', '0000-00-00 00:00:00', 1),
(537, '3', '1', '1,2', 1, NULL, '2023-01-19 00:08:15', NULL, 1),
(538, '3', '6', '11,12,34', 1, NULL, '2023-01-19 00:08:15', NULL, 1),
(539, '3', '7', '13,26,27,28,29,30,31,33', 1, NULL, '2023-01-19 00:08:15', NULL, 1),
(540, '3', '15', '', 1, NULL, '2023-01-19 00:08:15', NULL, 1),
(556, '1', '1', '1,2', 1, NULL, '2023-01-20 02:13:14', NULL, 1),
(557, '1', '2', '3,4', 1, NULL, '2023-01-20 02:13:14', NULL, 1),
(558, '1', '3', '5,6', 1, NULL, '2023-01-20 02:13:14', NULL, 1),
(559, '1', '5', '9,10', 1, NULL, '2023-01-20 02:13:14', NULL, 1),
(560, '1', '6', '11,12,34', 1, NULL, '2023-01-20 02:13:14', NULL, 1),
(561, '1', '7', '13,26,27,28,29,30,31,33', 1, NULL, '2023-01-20 02:13:14', NULL, 1),
(562, '1', '8', '14,15', 1, NULL, '2023-01-20 02:13:14', NULL, 1),
(563, '1', '9', '16,17', 1, NULL, '2023-01-20 02:13:14', NULL, 1),
(564, '1', '10', '18,19,20,23', 1, NULL, '2023-01-20 02:13:14', NULL, 1),
(565, '1', '11', '21,22', 1, NULL, '2023-01-20 02:13:14', NULL, 1),
(566, '1', '12', '', 1, NULL, '2023-01-20 02:13:15', NULL, 1),
(567, '1', '13', '', 1, NULL, '2023-01-20 02:13:15', NULL, 1),
(568, '1', '15', '', 1, NULL, '2023-01-20 02:13:15', NULL, 1),
(569, '1', '16', '35,36', 1, NULL, '2023-01-20 02:13:15', NULL, 1),
(570, '1', '17', '', 1, NULL, '2023-01-20 02:13:15', NULL, 1);

-- --------------------------------------------------------

--
-- Table structure for table `slider`
--

CREATE TABLE `slider` (
  `slider_id` int(11) NOT NULL,
  `slider_image` varchar(100) DEFAULT NULL,
  `slider_title` text,
  `short_description` text,
  `position` int(11) DEFAULT NULL,
  `is_active` int(11) DEFAULT NULL
) ENGINE=InnoDB DEFAULT CHARSET=latin1;

--
-- Dumping data for table `slider`
--

INSERT INTO `slider` (`slider_id`, `slider_image`, `slider_title`, `short_description`, `position`, `is_active`) VALUES
(1, 'slider-1.jpg', 'Lorem ipsum dolor sit amet,', '', 1, 1),
(2, 'slider-2.jpg', 'Lorem ipsum dolor sit amet,', '', 2, 1);

-- --------------------------------------------------------

--
-- Table structure for table `specialoffer`
--

CREATE TABLE `specialoffer` (
  `offer_id` int(11) NOT NULL,
  `from_date` date DEFAULT NULL,
  `to_date` date DEFAULT NULL,
  `keywords` text CHARACTER SET latin1,
  `title` text COLLATE utf8_unicode_ci NOT NULL,
  `description` longtext COLLATE utf8_unicode_ci,
  `offer_on_element` text CHARACTER SET latin1 NOT NULL,
  `offer_value` double NOT NULL DEFAULT '0',
  `symbol` varchar(50) COLLATE utf8_unicode_ci DEFAULT NULL,
  `ordered_amount` float DEFAULT NULL,
  `is_active` int(11) NOT NULL DEFAULT '1',
  `user_type` text CHARACTER SET latin1,
  `category_id` text CHARACTER SET latin1,
  `created_by` int(9) DEFAULT NULL,
  `modified_by` int(9) DEFAULT NULL,
  `created_at` datetime NOT NULL DEFAULT CURRENT_TIMESTAMP,
  `modified_at` datetime NOT NULL DEFAULT CURRENT_TIMESTAMP
) ENGINE=InnoDB DEFAULT CHARSET=utf8 COLLATE=utf8_unicode_ci;

--
-- Dumping data for table `specialoffer`
--

INSERT INTO `specialoffer` (`offer_id`, `from_date`, `to_date`, `keywords`, `title`, `description`, `offer_on_element`, `offer_value`, `symbol`, `ordered_amount`, `is_active`, `user_type`, `category_id`, `created_by`, `modified_by`, `created_at`, `modified_at`) VALUES
(1, '2023-01-22', '2023-02-10', 'flat', '10% off on Orders above Rs. 999', '<ul style=\"list-style-type: circle;\"><li>This offer is valid until stocks last or till the offer ends.</li><li>Final Price is inclusive of the offer.</li><li>Offer is applicable on select products and brands. In the event the user returns any/all products in the order placed during the Offer Period, thereby not maintaining the minimum purchase value, as required to avail the Offer, he/she shall not be eligible for the Offer. Accordingly, the amount availed as a discount under the Offer shall stand deducted from any refund(s) processed for the returned product(s).</li></ul>', 'discount', 10, '', 999, 1, 'admin', NULL, NULL, 1, '2023-01-20 04:04:59', '2023-01-20 04:14:07');

-- --------------------------------------------------------

--
-- Table structure for table `stock`
--

CREATE TABLE `stock` (
  `stock_id` int(7) NOT NULL COMMENT 'unique identification number',
  `product_id` int(7) NOT NULL COMMENT 'product table unique identification number',
  `onhand_quantity` varchar(20) NOT NULL COMMENT 'total on hand quantity',
  `created_by` int(7) NOT NULL COMMENT 'User unique number when add data',
  `modified_by` int(7) NOT NULL COMMENT 'User unique number when update data',
  `created` timestamp NOT NULL DEFAULT CURRENT_TIMESTAMP COMMENT 'data add date time save',
  `modified` timestamp NOT NULL DEFAULT CURRENT_TIMESTAMP ON UPDATE CURRENT_TIMESTAMP COMMENT 'data update date time save',
  `is_active` tinyint(1) NOT NULL DEFAULT '1' COMMENT 'stock status : 0 - Deactive,  1 - active, 2 - delete  '
) ENGINE=InnoDB DEFAULT CHARSET=utf8;

-- --------------------------------------------------------

--
-- Table structure for table `stock_details`
--

CREATE TABLE `stock_details` (
  `stock_details_id` int(7) NOT NULL COMMENT 'unique identification number',
  `product_id` int(11) NOT NULL COMMENT 'stock master unique id',
  `status` int(2) NOT NULL COMMENT 'save status : 1 - Add new stock, 2 - Order stock or minus stock',
  `ordered_qty` int(11) NOT NULL DEFAULT '0',
  `stock_out` int(11) NOT NULL DEFAULT '0',
  `stock_in` int(11) NOT NULL DEFAULT '0',
  `old_stock` int(11) DEFAULT NULL,
  `current_stock` int(10) DEFAULT NULL COMMENT 'current stock',
  `created` timestamp NOT NULL DEFAULT CURRENT_TIMESTAMP COMMENT 'Add date time when data added'
) ENGINE=InnoDB DEFAULT CHARSET=latin1 COMMENT='Stock details ';

--
-- Dumping data for table `stock_details`
--

INSERT INTO `stock_details` (`stock_details_id`, `product_id`, `status`, `ordered_qty`, `stock_out`, `stock_in`, `old_stock`, `current_stock`, `created`) VALUES
(1, 62, 2, 1, 1, 0, 5, 4, '2023-01-18 20:16:19'),
(2, 63, 2, 1, 1, 0, 5, 4, '2023-01-18 20:21:35'),
(3, 62, 1, 0, 0, 10, 4, 14, '2023-01-18 20:23:09'),
(4, 63, 1, 0, 0, 10, 4, 14, '2023-01-18 20:27:02');

-- --------------------------------------------------------

--
-- Table structure for table `submenu_details`
--

CREATE TABLE `submenu_details` (
  `submenu_id` int(10) NOT NULL,
  `submenu_name` varchar(50) COLLATE utf8_bin NOT NULL,
  `submenu_link` varchar(100) COLLATE utf8_bin NOT NULL,
  `submenu_icon` varchar(255) COLLATE utf8_bin NOT NULL DEFAULT '<i class="append-icon fa fa-fw fa-circle-thin"></i>',
  `submenu_position` int(5) DEFAULT NULL,
  `created_by` int(11) NOT NULL,
  `modified_by` int(11) NOT NULL,
  `created` timestamp NOT NULL DEFAULT CURRENT_TIMESTAMP,
  `modified` timestamp NULL DEFAULT NULL ON UPDATE CURRENT_TIMESTAMP,
  `is_active` tinyint(1) NOT NULL DEFAULT '1'
) ENGINE=InnoDB DEFAULT CHARSET=utf8 COLLATE=utf8_bin;

--
-- Dumping data for table `submenu_details`
--

INSERT INTO `submenu_details` (`submenu_id`, `submenu_name`, `submenu_link`, `submenu_icon`, `submenu_position`, `created_by`, `modified_by`, `created`, `modified`, `is_active`) VALUES
(1, 'add brand', 'add-brand', '<i class=\"append-icon fa fa-fw fa-circle-thin\"></i>', 1, 1, 1, '2022-07-22 00:33:57', '2022-07-22 01:40:02', 1),
(2, 'brand', 'brand', '<i class=\"append-icon fa fa-fw fa-circle-thin\"></i>', 2, 1, 1, '2022-07-22 00:34:13', '2022-07-22 01:40:32', 1),
(3, 'add category', 'add-category', '<i class=\"append-icon fa fa-fw fa-circle-thin\"></i>', 1, 1, 1, '2022-07-22 00:34:24', '2022-07-22 23:23:08', 1),
(4, 'category', 'category', '<i class=\"append-icon fa fa-fw fa-circle-thin\"></i>', 2, 1, 1, '2022-07-22 00:34:34', '2022-07-22 23:23:05', 1),
(5, 'add element', 'add-elements', '<i class=\"append-icon fa fa-fw fa-circle-thin\"></i>', 1, 1, 1, '2022-07-22 00:34:47', '2022-08-02 20:35:11', 1),
(6, 'elements', 'elements', '<i class=\"append-icon fa fa-fw fa-circle-thin\"></i>', 2, 1, 1, '2022-07-22 00:35:01', '2022-08-02 20:35:43', 1),
(7, 'add unit', 'add-unit', '<i class=\"append-icon fa fa-fw fa-circle-thin\"></i>', 1, 1, 1, '2022-07-22 00:35:14', '2022-07-22 23:22:52', 1),
(8, 'unit', 'unit', '<i class=\"append-icon fa fa-fw fa-circle-thin\"></i>', 2, 1, 1, '2022-07-22 00:35:26', '2022-07-22 23:22:34', 1),
(9, 'add attributes', 'add-attributes', '<i class=\"append-icon fa fa-fw fa-circle-thin\"></i>', 1, 1, 1, '2022-07-22 00:35:38', '2022-08-02 21:45:14', 1),
(10, 'attributes', 'attributes', '<i class=\"append-icon fa fa-fw fa-circle-thin\"></i>', 2, 1, 1, '2022-07-22 00:35:50', '2022-08-02 21:45:46', 1),
(11, 'add product', 'add-product', '<i class=\"append-icon fa fa-fw fa-circle-thin\"></i>', 1, 1, 1, '2022-07-22 01:44:08', '2022-07-22 23:21:58', 1),
(12, 'product', 'all-product', '<i class=\"append-icon fa fa-fw fa-circle-thin\"></i>', 2, 1, 1, '2022-07-22 01:44:21', '2022-07-29 12:00:11', 1),
(13, 'order', 'order', '<i class=\"append-icon fa fa-fw fa-circle-thin\"></i>', 1, 1, 1, '2022-07-22 01:44:31', '2022-07-22 23:21:39', 1),
(14, 'Add Blog', '#', '<i class=\"append-icon fa fa-fw fa-circle-thin\"></i>', 1, 1, 1, '2022-07-22 01:44:51', '2022-10-14 17:42:21', 1),
(15, 'blog', '#', '<i class=\"append-icon fa fa-fw fa-circle-thin\"></i>', 2, 1, 1, '2022-07-22 01:45:03', '2022-10-14 17:42:26', 1),
(16, 'add testimonial', 'add-testimonial', '<i class=\"append-icon fa fa-fw fa-circle-thin\"></i>', 1, 1, 1, '2022-07-22 01:45:20', '2022-07-22 23:21:17', 1),
(17, 'testimonial', 'testimonial', '<i class=\"append-icon fa fa-fw fa-circle-thin\"></i>', 2, 1, 1, '2022-07-22 01:45:31', '2022-07-26 03:19:49', 1),
(18, 'Menu', 'menu', '<i class=\"append-icon fa fa-fw fa-circle-thin\"></i>', 1, 1, 0, '2022-07-26 20:10:54', '0000-00-00 00:00:00', 1),
(19, 'Submenu', 'submenu', '<i class=\"append-icon fa fa-fw fa-circle-thin\"></i>', 2, 1, 0, '2022-07-26 20:11:24', '0000-00-00 00:00:00', 1),
(20, 'Role', 'role', '<i class=\"append-icon fa fa-fw fa-circle-thin\"></i>', 3, 1, 0, '2022-07-26 20:11:34', '0000-00-00 00:00:00', 1),
(21, 'Vendor', 'vendor', '<i class=\"append-icon fa fa-fw fa-circle-thin\"></i>', 2, 1, 0, '2022-07-26 20:35:27', '0000-00-00 00:00:00', 1),
(22, 'Add Vendor', 'add-vendor', '<i class=\"append-icon fa fa-fw fa-circle-thin\"></i>', 1, 1, 0, '2022-07-26 20:35:40', '0000-00-00 00:00:00', 1),
(23, 'User', 'user', '<i class=\"append-icon fa fa-fw fa-circle-thin\"></i>', 4, 1, 0, '2022-07-26 20:59:43', '0000-00-00 00:00:00', 1),
(26, 'Order Confirmed', 'order-confirmed', '<i class=\"append-icon fa fa-fw fa-circle-thin\"></i>', 0, 1, 1, '2022-09-30 16:25:29', '2022-09-30 16:25:53', 1),
(27, 'Processing', 'order-processing', '<i class=\"append-icon fa fa-fw fa-circle-thin\"></i>', 0, 1, 0, '2022-09-30 16:26:44', '0000-00-00 00:00:00', 1),
(28, 'Shipped Order', 'order-shipped', '<i class=\"append-icon fa fa-fw fa-circle-thin\"></i>', 0, 1, 0, '2022-09-30 16:27:10', '0000-00-00 00:00:00', 1),
(29, 'Delivered Order', 'order-delivered', '<i class=\"append-icon fa fa-fw fa-circle-thin\"></i>', 0, 1, 0, '2022-09-30 16:27:50', '0000-00-00 00:00:00', 1),
(30, 'Return Request', 'order-return', '<i class=\"append-icon fa fa-fw fa-circle-thin\"></i>', 0, 1, 1, '2022-09-30 16:28:10', '2022-10-11 12:31:27', 1),
(31, 'Refund order', 'order-refund', '<i class=\"append-icon fa fa-fw fa-circle-thin\"></i>', 0, 1, 1, '2022-09-30 16:28:34', '2022-10-14 16:02:53', 0),
(32, 'Cancelled Order', 'order-cancel', '<i class=\"append-icon fa fa-fw fa-circle-thin\"></i>', 0, 1, 1, '2022-09-30 16:28:58', '2022-10-11 11:29:01', 0),
(33, 'Replace Request', 'replace-order', '<i class=\"append-icon fa fa-fw fa-circle-thin\"></i>', 0, 1, 1, '2022-10-10 16:10:15', '2022-10-11 12:31:18', 1),
(34, 'Parent Product List', 'parent-product', '<i class=\"append-icon fa fa-fw fa-circle-thin\"></i>', 0, 1, 0, '2022-11-07 11:54:05', '2022-11-07 12:00:58', 1),
(35, 'Special Offer', 'special-offer', '<i class=\"append-icon fa fa-fw fa-circle-thin\"></i>', 0, 1, 1, '2023-01-19 20:40:49', '2023-01-19 20:46:54', 1),
(36, 'Category Offer ', 'offer', '<i class=\"append-icon fa fa-fw fa-circle-thin\"></i>', 1, 1, 0, '2023-01-19 20:42:58', NULL, 1);

-- --------------------------------------------------------

--
-- Table structure for table `testimonial`
--

CREATE TABLE `testimonial` (
  `testimonial_id` int(11) NOT NULL COMMENT 'unique id to identify the row of this table',
  `customer_name` varchar(45) DEFAULT NULL COMMENT 'customer name',
  `company_name` varchar(45) DEFAULT NULL COMMENT 'customer''s company name',
  `designation` varchar(100) DEFAULT NULL,
  `customer_review` text COMMENT 'customer''s review',
  `customer_image` varchar(45) DEFAULT NULL COMMENT 'image of the customer',
  `testimonial_date` timestamp NULL DEFAULT NULL COMMENT 'date the customer gave review',
  `created_by` int(11) DEFAULT NULL COMMENT 'id of user who inserted this data',
  `modified_by` int(11) DEFAULT NULL COMMENT 'id of user who updated this data',
  `created` timestamp NOT NULL DEFAULT CURRENT_TIMESTAMP COMMENT 'data inserted date',
  `modified` timestamp NOT NULL DEFAULT CURRENT_TIMESTAMP ON UPDATE CURRENT_TIMESTAMP COMMENT 'data updated date',
  `is_active` tinyint(1) NOT NULL DEFAULT '1' COMMENT 'field Is Active'
) ENGINE=InnoDB DEFAULT CHARSET=latin1 COMMENT='review details of client';

-- --------------------------------------------------------

--
-- Table structure for table `unit`
--

CREATE TABLE `unit` (
  `unit_id` int(11) NOT NULL,
  `unit_in` varchar(45) NOT NULL,
  `unit` varchar(45) NOT NULL,
  `created_by` int(11) NOT NULL,
  `modified_by` int(11) NOT NULL,
  `created` timestamp NOT NULL DEFAULT CURRENT_TIMESTAMP,
  `modified` timestamp NOT NULL DEFAULT '0000-00-00 00:00:00' ON UPDATE CURRENT_TIMESTAMP,
  `is_active` tinyint(4) NOT NULL DEFAULT '1'
) ENGINE=InnoDB DEFAULT CHARSET=latin1;

-- --------------------------------------------------------

--
-- Table structure for table `user`
--

CREATE TABLE `user` (
  `user_id` int(9) NOT NULL,
  `name` varchar(100) NOT NULL,
  `role_id` int(11) DEFAULT NULL,
  `email` varchar(100) NOT NULL,
  `username` varchar(45) NOT NULL,
  `password` varchar(100) NOT NULL,
  `profile_photo` text,
  `created` timestamp NOT NULL DEFAULT CURRENT_TIMESTAMP,
  `modified` timestamp NOT NULL DEFAULT '0000-00-00 00:00:00' ON UPDATE CURRENT_TIMESTAMP,
  `last_login` datetime NOT NULL,
  `last_logout` datetime NOT NULL,
  `is_active` tinyint(1) NOT NULL DEFAULT '1'
) ENGINE=InnoDB DEFAULT CHARSET=latin1;

--
-- Dumping data for table `user`
--

INSERT INTO `user` (`user_id`, `name`, `role_id`, `email`, `username`, `password`, `profile_photo`, `created`, `modified`, `last_login`, `last_logout`, `is_active`) VALUES
(1, 'Admin-bcc', 1, 'devloperproactii@gmail.com', 'admin', '21232f297a57a5a743894a0e4a801fc3', '1.jpg', '2022-04-13 00:35:19', '2023-01-30 16:39:32', '2023-01-30 22:09:32', '0000-00-00 00:00:00', 1);

-- --------------------------------------------------------

--
-- Table structure for table `vendor`
--

CREATE TABLE `vendor` (
  `vendor_id` int(11) NOT NULL,
  `unique_code` text,
  `name` varchar(100) DEFAULT NULL,
  `email` varchar(100) DEFAULT NULL,
  `phone` varchar(100) DEFAULT NULL,
  `password` varchar(100) DEFAULT NULL,
  `profile_photo` text,
  `role_id` int(11) DEFAULT NULL,
  `company` varchar(100) DEFAULT NULL,
  `gstin_no` varchar(100) DEFAULT NULL,
  `pan_no` varchar(100) DEFAULT NULL,
  `category` varchar(100) DEFAULT NULL,
  `address` varchar(100) DEFAULT NULL,
  `city` varchar(100) DEFAULT NULL,
  `state` varchar(100) DEFAULT NULL,
  `pin_code` int(11) DEFAULT NULL,
  `country` varchar(100) DEFAULT NULL,
  `bank_name` text,
  `branch_code` text,
  `ifsc_code` text,
  `accountno` text,
  `acc_holder_name` text,
  `created` timestamp NULL DEFAULT NULL,
  `modified` timestamp NULL DEFAULT NULL,
  `last_login` timestamp NULL DEFAULT NULL,
  `is_active` int(11) DEFAULT '1'
) ENGINE=InnoDB DEFAULT CHARSET=latin1;

--
-- Dumping data for table `vendor`
--

INSERT INTO `vendor` (`vendor_id`, `unique_code`, `name`, `email`, `phone`, `password`, `profile_photo`, `role_id`, `company`, `gstin_no`, `pan_no`, `category`, `address`, `city`, `state`, `pin_code`, `country`, `bank_name`, `branch_code`, `ifsc_code`, `accountno`, `acc_holder_name`, `created`, `modified`, `last_login`, `is_active`) VALUES
(1, 'VNKy8c75', 'Prachi Patel', 'prachi@gmail.com', '9898989898', 'e10adc3949ba59abbe56e057f20f883e', '1.png', 0, 'Company-1', '05ABDCE1234F1Z2', 'ABCTY1234D', '', 'Char Rasta', 'Vapi', 'Gujarat', 396321, 'IN', '', '', '', '', '', '2022-07-22 22:40:06', '2023-01-11 04:25:26', '2023-01-18 20:34:15', 1),
(2, 'VNE98q7y', 'Nitin', 'nitin@gmail.com', '9696969696', 'e10adc3949ba59abbe56e057f20f883e', '2.jpg', 0, 'Company-2', '05ABDCE1234F1Z2', 'ABCTY1234D', '', 'gunjan', 'vapi', 'gujarat', 396321, 'IN', '', '', '', '', '', '2022-07-22 22:57:16', '2023-01-10 04:30:42', '2023-01-16 18:47:31', 1),
(3, 'VNPKtEdV', 'Dainik', 'dainik@gmail.com', '7777777777', 'e10adc3949ba59abbe56e057f20f883e', '3.png', 0, 'Test', '05ABDCE1234F1Z2', 'ABCTY1234D', '', 'test,30 valsad', 'valsad', 'vapi', 3963001, 'IN', 'STATE BANK OF INDIA', '000037', 'SBIN0000037', '12345678910', 'Dainik Tandel', '2023-01-10 04:30:01', '0000-00-00 00:00:00', '2023-01-18 22:13:55', 1);

-- --------------------------------------------------------

--
-- Table structure for table `whish_list`
--

CREATE TABLE `whish_list` (
  `whish_list_id` int(11) NOT NULL,
  `customer_id` int(11) DEFAULT NULL,
  `product_id` int(11) DEFAULT NULL
) ENGINE=InnoDB DEFAULT CHARSET=latin1;

--
-- Dumping data for table `whish_list`
--

INSERT INTO `whish_list` (`whish_list_id`, `customer_id`, `product_id`) VALUES
(2, 1, 10),
(15, 6, 0),
(21, 1, 118),
(22, 1, 14),
(44, 6, 1),
(45, 1, 1);

--
-- Indexes for dumped tables
--

--
-- Indexes for table `attributes`
--
ALTER TABLE `attributes`
  ADD PRIMARY KEY (`attributes_id`);

--
-- Indexes for table `blog`
--
ALTER TABLE `blog`
  ADD PRIMARY KEY (`blog_id`);

--
-- Indexes for table `brand`
--
ALTER TABLE `brand`
  ADD PRIMARY KEY (`brand_id`);

--
-- Indexes for table `category`
--
ALTER TABLE `category`
  ADD PRIMARY KEY (`category_id`);

--
-- Indexes for table `coupon`
--
ALTER TABLE `coupon`
  ADD PRIMARY KEY (`coupon_id`);

--
-- Indexes for table `customer_address`
--
ALTER TABLE `customer_address`
  ADD PRIMARY KEY (`address_id`);

--
-- Indexes for table `customer_cart`
--
ALTER TABLE `customer_cart`
  ADD PRIMARY KEY (`cart_id`);

--
-- Indexes for table `customer_detail`
--
ALTER TABLE `customer_detail`
  ADD PRIMARY KEY (`customer_id`);

--
-- Indexes for table `delivery_status`
--
ALTER TABLE `delivery_status`
  ADD PRIMARY KEY (`delivery_status_id`);

--
-- Indexes for table `invoice_details`
--
ALTER TABLE `invoice_details`
  ADD PRIMARY KEY (`invoice_id`);

--
-- Indexes for table `menu_details`
--
ALTER TABLE `menu_details`
  ADD PRIMARY KEY (`menu_id`);

--
-- Indexes for table `offer`
--
ALTER TABLE `offer`
  ADD PRIMARY KEY (`offer_id`);

--
-- Indexes for table `orders`
--
ALTER TABLE `orders`
  ADD PRIMARY KEY (`order_id`);

--
-- Indexes for table `order_details`
--
ALTER TABLE `order_details`
  ADD PRIMARY KEY (`orderdetail_id`);

--
-- Indexes for table `parent_product_listing`
--
ALTER TABLE `parent_product_listing`
  ADD PRIMARY KEY (`parent_product_listing_id`);

--
-- Indexes for table `payment_details`
--
ALTER TABLE `payment_details`
  ADD PRIMARY KEY (`payment_id`);

--
-- Indexes for table `product_details`
--
ALTER TABLE `product_details`
  ADD PRIMARY KEY (`product_id`);

--
-- Indexes for table `product_elements`
--
ALTER TABLE `product_elements`
  ADD PRIMARY KEY (`element_id`);

--
-- Indexes for table `product_elements_attributes`
--
ALTER TABLE `product_elements_attributes`
  ADD PRIMARY KEY (`elements_attributes_id`);

--
-- Indexes for table `product_review`
--
ALTER TABLE `product_review`
  ADD PRIMARY KEY (`product_review_id`);

--
-- Indexes for table `recent_search`
--
ALTER TABLE `recent_search`
  ADD PRIMARY KEY (`recent_search_id`);

--
-- Indexes for table `recent_view`
--
ALTER TABLE `recent_view`
  ADD PRIMARY KEY (`recent_view_id`);

--
-- Indexes for table `return_list`
--
ALTER TABLE `return_list`
  ADD PRIMARY KEY (`return_list_id`);

--
-- Indexes for table `return_request`
--
ALTER TABLE `return_request`
  ADD PRIMARY KEY (`return_request_id`);

--
-- Indexes for table `role`
--
ALTER TABLE `role`
  ADD PRIMARY KEY (`role_id`);

--
-- Indexes for table `role_details`
--
ALTER TABLE `role_details`
  ADD PRIMARY KEY (`role_details_id`);

--
-- Indexes for table `slider`
--
ALTER TABLE `slider`
  ADD PRIMARY KEY (`slider_id`);

--
-- Indexes for table `specialoffer`
--
ALTER TABLE `specialoffer`
  ADD PRIMARY KEY (`offer_id`);

--
-- Indexes for table `stock`
--
ALTER TABLE `stock`
  ADD PRIMARY KEY (`stock_id`);

--
-- Indexes for table `stock_details`
--
ALTER TABLE `stock_details`
  ADD PRIMARY KEY (`stock_details_id`);

--
-- Indexes for table `submenu_details`
--
ALTER TABLE `submenu_details`
  ADD PRIMARY KEY (`submenu_id`);

--
-- Indexes for table `testimonial`
--
ALTER TABLE `testimonial`
  ADD PRIMARY KEY (`testimonial_id`);

--
-- Indexes for table `unit`
--
ALTER TABLE `unit`
  ADD PRIMARY KEY (`unit_id`);

--
-- Indexes for table `user`
--
ALTER TABLE `user`
  ADD PRIMARY KEY (`user_id`);

--
-- Indexes for table `vendor`
--
ALTER TABLE `vendor`
  ADD PRIMARY KEY (`vendor_id`);

--
-- Indexes for table `whish_list`
--
ALTER TABLE `whish_list`
  ADD PRIMARY KEY (`whish_list_id`);

--
-- AUTO_INCREMENT for dumped tables
--

--
-- AUTO_INCREMENT for table `attributes`
--
ALTER TABLE `attributes`
  MODIFY `attributes_id` int(11) NOT NULL AUTO_INCREMENT, AUTO_INCREMENT=156;

--
-- AUTO_INCREMENT for table `blog`
--
ALTER TABLE `blog`
  MODIFY `blog_id` int(11) NOT NULL AUTO_INCREMENT COMMENT 'unique id to identify the row of this table';

--
-- AUTO_INCREMENT for table `brand`
--
ALTER TABLE `brand`
  MODIFY `brand_id` int(9) NOT NULL AUTO_INCREMENT, AUTO_INCREMENT=85;

--
-- AUTO_INCREMENT for table `category`
--
ALTER TABLE `category`
  MODIFY `category_id` int(9) NOT NULL AUTO_INCREMENT, AUTO_INCREMENT=70;

--
-- AUTO_INCREMENT for table `coupon`
--
ALTER TABLE `coupon`
  MODIFY `coupon_id` int(11) NOT NULL AUTO_INCREMENT, AUTO_INCREMENT=3;

--
-- AUTO_INCREMENT for table `customer_address`
--
ALTER TABLE `customer_address`
  MODIFY `address_id` int(5) NOT NULL AUTO_INCREMENT, AUTO_INCREMENT=65;

--
-- AUTO_INCREMENT for table `customer_cart`
--
ALTER TABLE `customer_cart`
  MODIFY `cart_id` int(5) NOT NULL AUTO_INCREMENT, AUTO_INCREMENT=2;

--
-- AUTO_INCREMENT for table `customer_detail`
--
ALTER TABLE `customer_detail`
  MODIFY `customer_id` int(11) NOT NULL AUTO_INCREMENT, AUTO_INCREMENT=12;

--
-- AUTO_INCREMENT for table `delivery_status`
--
ALTER TABLE `delivery_status`
  MODIFY `delivery_status_id` int(11) NOT NULL AUTO_INCREMENT COMMENT 'delivery status unique identification number', AUTO_INCREMENT=5;

--
-- AUTO_INCREMENT for table `invoice_details`
--
ALTER TABLE `invoice_details`
  MODIFY `invoice_id` int(7) NOT NULL AUTO_INCREMENT;

--
-- AUTO_INCREMENT for table `menu_details`
--
ALTER TABLE `menu_details`
  MODIFY `menu_id` int(11) NOT NULL AUTO_INCREMENT, AUTO_INCREMENT=18;

--
-- AUTO_INCREMENT for table `offer`
--
ALTER TABLE `offer`
  MODIFY `offer_id` int(11) NOT NULL AUTO_INCREMENT, AUTO_INCREMENT=9;

--
-- AUTO_INCREMENT for table `orders`
--
ALTER TABLE `orders`
  MODIFY `order_id` int(5) NOT NULL AUTO_INCREMENT, AUTO_INCREMENT=8;

--
-- AUTO_INCREMENT for table `order_details`
--
ALTER TABLE `order_details`
  MODIFY `orderdetail_id` int(7) NOT NULL AUTO_INCREMENT, AUTO_INCREMENT=8;

--
-- AUTO_INCREMENT for table `parent_product_listing`
--
ALTER TABLE `parent_product_listing`
  MODIFY `parent_product_listing_id` int(11) NOT NULL AUTO_INCREMENT, AUTO_INCREMENT=25;

--
-- AUTO_INCREMENT for table `payment_details`
--
ALTER TABLE `payment_details`
  MODIFY `payment_id` int(7) NOT NULL AUTO_INCREMENT, AUTO_INCREMENT=8;

--
-- AUTO_INCREMENT for table `product_details`
--
ALTER TABLE `product_details`
  MODIFY `product_id` int(9) NOT NULL AUTO_INCREMENT, AUTO_INCREMENT=140;

--
-- AUTO_INCREMENT for table `product_elements`
--
ALTER TABLE `product_elements`
  MODIFY `element_id` int(11) NOT NULL AUTO_INCREMENT, AUTO_INCREMENT=11;

--
-- AUTO_INCREMENT for table `product_elements_attributes`
--
ALTER TABLE `product_elements_attributes`
  MODIFY `elements_attributes_id` int(11) NOT NULL AUTO_INCREMENT, AUTO_INCREMENT=696;

--
-- AUTO_INCREMENT for table `product_review`
--
ALTER TABLE `product_review`
  MODIFY `product_review_id` int(11) NOT NULL AUTO_INCREMENT;

--
-- AUTO_INCREMENT for table `recent_search`
--
ALTER TABLE `recent_search`
  MODIFY `recent_search_id` bigint(20) NOT NULL AUTO_INCREMENT, AUTO_INCREMENT=16;

--
-- AUTO_INCREMENT for table `recent_view`
--
ALTER TABLE `recent_view`
  MODIFY `recent_view_id` int(11) NOT NULL AUTO_INCREMENT, AUTO_INCREMENT=75;

--
-- AUTO_INCREMENT for table `return_list`
--
ALTER TABLE `return_list`
  MODIFY `return_list_id` int(11) NOT NULL AUTO_INCREMENT, AUTO_INCREMENT=2;

--
-- AUTO_INCREMENT for table `return_request`
--
ALTER TABLE `return_request`
  MODIFY `return_request_id` int(11) NOT NULL AUTO_INCREMENT, AUTO_INCREMENT=3;

--
-- AUTO_INCREMENT for table `role`
--
ALTER TABLE `role`
  MODIFY `role_id` int(11) NOT NULL AUTO_INCREMENT, AUTO_INCREMENT=4;

--
-- AUTO_INCREMENT for table `role_details`
--
ALTER TABLE `role_details`
  MODIFY `role_details_id` int(11) NOT NULL AUTO_INCREMENT, AUTO_INCREMENT=571;

--
-- AUTO_INCREMENT for table `slider`
--
ALTER TABLE `slider`
  MODIFY `slider_id` int(11) NOT NULL AUTO_INCREMENT, AUTO_INCREMENT=3;

--
-- AUTO_INCREMENT for table `specialoffer`
--
ALTER TABLE `specialoffer`
  MODIFY `offer_id` int(11) NOT NULL AUTO_INCREMENT, AUTO_INCREMENT=2;

--
-- AUTO_INCREMENT for table `stock`
--
ALTER TABLE `stock`
  MODIFY `stock_id` int(7) NOT NULL AUTO_INCREMENT COMMENT 'unique identification number';

--
-- AUTO_INCREMENT for table `stock_details`
--
ALTER TABLE `stock_details`
  MODIFY `stock_details_id` int(7) NOT NULL AUTO_INCREMENT COMMENT 'unique identification number', AUTO_INCREMENT=5;

--
-- AUTO_INCREMENT for table `submenu_details`
--
ALTER TABLE `submenu_details`
  MODIFY `submenu_id` int(10) NOT NULL AUTO_INCREMENT, AUTO_INCREMENT=37;

--
-- AUTO_INCREMENT for table `testimonial`
--
ALTER TABLE `testimonial`
  MODIFY `testimonial_id` int(11) NOT NULL AUTO_INCREMENT COMMENT 'unique id to identify the row of this table';

--
-- AUTO_INCREMENT for table `unit`
--
ALTER TABLE `unit`
  MODIFY `unit_id` int(11) NOT NULL AUTO_INCREMENT;

--
-- AUTO_INCREMENT for table `user`
--
ALTER TABLE `user`
  MODIFY `user_id` int(9) NOT NULL AUTO_INCREMENT, AUTO_INCREMENT=2;

--
-- AUTO_INCREMENT for table `vendor`
--
ALTER TABLE `vendor`
  MODIFY `vendor_id` int(11) NOT NULL AUTO_INCREMENT, AUTO_INCREMENT=4;

--
-- AUTO_INCREMENT for table `whish_list`
--
ALTER TABLE `whish_list`
  MODIFY `whish_list_id` int(11) NOT NULL AUTO_INCREMENT, AUTO_INCREMENT=46;
COMMIT;

/*!40101 SET CHARACTER_SET_CLIENT=@OLD_CHARACTER_SET_CLIENT */;
/*!40101 SET CHARACTER_SET_RESULTS=@OLD_CHARACTER_SET_RESULTS */;
/*!40101 SET COLLATION_CONNECTION=@OLD_COLLATION_CONNECTION */;
